Workbook

Sheet ENERO
A4: Establecimiento de Salud informante: | B4: HOSPITAL REGIONAL DE LORETO | K4: Mes: | L4: ENERO
A6: Código Renaes: | B6: 3 | K6: Año: | L6: 2026
A9: PATOLOGÍA CLÍNICA | B9: TOTAL | J9: ANATOMÍA PATOLÓGICA | K9: TOTAL
B10: Hospitaliz | C10: Emergenc | D10: C. Externa | E10: Privado | F10: Convenio | G10: Insolvencia | H10: TOTAL | K10: Hospitaliz | L10: Emergenc | M10: C. Externa | N10: Privado | O10: Convenio | P10: Insolvencia | Q10: TOTAL
A11: TOTAL DE EXAMENES LABORATORIO | B11: =B12+B51+B69+B82+B95+K11+K28+K41 -> 15321 | C11: =C12+C51+C69+C82+C95+L11+L28+L41 -> 16807 | D11: =D12+D51+D69+D82+D95+M11+M28+M41 -> 15534 | E11: =E12+E51+E69+E82+E95+N11+N28+N41 -> 627 | F11: =F12+F51+F69+F82+F95+O11+O28+O41 -> 500 | G11: =G12+G51+G69+G82+G95+P11+P28+P41 -> 34 | H11: =SUM(B11:G11) -> 48823 | J11: TOTAL EXAMENES ANATOMIA PATOLOGICA | K11: =SUM(K12:K23) -> 994 | L11: =SUM(L12:L23) -> 0 | M11: =SUM(M12:M23) -> 976 | N11: =SUM(N12:N23) -> 1 | O11: =SUM(O12:O23) -> 1 | P11: =SUM(P12:P23) -> 0 | Q11: =SUM(K11:P11) -> 1972
A12: TOTAL EXAMENES BIOQUÍMICOS | B12: =SUM(B13:B50) -> 9011 | C12: =SUM(C13:C50) -> 9489 | D12: =SUM(D13:D50) -> 8246 | E12: =SUM(E13:E50) -> 416 | F12: =SUM(F13:F50) -> 329 | G12: =SUM(G13:G50) -> 20 | H12: =SUM(B12:G12) -> 27511 | J12: TOTAL EXAMENES CITOLÓGICOS (PAP) | K12: 0 | L12: 0 | M12: 18 | N12: 1 | O12: 0 | P12: 0 | Q12: =SUM(K12:P12) -> 19
A13: ACIDO URICO | B13: 17 | C13: 2 | D13: 109 | E13: 1 | F13: 8 | G13: 0 | H13: =SUM(B13:G13) -> 137 | J13: TOTAL BAAF | K13: 1 | L13: 0 | M13: 8 | N13: 0 | O13: 0 | P13: 0 | Q13: =SUM(K13:P13) -> 9
A14: CALCIO | B14: 30 | C14: 1 | D14: 39 | E14: 1 | F14: 0 | G14: 0 | H14: =SUM(B14:G14) -> 71 | J14: TOTAL EXAMENES HISTOPATOLÓGICOS (Biopsia) | K14: 15 | L14: 0 | M14: 127 | N14: 0 | O14: 1 | P14: 0 | Q14: =SUM(K14:P14) -> 143
A15: AMILASA | B15: 35 | C15: 131 | D15: 27 | E15: 2 | F15: 0 | G15: 0 | H15: =SUM(B15:G15) -> 195 | J15: TOTAL PIEZA QUIRURGICA (HISTOLOGIA) | K15: 71 | L15: 0 | M15: 16 | N15: 0 | O15: 0 | P15: 0 | Q15: =SUM(K15:P15) -> 87
A16: GLUCOSA | B16: 944 | C16: 1644 | D16: 1005 | E16: 82 | F16: 35 | G16: 5 | H16: =SUM(B16:G16) -> 3715 | J16: TOTAL CITOLOGIA ESPECIAL | K16: 5 | L16: 0 | M16: 3 | N16: 0 | O16: 0 | P16: 0 | Q16: =SUM(K16:P16) -> 8
A17: GLUCOSA POST PRANDIAL | B17: 0 | C17: 0 | D17: 45 | E17: 0 | F17: 3 | G17: 0 | H17: =SUM(B17:G17) -> 48 | J17: TOTAL DE TEJIDOS INCLUIDOS | K17: 300 | L17: 0 | M17: 268 | N17: 0 | O17: 0 | P17: 0 | Q17: =SUM(K17:P17) -> 568
A18: FOSFORO | B18: 9 | C18: 0 | D18: 9 | E18: 0 | F18: 0 | G18: 0 | H18: =SUM(B18:G18) -> 18 | J18: TOTAL DE CORTES DE TEJIDOS | K18: 300 | L18: 0 | M18: 268 | N18: 0 | O18: 0 | P18: 0 | Q18: =SUM(K18:P18) -> 568
A19: HEMOGLOBINA GLICOSILADA | B19: 59 | C19: 15 | D19: 192 | E19: 13 | F19: 10 | G19: 0 | H19: =SUM(B19:G19) -> 289 | J19: TOTAL DE LÁMINAS MONTADAS | K19: 300 | L19: 0 | M19: 268 | N19: 0 | O19: 0 | P19: 0 | Q19: =SUM(K19:P19) -> 568
A20: TOLERANCIA A LA GLUCOSA | B20: 5 | C20: 0 | D20: 40 | F20: 1 | G20: 0 | H20: =SUM(B20:G20) -> 46 | J20: TOTAL DE HISTOQUIMICA | K20: 2 | L20: 0 | M20: 0 | N20: 0 | O20: 0 | P20: 0 | Q20: =SUM(K20:P20) -> 2
A21: CREATININA | B21: 836 | C21: 1242 | D21: 803 | E21: 55 | F21: 33 | G21: 0 | H21: =SUM(B21:G21) -> 2969 | J21: TOTAL DE INMUNOHISTOQUIMICA | K21: 0 | L21: 0 | M21: 0 | N21: 0 | O21: 0 | P21: 0 | Q21: =SUM(K21:P21) -> 0
A22: DEPURACION DE CREATININA | B22: 3 | C22: 0 | D22: 9 | E22: 0 | F22: 0 | G22: 0 | H22: =SUM(B22:G22) -> 12 | J22: TOTAL AUTOPSIA MÉDICO LEGAL | K22: 0 | L22: 0 | M22: 0 | N22: 0 | O22: 0 | P22: 0 | Q22: =SUM(K22:P22) -> 0
A23: MICROALBUMINURIA | B23: 1 | C23: 0 | D23: 14 | E23: 0 | F23: 0 | G23: 0 | H23: =SUM(B23:G23) -> 15 | J23: TOTAL AUTOPSIA CLÍNICA | K23: 0 | L23: 0 | M23: 0 | N23: 0 | O23: 0 | P23: 0 | Q23: =SUM(K23:P23) -> 0
A24: UREA | B24: 850 | C24: 1318 | D24: 892 | E24: 62 | F24: 32 | G24: 1 | H24: =SUM(B24:G24) -> 3155
A25: PROTEINURIA 24 HORAS | B25: 21 | C25: 0 | D25: 50 | E25: 3 | F25: 2 | G25: 0 | H25: =SUM(B25:G25) -> 76
A26: BILIRRUBINA TOTAL | B26: 773 | C26: 524 | D26: 422 | E26: 4 | F26: 13 | G26: 0 | H26: =SUM(B26:G26) -> 1736 | J26: PROGRAMAS / METAXENICAS | K26: TOTAL
A27: BILIRRUBINA DIRECTA | B27: 648 | C27: 318 | D27: 472 | E27: 4 | F27: 13 | G27: 1 | H27: =SUM(B27:G27) -> 1456 | K27: Hospitaliz | L27: Emergenc | M27: C. Externa | N27: Privado | O27: Convenio | P27: Insolvencia | Q27: TOTAL
A28: PROTEINAS TOTAL | B28: 537 | C28: 321 | D28: 446 | E28: 15 | F28: 21 | G28: 0 | H28: =SUM(B28:G28) -> 1340 | J28: TOTAL DE EXAMENES | K28: =SUM(K29:K37) -> 66 | L28: =SUM(L29:L37) -> 209 | M28: =SUM(M29:M37) -> 130 | N28: =SUM(N29:N37) -> 0 | O28: =SUM(O29:O37) -> 0 | P28: =SUM(P29:P37) -> 0 | Q28: =SUM(K28:P28) -> 405
A29: ALBUMINA | B29: 653 | C29: 340 | D29: 529 | E29: 5 | F29: 21 | G29: 1 | H29: =SUM(B29:G29) -> 1549 | J29: TUBERCULOSIS | K29: 33 | L29: 0 | M29: 70 | N29: 0 | O29: 0 | P29: 0 | Q29: =SUM(K29:P29) -> 103
A30: TGO | B30: 772 | C30: 774 | D30: 689 | E30: 25 | F30: 24 | G30: 1 | H30: =SUM(B30:G30) -> 2285 | J30: LEISHMANIA | K30: 0 | L30: 0 | N30: 0 | O30: 0 | P30: 0 | Q30: =SUM(K30:P30) -> 0
A31: TGP | B31: 761 | C31: 722 | D31: 686 | E31: 26 | F31: 24 | G31: 1 | H31: =SUM(B31:G31) -> 2220 | J31: PROGRAMA LEPRAE | K31: 0 | L31: 0 | M31: 6 | N31: 0 | O31: 0 | P31: 0 | Q31: =SUM(K31:P31) -> 6
A32: GGTP | B32: 111 | C32: 0 | D32: 16 | E32: 1 | F32: 0 | G32: 0 | H32: =SUM(B32:G32) -> 128 | J32: MALARIA | K32: 29 | L32: 185 | M32: 6 | N32: 0 | O32: 0 | P32: 0 | Q32: =SUM(K32:P32) -> 220
A33: LACTATO DESHIDROGENASA (DHL) | B33: 259 | C33: 186 | D33: 52 | E33: 2 | F33: 3 | G33: 1 | H33: =SUM(B33:G33) -> 503 | J33: METAXENICAS (REFERENCIAL) | K33: 0 | L33: 0 | M33: 26 | N33: 0 | O33: 0 | P33: 0 | Q33: =SUM(K33:P33) -> 26
A34: PROTEINA C REACTIVA (CUANTITATIVO) | B34: 96 | C34: 82 | D34: 82 | E34: 3 | F34: 2 | G34: 0 | H34: =SUM(B34:G34) -> 265 | J34: CULTIVO DE TB (REFERENCIAL) | K34: 0 | L34: 0 | M34: 22 | N34: 0 | O34: 0 | P34: 0 | Q34: =SUM(K34:P34) -> 22
A35: FOSFATASA ALCALINA | B35: 619 | C35: 458 | D35: 466 | E35: 14 | F35: 11 | G35: 1 | H35: =SUM(B35:G35) -> 1569 | J35: PRUEBA RAPIDA DE DENGUE | K35: 0 | L35: 12 | M35: 0 | N35: 0 | O35: 0 | P35: 0 | Q35: =SUM(K35:P35) -> 12
A36: CPK TOTAL | B36: 0 | C36: 0 | D36: 0 | E36: 0 | F36: 0 | G36: 0 | H36: =SUM(B36:G36) -> 0 | J36: PRUEBA RÁPIDA DE LEPTOSPIRA | K36: 4 | L36: 12 | M36: 0 | N36: 0 | O36: 0 | P36: 0 | Q36: =SUM(K36:P36) -> 16
A37: CPK MB | B37: 13 | C37: 19 | D37: 0 | E37: 0 | F37: 0 | G37: 0 | H37: =SUM(B37:G37) -> 32 | J37: PRUEBA RAPIDA DE COVID + INFLUENZA | K37: 0 | L37: 0 | M37: 0 | N37: 0 | O37: 0 | P37: 0 | Q37: =SUM(K37:P37) -> 0
A38: COLESTEROL | B38: 95 | C38: 6 | D38: 360 | E38: 26 | F38: 22 | G38: 4 | H38: =SUM(B38:G38) -> 513
A39: TRIGLICERIDOS | B39: 96 | C39: 6 | D39: 371 | E39: 29 | F39: 22 | G39: 4 | H39: =SUM(B39:G39) -> 528 | J39: BANCO DE SANGRE | K39: TOTAL
A40: HDLc | B40: 22 | C40: 2 | D40: 177 | E40: 2 | F40: 11 | G40: 0 | H40: =SUM(B40:G40) -> 214 | K40: Hospitaliz | L40: Emergenc | M40: C. Externa | N40: Privado | O40: Convenio | P40: Insolvencia | Q40: TOTAL
A41: LDLc | B41: 10 | C41: 0 | D41: 80 | E41: 0 | F41: 11 | G41: 0 | H41: =SUM(B41:G41) -> 101 | J41: TOTAL DE UNIDADES ENTREGADAS | K41: =SUM(K42:K49) -> 649 | L41: =SUM(L42:L49) -> 291 | M41: =SUM(M42:M49) -> 2 | N41: =SUM(N42:N49) -> 0 | O41: =SUM(O42:O49) -> 0 | P41: =SUM(P42:P49) -> 0 | Q41: =SUM(K41:P41) -> 942
A42: ASO | B42: 0 | C42: 0 | D42: 2 | E42: 1 | F42: 0 | G42: 0 | H42: =SUM(B42:G42) -> 3 | J42: SANGRE TOTAL | K42: 0 | L42: 0 | M42: 0 | N42: 0 | O42: 0 | P42: 0 | Q42: =SUM(K42:P42) -> 0
A43: FACTOR REUMATOIDEO | B43: 7 | C43: 1 | D43: 25 | E43: 0 | F43: 1 | G43: 0 | H43: =SUM(B43:G43) -> 34 | J43: GLOBULOS ROJOS | K43: 168 | L43: 76 | M43: 1 | N43: 0 | O43: 0 | P43: 0 | Q43: =SUM(K43:P43) -> 245
A44: HIERRO | B44: 18 | C44: 0 | D44: 0 | E44: 15 | F44: 0 | G44: 0 | H44: =SUM(B44:G44) -> 33 | J44: PLASMA FRESCO CONGELADO | K44: 12 | L44: 15 | M44: 0 | N44: 0 | O44: 0 | P44: 0 | Q44: =SUM(K44:P44) -> 27
A45: LIPASA | B45: 0 | C45: 6 | D45: 0 | E45: 0 | F45: 0 | G45: 0 | H45: =SUM(B45:G45) -> 6 | J45: CRIOPRECIPITADO | K45: 8 | L45: 4 | M45: 0 | N45: 0 | O45: 0 | P45: 0 | Q45: =SUM(K45:P45) -> 12
A46: TRANSFERRINA | B46: 10 | C46: 0 | D46: 7 | E46: 0 | F46: 0 | G46: 0 | H46: =SUM(B46:G46) -> 17 | J46: PLAQUETAS | K46: 28 | L46: 13 | M46: 0 | N46: 0 | O46: 0 | P46: 0 | Q46: =SUM(K46:P46) -> 41
A47: COMPLEMENTO C3 | B47: 0 | C47: 0 | D47: 0 | E47: 0 | F47: 0 | G47: 0 | H47: =SUM(B47:G47) -> 0 | J47: GRUPO SANGUINEO ABO EN GEL | K47: 194 | L47: 83 | M47: 1 | N47: 0 | O47: 0 | P47: 0 | Q47: =SUM(K47:P47) -> 278
A48: COMPLEMENTO C4 | B48: 11 | C48: 0 | D48: 33 | E48: 1 | F48: 0 | G48: 0 | H48: =SUM(B48:G48) -> 45 | J48: PRUEBA CRUZADA MAYOR | K48: 221 | L48: 81 | M48: 0 | N48: 0 | O48: 0 | P48: 0 | Q48: =SUM(K48:P48) -> 302
A49: GASES ARTERIALES | B49: 0 | C49: 533 | D49: 0 | E49: 1 | F49: 0 | G49: 0 | H49: =SUM(B49:G49) -> 534 | J49: PRUEBA CRUZADA MENOR | K49: 18 | L49: 19 | M49: 0 | N49: 0 | O49: 0 | P49: 0 | Q49: =SUM(K49:P49) -> 37
A50: ELECTROLITOS | B50: 690 | C50: 838 | D50: 97 | E50: 23 | F50: 6 | G50: 0 | H50: =SUM(B50:G50) -> 1654
A51: TOTAL EXAMENES HEMATOLÓGICOS -HEMOSTASICOS | B51: =SUM(B52:B68) -> 2888 | C51: =SUM(C52:C68) -> 5194 | D51: =SUM(D52:D68) -> 3077 | E51: =SUM(E52:E68) -> 134 | F51: =SUM(F52:F68) -> 99 | G51: =SUM(G52:G68) -> 14 | H51: =SUM(B51:G51) -> 11406
A52: HEMATOCRITO | B52: 373 | C52: 98 | D52: 33 | E52: 0 | F52: 1 | G52: 0 | H52: =SUM(B52:G52) -> 505 | J52: TOTAL DE ATENCIONES EN EL DEPARTAMENTO DE PATOLOGIA CLÍNICA Y ANATOMIA PATOLOGICA
A53: HEMOGLOBINA | B53: 3 | C53: 1 | D53: 20 | E53: 0 | F53: 0 | G53: 0 | H53: =SUM(B53:G53) -> 24 | J53: PROGRAMAS DE SALUD OPORTUNOS PARA LA POBLACION | Q53: TOTAL
A54: HEMOGRAMA AUTOMATIZADO | B54: 850 | C54: 2305 | D54: 1230 | E54: 71 | F54: 42 | G54: 5 | H54: =SUM(B54:G54) -> 4503 | J54: PROGRAMACION, SEGUIMIENTO Y EVALUACION DE ACTIVIDADES | Q54: 3
A55: PLAQUETAS | B55: 9 | C55: 2 | D55: 5 | E55: 0 | F55: 0 | G55: 0 | H55: =SUM(B55:G55) -> 16 | J55: EXAMEN DE PROCEDIMIENTO BIOQUÍMICO | Q55: =(H12) -> 27511
A56: TC & TS | B56: 171 | C56: 780 | D56: 376 | E56: 9 | F56: 7 | G56: 1 | H56: =SUM(B56:G56) -> 1344 | J56: EXAMEN DE PROCEDIMIENTO HEMATOLÓGICO - HEMOSTASICOS | Q56: =(H51) -> 11406
A57: VSG | B57: 93 | C57: 4 | D57: 43 | E57: 0 | F57: 2 | G57: 0 | H57: =SUM(B57:G57) -> 142 | J57: EXAMEN DE PROCEDIMIENTOS MICROBIOLÓGICOS | Q57: =(H69) -> 856
A58: TEST COOMBS DIRECTO | B58: 11 | C58: 5 | D58: 5 | E58: 0 | F58: 0 | G58: 1 | H58: =SUM(B58:G58) -> 22 | J58: EXAMEN DE PROCEDIMIENTOS UROPARASITOLÓGICOS | Q58: =H82 -> 1701
A59: TEST DE COOMBS INDIRECTO | B59: 0 | C59: 0 | D59: 0 | E59: 0 | F59: 0 | G59: 0 | H59: =SUM(B59:G59) -> 0 | J59: EXAMEN DE PROCEDIMIENTOS INMUNOLÓGICOS | Q59: =H95 -> 4030
A60: GRUPO Y FACTOR | B60: 331 | C60: 851 | D60: 413 | E60: 17 | F60: 10 | G60: 1 | H60: =SUM(B60:G60) -> 1623 | J60: EXAMEN DE PROCEDIMIENTO ANATOMO PATOLÓGICO | Q60: =Q11 -> 1972
A61: LAMINA PERIFERICA | B61: 20 | C61: 13 | D61: 17 | E61: 0 | F61: 1 | G61: 1 | H61: =SUM(B61:G61) -> 52 | J61: EXAMEN DE PROGRAMAS | Q61: =Q28 -> 405
A62: CONSTANTES CORPUSCULARES | B62: 0 | C62: 0 | D62: 0 | E62: 0 | F62: 0 | G62: 0 | H62: =SUM(B62:G62) -> 0 | J62: UNIDADES DE BANCO DE SANGRE | Q62: =Q41 -> 942
A63: RETICULOCITOS | B63: 19 | C63: 4 | D63: 8 | E63: 0 | F63: 0 | G63: 1 | H63: =SUM(B63:G63) -> 32 | P63: TOTAL | Q63: =SUM(Q54:Q62) -> 48826
A64: TIEMPO DE TROMBOPLASTINA | B64: 132 | C64: 111 | D64: 45 | E64: 1 | F64: 0 | G64: 0 | H64: =SUM(B64:G64) -> 289
A65: TIEMPO DE PROTROMBINA | B65: 438 | C65: 510 | D65: 441 | E65: 18 | F65: 18 | G65: 2 | H65: =SUM(B65:G65) -> 1427
A66: INR | B66: 438 | C66: 510 | D66: 441 | E66: 18 | F66: 18 | G66: 2 | H66: =SUM(B66:G66) -> 1427
A67: FIBRINOGENO | B67: 0 | C67: 0 | D67: 0 | E67: 0 | F67: 0 | G67: 0 | H67: =SUM(B67:G67) -> 0
A68: DIMERO D | B68: 0 | C68: 0 | D68: 0 | E68: 0 | F68: 0 | G68: 0 | H68: =SUM(B68:G68) -> 0
A69: TOTAL EXAMENES MICROBIOLOGIA | B69: =SUM(B70:B81) -> 626 | C69: =SUM(C70:C81) -> 34 | D69: =SUM(D70:D81) -> 179 | E69: =SUM(E70:E81) -> 17 | F69: =SUM(F70:F81) -> 0 | G69: =SUM(G70:G81) -> 0 | H69: =SUM(B69:G69) -> 856
A70: UROCULTIVO | B70: 111 | C70: 11 | D70: 135 | E70: 5 | F70: 0 | G70: 0 | H70: =SUM(B70:G70) -> 262
A71: HEMOCULTIVO | B71: 205 | C71: 21 | D71: 10 | E71: 0 | F71: 0 | G71: 0 | H71: =SUM(B71:G71) -> 236
A72: CULTIVO DE CATETER | B72: 0 | C72: 0 | D72: 0 | E72: 0 | F72: 0 | G72: 0 | H72: =SUM(B72:G72) -> 0
A73: CULTIVO DE SECRECION | B73: 89 | C73: 1 | D73: 9 | E73: 8 | F73: 0 | G73: 0 | H73: =SUM(B73:G73) -> 107
A74: CITOQUIMICO | B74: 32 | C74: 0 | D74: 2 | E74: 0 | F74: 0 | G74: 0 | H74: =SUM(B74:G74) -> 34
A75: COPROCULTIVO | B75: 11 | C75: 1 | D75: 3 | E75: 0 | F75: 0 | G75: 0 | H75: =SUM(B75:G75) -> 15
A76: COLORACIÓN GRAM (Secrec.Vaginal y Otros) | B76: 52 | C76: 0 | D76: 5 | E76: 0 | F76: 0 | G76: 0 | H76: =SUM(B76:G76) -> 57
A77: KOH -HONGOS | B77: 12 | C77: 0 | D77: 8 | E77: 2 | F77: 0 | G77: 0 | H77: =SUM(B77:G77) -> 22
A78: CULTIVO DE HONGOS | B78: 31 | C78: 0 | D78: 3 | E78: 1 | F78: 0 | G78: 0 | H78: =SUM(B78:G78) -> 35
A79: TINTA CHINA | B79: 12 | C79: 0 | D79: 0 | E79: 0 | F79: 0 | G79: 0 | H79: =SUM(B79:G79) -> 12
A80: PH LÍQUIDOS CORPORALES | B80: 29 | C80: 0 | D80: 2 | E80: 0 | F80: 0 | G80: 0 | H80: =SUM(B80:G80) -> 31
A81: BACILOSCOPIA DE LÍQUIDOS CORPORALES | B81: 42 | C81: 0 | D81: 2 | E81: 1 | F81: 0 | G81: 0 | H81: =SUM(B81:G81) -> 45
A82: TOTAL EXAMENES URO -PARASITOLÓGICOS | B82: =SUM(B83:B94) -> 152 | C82: =SUM(C83:C94) -> 712 | D82: =SUM(D83:D94) -> 801 | E82: =SUM(E83:E94) -> 34 | F82: =SUM(F83:F94) -> 2 | G82: =SUM(G83:G94) -> 0 | H82: =SUM(B82:G82) -> 1701
A83: HECES SERIADO | B83: 10 | C83: 0 | D83: 65 | E83: 3 | F83: 0 | G83: 0 | H83: =SUM(B83:G83) -> 78
A84: COPROPARASITOLOGICO FUNCIONAL | B84: 13 | C84: 0 | D84: 59 | E84: 5 | F84: 0 | G84: 0 | H84: =SUM(B84:G84) -> 77
A85: RX INFLAMATORIA | B85: 2 | C85: 68 | D85: 5 | E85: 0 | F85: 0 | G85: 0 | H85: =SUM(B85:G85) -> 75
A86: THEVENON HECES | B86: 22 | C86: 0 | D86: 165 | E86: 1 | F86: 0 | G86: 0 | H86: =SUM(B86:G86) -> 188
A87: SUDAN | B87: 0 | C87: 0 | D87: 0 | E87: 0 | F87: 0 | G87: 0 | H87: =SUM(B87:G87) -> 0
A88: BENEDICT | B88: 0 | C88: 0 | D88: 0 | E88: 0 | F88: 0 | G88: 0 | H88: =SUM(B88:G88) -> 0
A89: EXÁMEN COMPLETO DE ORINA | B89: 83 | C89: 628 | D89: 401 | E89: 23 | F89: 1 | G89: 0 | H89: =SUM(B89:G89) -> 1136
A90: TEST GRAHAM | B90: 2 | C90: 0 | D90: 0 | E90: 0 | F90: 0 | G90: 0 | H90: =SUM(B90:G90) -> 2
A91: METODO DE CONCENTRACIÓN (BAERMANN) | B91: 1 | C91: 0 | D91: 1 | E91: 0 | F91: 1 | G91: 0 | H91: =SUM(B91:G91) -> 3
A92: EXAMEN DIRECTO DE HECES | B92: 13 | C92: 16 | D92: 103 | E92: 2 | F92: 0 | G92: 0 | H92: =SUM(B92:G92) -> 134
A93: ANTIGENO H. PYLORI EN HECES | B93: 0 | C93: 0 | D93: 0 | E93: 0 | F93: 0 | G93: 0 | H93: =SUM(B93:G93) -> 0
A94: ADENOVIRUS & ROTAVIRUS | B94: 6 | C94: 0 | D94: 2 | E94: 0 | F94: 0 | G94: 0 | H94: =SUM(B94:G94) -> 8
A95: TOTAL EXAMENES INMUNO SEROLÓGICOS | B95: =SUM(B96:B155) -> 935 | C95: =SUM(C96:C155) -> 878 | D95: =SUM(D96:D155) -> 2123 | E95: =SUM(E96:E155) -> 25 | F95: =SUM(F96:F155) -> 69 | G95: =SUM(G96:G155) -> 0 | H95: =SUM(B95:G95) -> 4030
A96: RPR | B96: 54 | C96: 142 | D96: 164 | E96: 2 | F96: 1 | G96: 0 | H96: =SUM(B96:G96) -> 363
A97: VDRL | B97: 0 | C97: 0 | D97: 0 | E97: 0 | F97: 0 | G97: 0 | H97: =SUM(B97:G97) -> 0
A98: AGLUTINACIONES | B98: 0 | C98: 0 | D98: 0 | E98: 0 | F98: 0 | G98: 0 | H98: =SUM(B98:G98) -> 0
A99: ROSA DE BENGALA | B99: 0 | C99: 0 | D99: 0 | E99: 0 | F99: 0 | G99: 0 | H99: =SUM(B99:G99) -> 0
A100: ANTI MIELOPEROXIDASA (MPO) | B100: 0 | C100: 0 | D100: 0 | E100: 0 | F100: 0 | G100: 0 | H100: =SUM(B100:G100) -> 0
A101: ANTI PROTEINASA 3 (PR3) | B101: 0 | C101: 0 | D101: 0 | E101: 0 | F101: 0 | G101: 0 | H101: =SUM(B101:G101) -> 0
A102: ANTI CARDIOLIPINA | B102: 0 | C102: 0 | D102: 4 | E102: 0 | F102: 0 | G102: 0 | H102: =SUM(B102:G102) -> 4
A103: ANTI B2-GLICOPROTEINA | B103: 2 | C103: 0 | D103: 2 | E103: 0 | F103: 0 | G103: 0 | H103: =SUM(B103:G103) -> 4
A104: ANTI M2-3E (AMA) | B104: 8 | C104: 0 | D104: 0 | E104: 0 | F104: 0 | G104: 0 | H104: =SUM(B104:G104) -> 8
A105: ANA (ELISA) | B105: 0 | C105: 0 | D105: 0 | E105: 0 | F105: 0 | G105: 0 | H105: =SUM(B105:G105) -> 0
A106: HELICOBACTER PILORY IGM | B106: 0 | C106: 0 | D106: 6 | E106: 0 | F106: 0 | G106: 0 | H106: =SUM(B106:G106) -> 6
...

Sheet FEBRERO
A4: Establecimiento de Salud informante: | B4: HOSPITAL REGIONAL DE LORETO | K4: Mes: | L4: FEBRERO
A6: Código Renaes: | B6: 3 | K6: Año: | L6: 2026
A9: PATOLOGÍA CLÍNICA | B9: TOTAL | J9: ANATOMÍA PATOLÓGICA | K9: TOTAL
B10: Hospitaliz | C10: Emergenc | D10: C. Externa | E10: Privado | F10: Convenio | G10: Insolvencia | H10: TOTAL | K10: Hospitaliz | L10: Emergenc | M10: C. Externa | N10: Privado | O10: Convenio | P10: Insolvencia | Q10: TOTAL
A11: TOTAL DE EXAMENES LABORATORIO | B11: =B12+B51+B69+B82+B95+K11+K28+K41 -> 9423 | C11: =C12+C51+C69+C82+C95+L11+L28+L41 -> 13700 | D11: =D12+D51+D69+D82+D95+M11+M28+M41 -> 13989 | E11: =E12+E51+E69+E82+E95+N11+N28+N41 -> 646 | F11: =F12+F51+F69+F82+F95+O11+O28+O41 -> 410 | G11: =G12+G51+G69+G82+G95+P11+P28+P41 -> 11 | H11: =SUM(B11:G11) -> 38179 | J11: TOTAL EXAMENES ANATOMIA PATOLOGICA | K11: =SUM(K12:K23) -> 880 | L11: =SUM(L12:L23) -> 0 | M11: =SUM(M12:M23) -> 1035 | N11: =SUM(N12:N23) -> 3 | O11: =SUM(O12:O23) -> 7 | P11: =SUM(P12:P23) -> 0 | Q11: =SUM(K11:P11) -> 1925
A12: TOTAL EXAMENES BIOQUÍMICOS | B12: =SUM(B13:B50) -> 3988 | C12: =SUM(C13:C50) -> 6666 | D12: =SUM(D13:D50) -> 6278 | E12: =SUM(E13:E50) -> 425 | F12: =SUM(F13:F50) -> 220 | G12: =SUM(G13:G50) -> 0 | H12: =SUM(B12:G12) -> 17577 | J12: TOTAL EXAMENES CITOLÓGICOS (PAP) | K12: 0 | L12: 0 | M12: 46 | N12: 0 | O12: 0 | P12: 0 | Q12: =SUM(K12:P12) -> 46
A13: ACIDO URICO | B13: 15 | C13: 2 | D13: 35 | E13: 2 | F13: 1 | G13: 0 | H13: =SUM(B13:G13) -> 55 | J13: TOTAL BAAF | K13: 0 | L13: 0 | M13: 6 | N13: 0 | O13: 0 | P13: 0 | Q13: =SUM(K13:P13) -> 6
A14: CALCIO | B14: 15 | C14: 5 | D14: 112 | E14: 5 | F14: 1 | G14: 0 | H14: =SUM(B14:G14) -> 138 | J14: TOTAL EXAMENES HISTOPATOLÓGICOS (Biopsia) | K14: 19 | L14: 0 | M14: 70 | N14: 3 | O14: 4 | P14: 0 | Q14: =SUM(K14:P14) -> 96
A15: AMILASA | B15: 10 | C15: 64 | D15: 35 | E15: 7 | F15: 0 | G15: 0 | H15: =SUM(B15:G15) -> 116 | J15: TOTAL PIEZA QUIRURGICA (HISTOLOGIA) | K15: 21 | L15: 0 | M15: 8 | N15: 0 | O15: 3 | P15: 0 | Q15: =SUM(K15:P15) -> 32
A16: GLUCOSA | B16: 572 | C16: 1528 | D16: 1028 | E16: 107 | F16: 37 | G16: 0 | H16: =SUM(B16:G16) -> 3272 | J16: TOTAL CITOLOGIA ESPECIAL | K16: 5 | L16: 0 | M16: 2 | N16: 0 | O16: 0 | P16: 0 | Q16: =SUM(K16:P16) -> 7
A17: GLUCOSA POST PRANDIAL | B17: 0 | C17: 0 | D17: 14 | E17: 0 | F17: 1 | G17: 0 | H17: =SUM(B17:G17) -> 15 | J17: TOTAL DE TEJIDOS INCLUIDOS | K17: 277 | L17: 0 | M17: 300 | N17: 0 | O17: 0 | P17: 0 | Q17: =SUM(K17:P17) -> 577
A18: FOSFORO | B18: 15 | C18: 5 | D18: 68 | E18: 5 | F18: 0 | G18: 0 | H18: =SUM(B18:G18) -> 93 | J18: TOTAL DE CORTES DE TEJIDOS | K18: 279 | L18: 0 | M18: 300 | N18: 0 | O18: 0 | P18: 0 | Q18: =SUM(K18:P18) -> 579
A19: HEMOGLOBINA GLICOSILADA | B19: 79 | C19: 5 | D19: 219 | E19: 13 | F19: 9 | G19: 0 | H19: =SUM(B19:G19) -> 325 | J19: TOTAL DE LÁMINAS MONTADAS | K19: 279 | L19: 0 | M19: 300 | N19: 0 | O19: 0 | P19: 0 | Q19: =SUM(K19:P19) -> 579
A20: TOLERANCIA A LA GLUCOSA | B20: 9 | C20: 0 | D20: 56 | E20: 3 | F20: 1 | G20: 0 | H20: =SUM(B20:G20) -> 69 | J20: TOTAL DE HISTOQUIMICA | K20: 0 | L20: 0 | M20: 3 | N20: 0 | O20: 0 | P20: 0 | Q20: =SUM(K20:P20) -> 3
A21: CREATININA | B21: 0 | C21: 3 | D21: 0 | E21: 0 | F21: 13 | G21: 0 | H21: =SUM(B21:G21) -> 16 | J21: TOTAL DE INMUNOHISTOQUIMICA | K21: 0 | L21: 0 | M21: 0 | N21: 0 | O21: 0 | P21: 0 | Q21: =SUM(K21:P21) -> 0
A22: DEPURACION DE CREATININA | B22: 0 | C22: 0 | D22: 0 | E22: 0 | F22: 0 | G22: 0 | H22: =SUM(B22:G22) -> 0 | J22: TOTAL AUTOPSIA MÉDICO LEGAL | K22: 0 | L22: 0 | M22: 0 | N22: 0 | O22: 0 | P22: 0 | Q22: =SUM(K22:P22) -> 0
A23: MICROALBUMINURIA | B23: 0 | C23: 2 | D23: 3 | E23: 0 | F23: 0 | G23: 0 | H23: =SUM(B23:G23) -> 5 | J23: TOTAL AUTOPSIA CLÍNICA | K23: 0 | L23: 0 | M23: 0 | N23: 0 | O23: 0 | P23: 0 | Q23: =SUM(K23:P23) -> 0
A24: UREA | B24: 550 | C24: 1343 | D24: 875 | E24: 67 | F24: 17 | G24: 0 | H24: =SUM(B24:G24) -> 2852
A25: PROTEINURIA 24 HORAS | B25: 20 | C25: 2 | D25: 51 | E25: 1 | F25: 3 | G25: 0 | H25: =SUM(B25:G25) -> 77
A26: BILIRRUBINA TOTAL | B26: 562 | C26: 474 | D26: 485 | E26: 10 | F26: 18 | G26: 0 | H26: =SUM(B26:G26) -> 1549 | J26: PROGRAMAS / METAXENICAS | K26: TOTAL
A27: BILIRRUBINA DIRECTA | B27: 3 | C27: 260 | D27: 60 | E27: 2 | F27: 18 | G27: 0 | H27: =SUM(B27:G27) -> 343 | K27: Hospitaliz | L27: Emergenc | M27: Programa | N27: Privado | O27: Convenio | P27: Insolvencia | Q27: TOTAL
A28: PROTEINAS TOTAL | B28: 0 | C28: 0 | D28: 0 | E28: 0 | F28: 9 | G28: 0 | H28: =SUM(B28:G28) -> 9 | J28: TOTAL DE EXAMENES | K28: =SUM(K29:K37) -> 65 | L28: =SUM(L29:L37) -> 246 | M28: =SUM(M29:M37) -> 108 | N28: =SUM(N29:N37) -> 0 | O28: =SUM(O29:O37) -> 0 | P28: =SUM(P29:P37) -> 0 | Q28: =SUM(K28:P28) -> 419
A29: ALBUMINA | B29: 95 | C29: 0 | D29: 246 | E29: 1 | F29: 9 | G29: 0 | H29: =SUM(B29:G29) -> 351 | J29: TUBERCULOSIS | K29: 41 | L29: 3 | M29: 64 | N29: 0 | O29: 0 | P29: 0 | Q29: =SUM(K29:P29) -> 108
A30: TGO | B30: 220 | C30: 586 | D30: 490 | E30: 24 | F30: 10 | G30: 0 | H30: =SUM(B30:G30) -> 1330 | J30: LEISHMANIA | K30: 0 | L30: 0 | M30: 0 | N30: 0 | O30: 0 | P30: 0 | Q30: =SUM(K30:P30) -> 0
A31: TGP | B31: 320 | C31: 139 | D31: 590 | E31: 21 | F31: 10 | G31: 0 | H31: =SUM(B31:G31) -> 1080 | J31: PROGRAMA LEPRAE | K31: 0 | L31: 7 | M31: 12 | N31: 0 | O31: 0 | P31: 0 | Q31: =SUM(K31:P31) -> 19
A32: GGTP | B32: 102 | C32: 15 | D32: 235 | E32: 15 | F32: 0 | G32: 0 | H32: =SUM(B32:G32) -> 367 | J32: MALARIA | K32: 24 | L32: 197 | M32: 10 | N32: 0 | O32: 0 | P32: 0 | Q32: =SUM(K32:P32) -> 231
A33: LACTATO DESHIDROGENASA (DHL) | B33: 95 | C33: 58 | D33: 85 | E33: 0 | F33: 0 | G33: 0 | H33: =SUM(B33:G33) -> 238 | J33: METAXENICAS (REFERENCIAL) | K33: 0 | L33: 23 | M33: 0 | N33: 0 | O33: 0 | P33: 0 | Q33: =SUM(K33:P33) -> 23
A34: PROTEINA C REACTIVA (CUANTITATIVO) | B34: 602 | C34: 945 | D34: 85 | E34: 23 | F34: 1 | G34: 0 | H34: =SUM(B34:G34) -> 1656 | J34: CULTIVO DE TB (REFERENCIAL) | K34: 0 | L34: 0 | M34: 22 | N34: 0 | O34: 0 | P34: 0 | Q34: =SUM(K34:P34) -> 22
A35: FOSFATASA ALCALINA | B35: 0 | C35: 27 | D35: 0 | E35: 0 | F35: 4 | G35: 0 | H35: =SUM(B35:G35) -> 31 | J35: PRUEBA RAPIDA DE DENGUE | K35: 0 | L35: 7 | M35: 0 | N35: 0 | O35: 0 | P35: 0 | Q35: =SUM(K35:P35) -> 7
A36: CPK TOTAL | B36: 0 | C36: 0 | D36: 0 | E36: 0 | F36: 0 | G36: 0 | H36: =SUM(B36:G36) -> 0 | J36: PRUEBA RAPIDA DE LEPTOSPIRA | K36: 0 | L36: 9 | M36: 0 | N36: 0 | O36: 0 | P36: 0 | Q36: =SUM(K36:P36) -> 9
A37: CPK MB | B37: 13 | C37: 26 | D37: 1 | E37: 4 | F37: 0 | G37: 0 | H37: =SUM(B37:G37) -> 44 | J37: PRUEBA RAPIDA DE COVID + INFLUENZA | K37: 0 | L37: 0 | M37: 0 | N37: 0 | O37: 0 | P37: 0 | Q37: =SUM(K37:P37) -> 0
A38: COLESTEROL | B38: 92 | C38: 8 | D38: 382 | E38: 35 | F38: 17 | G38: 0 | H38: =SUM(B38:G38) -> 534
A39: TRIGLICERIDOS | B39: 93 | C39: 7 | D39: 382 | E39: 33 | F39: 17 | G39: 0 | H39: =SUM(B39:G39) -> 532 | J39: BANCO DE SANGRE | K39: TOTAL
A40: HDLc | B40: 83 | C40: 2 | D40: 231 | E40: 8 | F40: 11 | G40: 0 | H40: =SUM(B40:G40) -> 335 | K40: Hospitaliz | L40: Emergenc | M40: C. Externa | N40: Privado | O40: Convenio | P40: Insolvencia | Q40: TOTAL
A41: LDLc | B41: 83 | C41: 2 | D41: 231 | E41: 8 | F41: 11 | G41: 0 | H41: =SUM(B41:G41) -> 335 | J41: TOTAL DE UNIDADES ENTREGADAS | K41: =SUM(K42:K49) -> 732 | L41: =SUM(L42:L49) -> 173 | M41: =SUM(M42:M49) -> 5 | N41: =SUM(N42:N49) -> 5 | O41: =SUM(O42:O49) -> 9 | P41: =SUM(P42:P49) -> 0 | Q41: =SUM(K41:P41) -> 924
A42: ASO | B42: 2 | C42: 0 | D42: 2 | E42: 0 | F42: 0 | G42: 0 | H42: =SUM(B42:G42) -> 4 | J42: SANGRE TOTAL | K42: 0 | L42: 0 | M42: 0 | N42: 0 | O42: 0 | P42: 0 | Q42: =SUM(K42:P42) -> 0
A43: FACTOR REUMATOIDEO | B43: 15 | C43: 3 | D43: 41 | E43: 5 | F43: 0 | G43: 0 | H43: =SUM(B43:G43) -> 64 | J43: GLOBULOS ROJOS | K43: 176 | L43: 41 | M43: 1 | N43: 1 | O43: 3 | P43: 0 | Q43: =SUM(K43:P43) -> 222
A44: HIERRO | B44: 15 | C44: 5 | D44: 72 | E44: 2 | F44: 1 | G44: 0 | H44: =SUM(B44:G44) -> 95 | J44: PLASMA FRESCO CONGELADO | K44: 38 | L44: 4 | M44: 0 | N44: 0 | O44: 0 | P44: 0 | Q44: =SUM(K44:P44) -> 42
A45: LIPASA | B45: 0 | C45: 1 | D45: 0 | E45: 0 | F45: 0 | G45: 0 | H45: =SUM(B45:G45) -> 1 | J45: CRIOPRECIPITADO | K45: 17 | L45: 0 | M45: 0 | N45: 0 | O45: 0 | P45: 0 | Q45: =SUM(K45:P45) -> 17
A46: TRANSFERRINA | B46: 7 | C46: 7 | D46: 58 | E46: 4 | F46: 0 | G46: 0 | H46: =SUM(B46:G46) -> 76 | J46: PLAQUETAS | K46: 27 | L46: 2 | M46: 0 | N46: 0 | O46: 0 | P46: 0 | Q46: =SUM(K46:P46) -> 29
A47: COMPLEMENTO C3 | B47: 0 | C47: 0 | D47: 0 | E47: 0 | F47: 0 | G47: 0 | H47: =SUM(B47:G47) -> 0 | J47: GRUPO SANGUINEO ABO EN GEL | K47: 200 | L47: 62 | M47: 3 | N47: 3 | O47: 3 | P47: 0 | Q47: =SUM(K47:P47) -> 271
A48: COMPLEMENTO C4 | B48: 25 | C48: 0 | D48: 21 | E48: 1 | F48: 0 | G48: 0 | H48: =SUM(B48:G48) -> 47 | J48: PRUEBA CRUZADA MAYOR | K48: 231 | L48: 57 | M48: 1 | N48: 1 | O48: 3 | P48: 0 | Q48: =SUM(K48:P48) -> 293
A49: GASES ARTERIALES | B49: 0 | C49: 526 | D49: 0 | E49: 3 | F49: 0 | G49: 0 | H49: =SUM(B49:G49) -> 529 | J49: PRUEBA CRUZADA MENOR | K49: 43 | L49: 7 | M49: 0 | N49: 0 | O49: 0 | P49: 0 | Q49: =SUM(K49:P49) -> 50
A50: ELECTROLITOS | B50: 276 | C50: 616 | D50: 85 | E50: 16 | F50: 1 | G50: 0 | H50: =SUM(B50:G50) -> 994
A51: TOTAL EXAMENES HEMATOLÓGICOS -HEMOSTASICOS | B51: =SUM(B52:B68) -> 2180 | C51: =SUM(C52:C68) -> 5189 | D51: =SUM(D52:D68) -> 2980 | E51: =SUM(E52:E68) -> 107 | F51: =SUM(F52:F68) -> 101 | G51: =SUM(G52:G68) -> 10 | H51: =SUM(B51:G51) -> 10567
A52: HEMATOCRITO | B52: 387 | C52: 103 | D52: 26 | E52: 3 | F52: 1 | G52: 0 | H52: =SUM(B52:G52) -> 520 | J52: TOTAL DE ATENCIONES EN EL DEPARTAMENTO DE PATOLOGIA CLÍNICA Y ANATOMIA PATOLOGICA
A53: HEMOGLOBINA | B53: 1 | C53: 1 | D53: 17 | E53: 2 | F53: 1 | G53: 6 | H53: =SUM(B53:G53) -> 28 | J53: PROGRAMAS DE SALUD OPORTUNOS PARA LA POBLACION | Q53: TOTAL
A54: HEMOGRAMA AUTOMATIZADO | B54: 631 | C54: 2277 | D54: 1244 | E54: 38 | F54: 44 | G54: 3 | H54: =SUM(B54:G54) -> 4237 | J54: PROGRAMACION, SEGUIMIENTO Y EVALUACION DE ACTIVIDADES | Q54: 4
A55: PLAQUETAS | B55: 3 | C55: 2 | D55: 6 | F55: 1 | G55: 0 | H55: =SUM(B55:G55) -> 12 | J55: EXAMEN DE PROCEDIMIENTO SERVICIO DE BIOQUÍMICA, HEMATOLOGÍA Y HEMOSTASIA | Q55: =(H12+H51+Q41) -> 29068
A56: TC & TS | B56: 163 | C56: 829 | D56: 384 | E56: 16 | F56: 10 | G56: 0 | H56: =SUM(B56:G56) -> 1402
A57: VSG | B57: 45 | C57: 1 | D57: 43 | E57: 4 | F57: 2 | G57: 0 | H57: =SUM(B57:G57) -> 95 | J57: EXAMEN DE PROCEDIMIENTOS SERVICIO DE MICROBIOLOGIA E INMUNOLOGIA | Q57: =(H69+H82+H95) -> 6767
A58: TEST COOMBS DIRECTO | B58: 0 | C58: 7 | D58: 6 | E58: 0 | F58: 0 | G58: 0 | H58: =SUM(B58:G58) -> 13
A59: TEST DE COOMBS INDIRECTO | B59: 0 | C59: 0 | D59: 0 | E59: 0 | F59: 0 | G59: 0 | H59: =SUM(B59:G59) -> 0
A60: GRUPO Y FACTOR | B60: 289 | C60: 878 | D60: 382 | E60: 18 | F60: 7 | G60: 1 | H60: =SUM(B60:G60) -> 1575 | J60: EXAMEN DE PROCEDIMIENTO SERVICIO DE ANATOMÍA PATOLÓGICA | Q60: =Q11 -> 1925
A61: LAMINA PERIFERICA | B61: 22 | C61: 15 | D61: 16 | E61: 0 | F61: 2 | G61: 0 | H61: =SUM(B61:G61) -> 55 | J61: EXAMEN DE PROGRAMAS | Q61: =Q28 -> 419
A62: CONSTANTES CORPUSCULARES | B62: 0 | C62: 0 | D62: 0 | E62: 0 | F62: 0 | G62: 0 | H62: =SUM(B62:G62) -> 0
A63: RETICULOCITOS | B63: 22 | C63: 4 | D63: 6 | E63: 0 | F63: 2 | G63: 0 | H63: =SUM(B63:G63) -> 34 | P63: TOTAL | Q63: =SUM(Q54:Q62) -> 38183
A64: TIEMPO DE TROMBOPLASTINA | B64: 57 | C64: 108 | D64: 34 | E64: 0 | F64: 1 | G64: 0 | H64: =SUM(B64:G64) -> 200
A65: TIEMPO DE PROTROMBINA | B65: 280 | C65: 474 | D65: 408 | E65: 13 | F65: 15 | G65: 0 | H65: =SUM(B65:G65) -> 1190
A66: INR | B66: 280 | C66: 474 | D66: 408 | E66: 13 | F66: 15 | G66: 0 | H66: =SUM(B66:G66) -> 1190
A67: FIBRINOGENO | B67: 0 | C67: 0 | D67: 0 | E67: 0 | F67: 0 | G67: 0 | H67: =SUM(B67:G67) -> 0
A68: DIMERO D | B68: 0 | C68: 16 | D68: 0 | E68: 0 | F68: 0 | G68: 0 | H68: =SUM(B68:G68) -> 16
A69: TOTAL EXAMENES MICROBIOLOGIA | B69: =SUM(B70:B81) -> 470 | C69: =SUM(C70:C81) -> 16 | D69: =SUM(D70:D81) -> 169 | E69: =SUM(E70:E81) -> 23 | F69: =SUM(F70:F81) -> 0 | G69: =SUM(G70:G81) -> 0 | H69: =SUM(B69:G69) -> 678
A70: UROCULTIVO | B70: 101 | C70: 13 | D70: 134 | E70: 9 | F70: 0 | G70: 0 | H70: =SUM(B70:G70) -> 257
A71: HEMOCULTIVO | B71: 62 | C71: 0 | D71: 3 | E71: 0 | F71: 0 | G71: 0 | H71: =SUM(B71:G71) -> 65
A72: CULTIVO DE CATETER | B72: 12 | C72: 0 | D72: 0 | E72: 0 | F72: 0 | G72: 0 | H72: =SUM(B72:G72) -> 12
A73: CULTIVO DE SECRECION | B73: 85 | C73: 0 | D73: 10 | E73: 6 | F73: 0 | G73: 0 | H73: =SUM(B73:G73) -> 101
A74: CITOQUIMICO | B74: 30 | C74: 0 | D74: 1 | E74: 0 | F74: 0 | G74: 0 | H74: =SUM(B74:G74) -> 31
A75: COPROCULTIVO | B75: 6 | C75: 3 | D75: 6 | E75: 0 | F75: 0 | G75: 0 | H75: =SUM(B75:G75) -> 15
A76: COLORACIÓN GRAM (Secrec.Vaginal y Otros) | B76: 47 | C76: 0 | D76: 3 | E76: 2 | F76: 0 | G76: 0 | H76: =SUM(B76:G76) -> 52
A77: KOH -HONGOS | B77: 9 | C77: 0 | D77: 7 | E77: 1 | F77: 0 | G77: 0 | H77: =SUM(B77:G77) -> 17
A78: CULTIVO DE HONGOS | B78: 32 | C78: 0 | D78: 3 | E78: 2 | F78: 0 | G78: 0 | H78: =SUM(B78:G78) -> 37
A79: TINTA CHINA | B79: 19 | C79: 0 | D79: 0 | E79: 1 | F79: 0 | G79: 0 | H79: =SUM(B79:G79) -> 20
A80: PH LÍQUIDOS CORPORALES | B80: 30 | C80: 0 | D80: 1 | E80: 1 | F80: 0 | G80: 0 | H80: =SUM(B80:G80) -> 32
A81: BACILOSCOPIA DE LÍQUIDOS CORPORALES | B81: 37 | C81: 0 | D81: 1 | E81: 1 | F81: 0 | G81: 0 | H81: =SUM(B81:G81) -> 39
A82: TOTAL EXAMENES URO -PARASITOLÓGICOS | B82: =SUM(B83:B94) -> 204 | C82: =SUM(C83:C94) -> 653 | D82: =SUM(D83:D94) -> 907 | E82: =SUM(E83:E94) -> 58 | F82: =SUM(F83:F94) -> 8 | G82: =SUM(G83:G94) -> 1 | H82: =SUM(B82:G82) -> 1831
A83: HECES SERIADO | B83: 22 | C83: 0 | D83: 61 | E83: 9 | F83: 1 | G83: 0 | H83: =SUM(B83:G83) -> 93
A84: COPROPARASITOLOGICO FUNCIONAL | B84: 15 | C84: 0 | D84: 48 | E84: 8 | F84: 0 | G84: 0 | H84: =SUM(B84:G84) -> 71
A85: RX INFLAMATORIA | B85: 4 | C85: 46 | D85: 3 | E85: 2 | F85: 0 | G85: 0 | H85: =SUM(B85:G85) -> 55
A86: THEVENON HECES | B86: 40 | C86: 0 | D86: 212 | E86: 7 | F86: 4 | G86: 0 | H86: =SUM(B86:G86) -> 263
A87: SUDAN | B87: 0 | C87: 0 | D87: 0 | E87: 0 | F87: 0 | G87: 0 | H87: =SUM(B87:G87) -> 0
A88: BENEDICT | B88: 0 | C88: 0 | D88: 0 | E88: 0 | F88: 0 | G88: 0 | H88: =SUM(B88:G88) -> 0
A89: EXÁMEN COMPLETO DE ORINA | B89: 85 | C89: 598 | D89: 391 | E89: 25 | F89: 0 | G89: 1 | H89: =SUM(B89:G89) -> 1100
A90: TEST GRAHAM | B90: 1 | C90: 0 | D90: 1 | E90: 0 | F90: 0 | G90: 0 | H90: =SUM(B90:G90) -> 2
A91: METODO DE CONCENTRACIÓN (BAERMANN) | B91: 0 | C91: 0 | D91: 0 | E91: 0 | F91: 0 | G91: 0 | H91: =SUM(B91:G91) -> 0
A92: EXAMEN DIRECTO DE HECES | B92: 24 | C92: 9 | D92: 155 | E92: 5 | F92: 3 | G92: 0 | H92: =SUM(B92:G92) -> 196
A93: ANTIGENO H. PYLORI EN HECES | B93: 0 | C93: 0 | D93: 0 | E93: 0 | F93: 0 | G93: 0 | H93: =SUM(B93:G93) -> 0
A94: ADENOVIRUS & ROTAVIRUS | B94: 13 | C94: 0 | D94: 36 | E94: 2 | F94: 0 | G94: 0 | H94: =SUM(B94:G94) -> 51
A95: TOTAL EXAMENES INMUNO SEROLÓGICOS | B95: =SUM(B96:B155) -> 904 | C95: =SUM(C96:C155) -> 757 | D95: =SUM(D96:D155) -> 2507 | E95: =SUM(E96:E155) -> 25 | F95: =SUM(F96:F155) -> 65 | G95: =SUM(G96:G155) -> 0 | H95: =SUM(B95:G95) -> 4258
A96: RPR | B96: 83 | C96: 213 | D96: 349 | E96: 1 | F96: 5 | G96: 0 | H96: =SUM(B96:G96) -> 651
A97: VDRL | B97: 0 | C97: 0 | D97: 0 | E97: 0 | F97: 0 | G97: 0 | H97: =SUM(B97:G97) -> 0
A98: AGLUTINACIONES | B98: 0 | C98: 0 | D98: 0 | E98: 0 | F98: 0 | G98: 0 | H98: =SUM(B98:G98) -> 0
A99: ROSA DE BENGALA | B99: 0 | C99: 0 | D99: 0 | E99: 0 | F99: 0 | G99: 0 | H99: =SUM(B99:G99) -> 0
A100: ANTI MIELOPEROXIDASA (MPO) | B100: 0 | C100: 0 | D100: 0 | E100: 0 | F100: 0 | G100: 0 | H100: =SUM(B100:G100) -> 0
A101: ANTI PROTEINASA 3 (PR3) | B101: 0 | C101: 0 | D101: 0 | E101: 0 | F101: 0 | G101: 0 | H101: =SUM(B101:G101) -> 0
A102: ANTI CARDIOLIPINA | B102: 0 | C102: 0 | D102: 0 | E102: 0 | F102: 0 | G102: 0 | H102: =SUM(B102:G102) -> 0
A103: ANTI B2-GLICOPROTEINA | B103: 0 | C103: 0 | D103: 0 | E103: 0 | F103: 0 | G103: 0 | H103: =SUM(B103:G103) -> 0
A104: ANTI M2-3E (AMA) | B104: 0 | C104: 0 | D104: 0 | E104: 0 | F104: 0 | G104: 0 | H104: =SUM(B104:G104) -> 0
A105: ANA (ELISA) | B105: 0 | C105: 0 | D105: 0 | E105: 0 | F105: 0 | G105: 0 | H105: =SUM(B105:G105) -> 0
A106: HELICOBACTER PILORY IGM | B106: 4 | C106: 0 | D106: 33 | E106: 0 | F106: 1 | G106: 0 | H106: =SUM(B106:G106) -> 38
...

Sheet MARZO
A4: Establecimiento de Salud informante: | B4: HOSPITAL REGIONAL DE LORETO | K4: Mes: | L4: MARZO
A6: Código Renaes: | B6: 3 | K6: Año:
A9: PATOLOGÍA CLÍNICA | B9: TOTAL | J9: ANATOMÍA PATOLÓGICA | K9: TOTAL
B10: Hospitaliz | C10: Emergenc | D10: C. Externa | E10: Privado | F10: Convenio | G10: Insolvencia | H10: TOTAL | K10: Hospitaliz | L10: Emergenc | M10: C. Externa | N10: Privado | O10: Convenio | P10: Insolvencia | Q10: TOTAL
A11: TOTAL DE EXAMENES LABORATORIO | B11: =B12+B51+B69+B82+B95+K11+K28+K41 -> 0 | C11: =C12+C51+C69+C82+C95+L11+L28+L41 -> 0 | D11: =D12+D51+D69+D82+D95+M11+M28+M41 -> 0 | E11: =E12+E51+E69+E82+E95+N11+N28+N41 -> 0 | F11: =F12+F51+F69+F82+F95+O11+O28+O41 -> 0 | G11: =G12+G51+G69+G82+G95+P11+P28+P41 -> 0 | H11: =SUM(B11:G11) -> 0 | J11: TOTAL EXAMENES ANATOMIA PATOLOGICA | K11: =SUM(K12:K23) -> 0 | L11: =SUM(L12:L23) -> 0 | M11: =SUM(M12:M23) -> 0 | N11: =SUM(N12:N23) -> 0 | O11: =SUM(O12:O23) -> 0 | P11: =SUM(P12:P23) -> 0 | Q11: =SUM(K11:P11) -> 0
A12: TOTAL EXAMENES BIOQUÍMICOS | B12: =SUM(B13:B50) -> 0 | C12: =SUM(C13:C50) -> 0 | D12: =SUM(D13:D50) -> 0 | E12: =SUM(E13:E50) -> 0 | F12: =SUM(F13:F50) -> 0 | G12: =SUM(G13:G50) -> 0 | H12: =SUM(B12:G12) -> 0 | J12: TOTAL EXAMENES CITOLÓGICOS (PAP) | Q12: =SUM(K12:P12) -> 0
A13: ACIDO URICO | H13: =SUM(B13:G13) -> 0 | J13: TOTAL BAAF | Q13: =SUM(K13:P13) -> 0
A14: CALCIO | H14: =SUM(B14:G14) -> 0 | J14: TOTAL EXAMENES HISTOPATOLÓGICOS (Biopsia) | Q14: =SUM(K14:P14) -> 0
A15: AMILASA | H15: =SUM(B15:G15) -> 0 | J15: TOTAL PIEZA QUIRURGICA (HISTOLOGIA) | Q15: =SUM(K15:P15) -> 0
A16: GLUCOSA | H16: =SUM(B16:G16) -> 0 | J16: TOTAL CITOLOGIA ESPECIAL | Q16: =SUM(K16:P16) -> 0
A17: GLUCOSA POST PRANDIAL | H17: =SUM(B17:G17) -> 0 | J17: TOTAL DE TEJIDOS INCLUIDOS | Q17: =SUM(K17:P17) -> 0
A18: FOSFORO | H18: =SUM(B18:G18) -> 0 | J18: TOTAL DE CORTES DE TEJIDOS | Q18: =SUM(K18:P18) -> 0
A19: HEMOGLOBINA GLICOSILADA | H19: =SUM(B19:G19) -> 0 | J19: TOTAL DE LÁMINAS MONTADAS | Q19: =SUM(K19:P19) -> 0
A20: TOLERANCIA A LA GLUCOSA | H20: =SUM(B20:G20) -> 0 | J20: TOTAL DE HISTOQUIMICA | Q20: =SUM(K20:P20) -> 0
A21: CREATININA | H21: =SUM(B21:G21) -> 0 | J21: TOTAL DE INMUNOHISTOQUIMICA
A22: DEPURACION DE CREATININA | H22: =SUM(B22:G22) -> 0 | J22: TOTAL AUTOPSIA MÉDICO LEGAL | Q22: =SUM(K22:P22) -> 0
J23: TOTAL AUTOPSIA CLÍNICA | Q23: =SUM(K23:P23) -> 0
A24: UREA | H24: =SUM(B24:G24) -> 0
A25: PROTEINURIA 24 HORAS | H25: =SUM(B25:G25) -> 0
A26: BILIRRUBINA TOTAL | H26: =SUM(B26:G26) -> 0 | J26: PROGRAMAS / METAXENICAS | K26: TOTAL
A27: BILIRRUBINA DIRECTA | H27: =SUM(B27:G27) -> 0 | K27: Hospitaliz | L27: Emergenc | M27: Programa | N27: Privado | O27: Convenio | P27: Insolvencia | Q27: TOTAL
A28: PROTEINAS TOTAL | H28: =SUM(B28:G28) -> 0 | J28: TOTAL DE EXAMENES | K28: =SUM(K29:K37) -> 0 | L28: =SUM(L29:L37) -> 0 | M28: =SUM(M29:M37) -> 0 | N28: =SUM(N29:N37) -> 0 | O28: =SUM(O29:O37) -> 0 | P28: =SUM(P29:P37) -> 0 | Q28: =SUM(K28:P28) -> 0
A29: ALBUMINA | H29: =SUM(B29:G29) -> 0 | J29: TUBERCULOSIS | Q29: =SUM(K29:P29) -> 0
A30: TGO | H30: =SUM(B30:G30) -> 0 | J30: LEISHMANIA | Q30: =SUM(K30:P30) -> 0
A31: TGP | H31: =SUM(B31:G31) -> 0 | J31: PROGRAMA LEPRAE | Q31: =SUM(K31:P31) -> 0
A32: GGTP | H32: =SUM(B32:G32) -> 0 | J32: MALARIA | Q32: =SUM(K32:P32) -> 0
A33: LACTATO DESHIDROGENASA (DHL) | H33: =SUM(B33:G33) -> 0 | J33: METAXENICAS (REFERENCIAL) | Q33: =SUM(K33:P33) -> 0
A34: PROTEINA C REACTIVA (CUANTITATIVO) | H34: =SUM(B34:G34) -> 0 | J34: CULTIVO DE TB (REFERENCIAL) | Q34: =SUM(K34:P34) -> 0
A35: FOSFATASA ALCALINA | H35: =SUM(B35:G35) -> 0 | J35: PRUEBA RAPIDA DE DENGUE | Q35: =SUM(K35:P35) -> 0
A36: CPK TOTAL | H36: =SUM(B36:G36) -> 0 | J36: PRUEBA RAPIDA DE LEPTOSPIRA | Q36: =SUM(K36:P36) -> 0
A37: CPK MB | H37: =SUM(B37:G37) -> 0 | J37: PRUEBA RAPIDA DE COVID + INFLUENZA | Q37: =SUM(K37:P37) -> 0
A38: COLESTEROL | H38: =SUM(B38:G38) -> 0
A39: TRIGLICERIDOS | H39: =SUM(B39:G39) -> 0 | J39: BANCO DE SANGRE | K39: TOTAL
A40: HDLc | H40: =SUM(B40:G40) -> 0 | K40: Hospitaliz | L40: Emergenc | M40: C. Externa | N40: Privado | O40: Convenio | P40: Insolvencia | Q40: TOTAL
A41: LDLc | H41: =SUM(B41:G41) -> 0 | J41: TOTAL DE UNIDADES ENTREGADAS | K41: =SUM(K42:K49) -> 0 | L41: =SUM(L42:L49) -> 0 | M41: =SUM(M42:M49) -> 0 | N41: =SUM(N42:N49) -> 0 | O41: =SUM(O42:O49) -> 0 | P41: =SUM(P42:P49) -> 0 | Q41: =SUM(K41:P41) -> 0
A42: ASO | H42: =SUM(B42:G42) -> 0 | J42: SANGRE TOTAL | Q42: =SUM(K42:P42) -> 0
A43: FACTOR REUMATOIDEO | H43: =SUM(B43:G43) -> 0 | J43: GLOBULOS ROJOS | Q43: =SUM(K43:P43) -> 0
A44: HIERRO | H44: =SUM(B44:G44) -> 0 | J44: PLASMA FRESCO CONGELADO | Q44: =SUM(K44:P44) -> 0
A45: LIPASA | H45: =SUM(B45:G45) -> 0 | J45: CRIOPRECIPITADO | Q45: =SUM(K45:P45) -> 0
A46: TRANSFERRINA | H46: =SUM(B46:G46) -> 0 | J46: PLAQUETAS | Q46: =SUM(K46:P46) -> 0
A47: COMPLEMENTO C3 | H47: =SUM(B47:G47) -> 0 | J47: GRUPO SANGUINEO ABO EN GEL | Q47: =SUM(K47:P47) -> 0
A48: COMPLEMENTO C4 | H48: =SUM(B48:G48) -> 0 | J48: PRUEBA CRUZADA MAYOR | Q48: =SUM(K48:P48) -> 0
A49: GASES ARTERIALES | H49: =SUM(B49:G49) -> 0 | J49: PRUEBA CRUZADA MENOR | Q49: =SUM(K49:P49) -> 0
A50: ELECTROLITOS | H50: =SUM(B50:G50) -> 0
A51: TOTAL EXAMENES HEMATOLÓGICOS -HEMOSTASICOS | B51: =SUM(B52:B68) -> 0 | C51: =SUM(C52:C68) -> 0 | D51: =SUM(D52:D68) -> 0 | E51: =SUM(E52:E68) -> 0 | F51: =SUM(F52:F68) -> 0 | G51: =SUM(G52:G68) -> 0 | H51: =SUM(B51:G51) -> 0
A52: HEMATOCRITO | H52: =SUM(B52:G52) -> 0 | J52: TOTAL DE ATENCIONES EN EL DEPARTAMENTO DE PATOLOGIA CLÍNICA Y ANATOMIA PATOLOGICA
A53: HEMOGLOBINA | H53: =SUM(B53:G53) -> 0 | J53: PROGRAMAS DE SALUD OPORTUNOS PARA LA POBLACION | Q53: TOTAL
A54: HEMOGRAMA AUTOMATIZADO | H54: =SUM(B54:G54) -> 0 | J54: PROGRAMACION, SEGUIMIENTO Y EVALUACION DE ACTIVIDADES
A55: PLAQUETAS | H55: =SUM(B55:G55) -> 0 | J55: EXAMEN DE PROCEDIMIENTO BIOQUÍMICO | Q55: =(H12) -> 0
A56: TC & TS | H56: =SUM(B56:G56) -> 0 | J56: EXAMEN DE PROCEDIMIENTO HEMATOLÓGICO - HEMOSTASICOS | Q56: =(H51) -> 0
A57: VSG | H57: =SUM(B57:G57) -> 0 | J57: EXAMEN DE PROCEDIMIENTOS MICROBIOLÓGICOS | Q57: =(H69) -> 0
A58: TEST COOMBS DIRECTO | H58: =SUM(B58:G58) -> 0 | J58: EXAMEN DE PROCEDIMIENTOS UROPARASITOLÓGICOS | Q58: =H82 -> 0
A59: TEST DE COOMBS INDIRECTO | H59: =SUM(B59:G59) -> 0 | J59: EXAMEN DE PROCEDIMIENTOS INMUNOLÓGICOS | Q59: =H95 -> 0
A60: GRUPO Y FACTOR | H60: =SUM(B60:G60) -> 0 | J60: EXAMEN DE PROCEDIMIENTO ANATOMO PATOLÓGICO | Q60: =Q11 -> 0
A61: LAMINA PERIFERICA | H61: =SUM(B61:G61) -> 0 | J61: EXAMEN DE PROGRAMAS | Q61: =Q28 -> 0
A62: CONSTANTES CORPUSCULARES | H62: =SUM(B62:G62) -> 0 | J62: UNIDADES DE BANCO DE SANGRE | Q62: =Q41 -> 0
A63: RETICULOCITOS | H63: =SUM(B63:G63) -> 0 | P63: TOTAL | Q63: =SUM(Q54:Q62) -> 0
A64: TIEMPO DE TROMBOPLASTINA | H64: =SUM(B64:G64) -> 0
A65: TIEMPO DE PROTROMBINA | H65: =SUM(B65:G65) -> 0
A66: INR | H66: =SUM(B66:G66) -> 0
A67: FIBRINOGENO | H67: =SUM(B67:G67) -> 0
A68: DIMERO D | H68: =SUM(B68:G68) -> 0
A69: TOTAL EXAMENES MICROBIOLOGIA | B69: =SUM(B70:B81) -> 0 | C69: =SUM(C70:C81) -> 0 | D69: =SUM(D70:D81) -> 0 | E69: =SUM(E70:E81) -> 0 | F69: =SUM(F70:F81) -> 0 | G69: =SUM(G70:G81) -> 0 | H69: =SUM(B69:G69) -> 0
A70: UROCULTIVO | H70: =SUM(B70:G70) -> 0
A71: HEMOCULTIVO | H71: =SUM(B71:G71) -> 0
A72: CULTIVO DE CATETER | H72: =SUM(B72:G72) -> 0
A73: CULTIVO DE SECRECION | H73: =SUM(B73:G73) -> 0
A74: CITOQUIMICO | H74: =SUM(B74:G74) -> 0
A75: COPROCULTIVO | H75: =SUM(B75:G75) -> 0
A76: COLORACIÓN GRAM (Secrec.Vaginal y Otros) | H76: =SUM(B76:G76) -> 0
A77: KOH -HONGOS | H77: =SUM(B77:G77) -> 0
A78: CULTIVO DE HONGOS | H78: =SUM(B78:G78) -> 0
A79: TINTA CHINA | H79: =SUM(B79:G79) -> 0
A80: PH LÍQUIDOS CORPORALES | H80: =SUM(B80:G80) -> 0
A81: BACILOSCOPIA DE LÍQUIDOS CORPORALES | H81: =SUM(B81:G81) -> 0
A82: TOTAL EXAMENES URO -PARASITOLÓGICOS | B82: =SUM(B83:B94) -> 0 | C82: =SUM(C83:C94) -> 0 | D82: =SUM(D83:D94) -> 0 | E82: =SUM(E83:E94) -> 0 | F82: =SUM(F83:F94) -> 0 | G82: =SUM(G83:G94) -> 0 | H82: =SUM(B82:G82) -> 0
A83: HECES SERIADO | H83: =SUM(B83:G83) -> 0
A84: COPROPARASITOLOGICO FUNCIONAL | H84: =SUM(B84:G84) -> 0
A85: RX INFLAMATORIA | H85: =SUM(B85:G85) -> 0
A86: THEVENON HECES | H86: =SUM(B86:G86) -> 0
A87: SUDAN | H87: =SUM(B87:G87) -> 0
A88: BENEDICT | H88: =SUM(B88:G88) -> 0
A89: EXÁMEN COMPLETO DE ORINA | H89: =SUM(B89:G89) -> 0
A90: TEST GRAHAM | H90: =SUM(B90:G90) -> 0
A91: METODO DE CONCENTRACIÓN (BAERMANN) | H91: =SUM(B91:G91) -> 0
A92: EXAMEN DIRECTO DE HECES | H92: =SUM(B92:G92) -> 0
A93: ANTIGENO H. PYLORI EN HECES | H93: =SUM(B93:G93) -> 0
A94: ADENOVIRUS & ROTAVIRUS | H94: =SUM(B94:G94) -> 0
A95: TOTAL EXAMENES INMUNO SEROLÓGICOS | B95: =SUM(B96:B155) -> 0 | C95: =SUM(C96:C155) -> 0 | D95: =SUM(D96:D155) -> 0 | E95: =SUM(E96:E155) -> 0 | F95: =SUM(F96:F155) -> 0 | G95: =SUM(G96:G155) -> 0 | H95: =SUM(B95:G95) -> 0
A96: RPR | H96: =SUM(B96:G96) -> 0
A97: VDRL | H97: =SUM(B97:G97) -> 0
A98: AGLUTINACIONES | H98: =SUM(B98:G98) -> 0
A99: ROSA DE BENGALA | H99: =SUM(B99:G99) -> 0
A100: ANTI MIELOPEROXIDASA (MPO) | H100: =SUM(B100:G100) -> 0
A101: ANTI PROTEINASA 3 (PR3) | H101: =SUM(B101:G101) -> 0
A102: ANTI CARDIOLIPINA | H102: =SUM(B102:G102) -> 0
H103: =SUM(B103:G103) -> 0
A105: ANA (ELISA) | H105: =SUM(B105:G105) -> 0
A106: HELICOBACTER PILORY IGM | H106: =SUM(B106:G106) -> 0
A107: HELICOBACTER PILORY IGG | H107: =SUM(B107:G107) -> 0
...

Sheet ABRIL
A4: Establecimiento de Salud informante: | B4: HOSPITAL REGIONAL DE LORETO | K4: Mes: | L4: ABRIL
A6: Código Renaes: | B6: 3 | K6: Año:
A9: PATOLOGÍA CLÍNICA | B9: TOTAL | J9: ANATOMÍA PATOLÓGICA | K9: TOTAL
B10: Hospitaliz | C10: Emergenc | D10: C. Externa | E10: Privado | F10: Convenio | G10: Insolvencia | H10: TOTAL | K10: Hospitaliz | L10: Emergenc | M10: C. Externa | N10: Privado | O10: Convenio | P10: Insolvencia | Q10: TOTAL
A11: TOTAL DE EXAMENES LABORATORIO | B11: =B12+B51+B69+B82+B95 -> 0 | C11: =C12+C51+C69+C82+C95 -> 0 | D11: =D12+D51+D69+D82+D95 -> 0 | E11: =E12+E51+E69+E82+E95 -> 0 | F11: =F12+F51+F69+F82+F95 -> 0 | G11: =G12+G51+G69+G82+G95 -> 0 | H11: =SUM(B11:G11) -> 0 | J11: TOTAL EXAMENES ANATOMIA PATOLOGICA | K11: =SUM(K12:K23) -> 0 | L11: =SUM(L12:L23) -> 0 | M11: =SUM(M12:M23) -> 0 | N11: =SUM(N12:N23) -> 0 | O11: =SUM(O12:O23) -> 0 | P11: =SUM(P12:P23) -> 0 | Q11: =SUM(K11:P11) -> 0
A12: TOTAL EXAMENES BIOQUÍMICOS | B12: =SUM(B13:B50) -> 0 | C12: =SUM(C13:C50) -> 0 | D12: =SUM(D13:D50) -> 0 | E12: =SUM(E13:E50) -> 0 | F12: =SUM(F13:F50) -> 0 | G12: =SUM(G13:G50) -> 0 | H12: =SUM(B12:G12) -> 0 | J12: TOTAL EXAMENES CITOLÓGICOS (PAP) | Q12: =SUM(K12:P12) -> 0
A13: ACIDO URICO | H13: =SUM(B13:G13) -> 0 | J13: TOTAL BAAF | Q13: =SUM(K13:P13) -> 0
A14: CALCIO | H14: =SUM(B14:G14) -> 0 | J14: TOTAL EXAMENES HISTOPATOLÓGICOS (Biopsia) | Q14: =SUM(K14:P14) -> 0
A15: AMILASA | H15: =SUM(B15:G15) -> 0 | J15: TOTAL PIEZA QUIRURGICA (HISTOLOGIA) | Q15: =SUM(K15:P15) -> 0
A16: GLUCOSA | H16: =SUM(B16:G16) -> 0 | J16: TOTAL CITOLOGIA ESPECIAL | Q16: =SUM(K16:P16) -> 0
A17: GLUCOSA POST PRANDIAL | H17: =SUM(B17:G17) -> 0 | J17: TOTAL DE TEJIDOS INCLUIDOS | Q17: =SUM(K17:P17) -> 0
A18: FOSFORO | H18: =SUM(B18:G18) -> 0 | J18: TOTAL DE CORTES DE TEJIDOS | Q18: =SUM(K18:P18) -> 0
A19: HEMOGLOBINA GLICOSILADA | H19: =SUM(B19:G19) -> 0 | J19: TOTAL DE LÁMINAS MONTADAS | Q19: =SUM(K19:P19) -> 0
A20: TOLERANCIA A LA GLUCOSA | H20: =SUM(B20:G20) -> 0 | J20: TOTAL DE HISTOQUIMICA | Q20: =SUM(K20:P20) -> 0
A21: CREATININA | H21: =SUM(B21:G21) -> 0 | J21: TOTAL DE INMUNOHISTOQUIMICA
A22: DEPURACION DE CREATININA | H22: =SUM(B22:G22) -> 0 | J22: TOTAL AUTOPSIA MÉDICO LEGAL | Q22: =SUM(K22:P22) -> 0
A23: MICROALBUMINURIA | H23: =SUM(B23:G23) -> 0 | J23: TOTAL AUTOPSIA CLÍNICA | Q23: =SUM(K23:P23) -> 0
A24: UREA | H24: =SUM(B24:G24) -> 0
A25: PROTEINURIA 24 HORAS | H25: =SUM(B25:G25) -> 0
A26: BILIRRUBINA TOTAL | H26: =SUM(B26:G26) -> 0 | J26: PROGRAMAS / METAXENICAS | K26: TOTAL
A27: BILIRRUBINA DIRECTA | H27: =SUM(B27:G27) -> 0 | K27: Hospitaliz | L27: Emergenc | M27: Programa | N27: Privado | O27: Convenio | P27: Insolvencia | Q27: TOTAL
A28: PROTEINAS TOTAL | H28: =SUM(B28:G28) -> 0 | J28: TOTAL DE EXAMENES | K28: =SUM(K29:K37) -> 0 | L28: =SUM(L29:L37) -> 0 | M28: =SUM(M29:M37) -> 0 | N28: =SUM(N29:N37) -> 0 | O28: =SUM(O29:O37) -> 0 | P28: =SUM(P29:P37) -> 0 | Q28: =SUM(K28:P28) -> 0
A29: ALBUMINA | H29: =SUM(B29:G29) -> 0 | J29: TUBERCULOSIS | Q29: =SUM(K29:P29) -> 0
A30: TGO | H30: =SUM(B30:G30) -> 0 | J30: LEISHMANIA | Q30: =SUM(K30:P30) -> 0
A31: TGP | H31: =SUM(B31:G31) -> 0 | J31: PROGRAMA LEPRAE | Q31: =SUM(K31:P31) -> 0
A32: GGTP | H32: =SUM(B32:G32) -> 0 | J32: MALARIA | Q32: =SUM(K32:P32) -> 0
A33: LACTATO DESHIDROGENASA (DHL) | H33: =SUM(B33:G33) -> 0 | J33: METAXENICAS (REFERENCIAL) | Q33: =SUM(K33:P33) -> 0
A34: PROTEINA C REACTIVA (CUANTITATIVO) | H34: =SUM(B34:G34) -> 0 | J34: CULTIVO DE TB (REFERENCIAL) | Q34: =SUM(K34:P34) -> 0
A35: FOSFATASA ALCALINA | H35: =SUM(B35:G35) -> 0 | J35: PRUEBA RAPIDA DE DENGUE | Q35: =SUM(K35:P35) -> 0
A36: CPK TOTAL | H36: =SUM(B36:G36) -> 0 | J36: PRUEBA RAPIDA DE LEPTOSPIRA | Q36: =SUM(K36:P36) -> 0
A37: CPK MB | H37: =SUM(B37:G37) -> 0 | J37: PRUEBA RAPIDA DE COVID | Q37: =SUM(K37:P37) -> 0
A38: COLESTEROL | H38: =SUM(B38:G38) -> 0
A39: TRIGLICERIDOS | H39: =SUM(B39:G39) -> 0 | J39: BANCO DE SANGRE | K39: TOTAL
A40: HDLc | H40: =SUM(B40:G40) -> 0 | K40: Hospitaliz | L40: Emergenc | M40: C. Externa | N40: Privado | O40: Convenio | P40: Insolvencia | Q40: TOTAL
A41: LDLc | H41: =SUM(B41:G41) -> 0 | J41: TOTAL DE UNIDADES ENTREGADAS | K41: =SUM(K42:K49) -> 0 | L41: =SUM(L42:L49) -> 0 | M41: =SUM(M42:M49) -> 0 | N41: =SUM(N42:N49) -> 0 | O41: =SUM(O42:O49) -> 0 | P41: =SUM(P42:P49) -> 0 | Q41: =SUM(K41:P41) -> 0
A42: ASO | H42: =SUM(B42:G42) -> 0 | J42: SANGRE TOTAL | Q42: =SUM(K42:P42) -> 0
A43: FACTOR REUMATOIDEO | H43: =SUM(B43:G43) -> 0 | J43: GLOBULOS ROJOS | Q43: =SUM(K43:P43) -> 0
A44: HIERRO | H44: =SUM(B44:G44) -> 0 | J44: PLASMA FRESCO CONGELADO | Q44: =SUM(K44:P44) -> 0
A45: LIPASA | H45: =SUM(B45:G45) -> 0 | J45: CRIOPRECIPITADO | Q45: =SUM(K45:P45) -> 0
A46: TRANSFERRINA | H46: =SUM(B46:G46) -> 0 | J46: PLAQUETAS | Q46: =SUM(K46:P46) -> 0
A47: COMPLEMENTO C3 | H47: =SUM(B47:G47) -> 0 | J47: GRUPO SANGUINEO ABO EN GEL | Q47: =SUM(K47:P47) -> 0
A48: COMPLEMENTO C4 | H48: =SUM(B48:G48) -> 0 | J48: PRUEBA CRUZADA MAYOR | Q48: =SUM(K48:P48) -> 0
A49: GASES ARTERIALES | H49: =SUM(B49:G49) -> 0 | J49: PRUEBA CRUZADA MENOR | Q49: =SUM(K49:P49) -> 0
A50: ELECTROLITOS | H50: =SUM(B50:G50) -> 0
A51: TOTAL EXAMENES HEMATOLÓGICOS -HEMOSTASICOS | B51: =SUM(B52:B68) -> 0 | C51: =SUM(C52:C68) -> 0 | D51: =SUM(D52:D68) -> 0 | E51: =SUM(E52:E68) -> 0 | F51: =SUM(F52:F68) -> 0 | G51: =SUM(G52:G68) -> 0 | H51: =SUM(B51:G51) -> 0
A52: HEMATOCRITO | H52: =SUM(B52:G52) -> 0 | J52: TOTAL DE ATENCIONES EN EL DEPARTAMENTO DE PATOLOGIA CLÍNICA Y ANATOMIA PATOLOGICA
A53: HEMOGLOBINA | H53: =SUM(B53:G53) -> 0 | J53: PROGRAMAS DE SALUD OPORTUNOS PARA LA POBLACION | Q53: TOTAL
A54: HEMOGRAMA AUTOMATIZADO | H54: =SUM(B54:G54) -> 0 | J54: PROGRAMACION, SEGUIMIENTO Y EVALUACION DE ACTIVIDADES
A55: PLAQUETAS | H55: =SUM(B55:G55) -> 0 | J55: EXAMEN DE PROCEDIMIENTO BIOQUÍMICO | Q55: =(H12) -> 0
A56: T COAGULACIÓN & T SANGRÍA | H56: =SUM(B56:G56) -> 0 | J56: EXAMEN DE PROCEDIMIENTO HEMATOLÓGICO - HEMOSTASICOS | Q56: =(H51) -> 0
A57: VELOCIDAD DE SEDIMENTACIÓN GLOBULAR | H57: =SUM(B57:G57) -> 0 | J57: EXAMEN DE PROCEDIMIENTOS MICROBIOLÓGICOS | Q57: =(H69) -> 0
A58: TEST COOMBS DIRECTO | H58: =SUM(B58:G58) -> 0 | J58: EXAMEN DE PROCEDIMIENTOS UROPARASITOLÓGICOS | Q58: =H82 -> 0
A59: TEST DE COOMBS INDIRECTO | H59: =SUM(B59:G59) -> 0 | J59: EXAMEN DE PROCEDIMIENTOS INMUNOLÓGICOS | Q59: =H95 -> 0
A60: GRUPO SANGUINEO Y FACTOR RH | H60: =SUM(B60:G60) -> 0 | J60: EXAMEN DE PROCEDIMIENTO ANATOMO PATOLÓGICO | Q60: =Q11 -> 0
A61: LAMINA PERIFERICA | H61: =SUM(B61:G61) -> 0 | J61: EXAMEN DE PROGRAMAS | Q61: =Q28 -> 0
A62: CONSTANTES CORPUSCULARES | H62: =SUM(B62:G62) -> 0 | J62: UNIDADES DE BANCO DE SANGRE | Q62: =Q41 -> 0
A63: RETICULOCITOS | H63: =SUM(B63:G63) -> 0 | P63: TOTAL | Q63: =SUM(Q54:Q62) -> 0
A64: TIEMPO DE TROMBOPLASTINA | H64: =SUM(B64:G64) -> 0
A65: TIEMPO DE PROTROMBINA | H65: =SUM(B65:G65) -> 0
A66: INR | H66: =SUM(B66:G66) -> 0
A67: FIBRINOGENO | H67: =SUM(B67:G67) -> 0
A68: DIMERO D | H68: =SUM(B68:G68) -> 0
A69: TOTAL EXAMENES MICROBIOLOGIA | B69: =SUM(B70:B81) -> 0 | C69: =SUM(C70:C81) -> 0 | D69: =SUM(D70:D81) -> 0 | E69: =SUM(E70:E81) -> 0 | F69: =SUM(F70:F81) -> 0 | G69: =SUM(G70:G81) -> 0 | H69: =SUM(B69:G69) -> 0
A70: UROCULTIVO | H70: =SUM(B70:G70) -> 0
A71: HEMOCULTIVO | H71: =SUM(B71:G71) -> 0
A72: CULTIVO DE CATETER | H72: =SUM(B72:G72) -> 0
A73: CULTIVO DE SECRECION | H73: =SUM(B73:G73) -> 0
A74: CITOQUIMICO | H74: =SUM(B74:G74) -> 0
A75: COPROCULTIVO | H75: =SUM(B75:G75) -> 0
A76: COLORACIÓN GRAM (Secrec.Vaginal y Otros) | H76: =SUM(B76:G76) -> 0
A77: KOH -HONGOS | H77: =SUM(B77:G77) -> 0
A78: CULTIVO DE HONGOS | H78: =SUM(B78:G78) -> 0
A79: TINTA CHINA | H79: =SUM(B79:G79) -> 0
A80: PH LÍQUIDOS CORPORALES | H80: =SUM(B80:G80) -> 0
A81: BACILOSCOPIA DE LÍQUIDOS CORPORALES | H81: =SUM(B81:G81) -> 0
A82: TOTAL EXAMENES URO -PARASITOLÓGICOS | B82: =SUM(B83:B94) -> 0 | C82: =SUM(C83:C94) -> 0 | D82: =SUM(D83:D94) -> 0 | E82: =SUM(E83:E94) -> 0 | F82: =SUM(F83:F94) -> 0 | G82: =SUM(G83:G94) -> 0 | H82: =SUM(B82:G82) -> 0
A83: HECES SERIADO | H83: =SUM(B83:G83) -> 0
A84: COPROPARASITOLOGICO FUNCIONAL | H84: =SUM(B84:G84) -> 0
A85: RX INFLAMATORIA | H85: =SUM(B85:G85) -> 0
A86: THEVENON HECES | H86: =SUM(B86:G86) -> 0
A87: SUDAN | H87: =SUM(B87:G87) -> 0
A88: BENEDICT | H88: =SUM(B88:G88) -> 0
A89: EXÁMEN COMPLETO DE ORINA | H89: =SUM(B89:G89) -> 0
A90: TEST GRAHAM | H90: =SUM(B90:G90) -> 0
A91: METODO DE CONCENTRACIÓN (BAERMANN) | H91: =SUM(B91:G91) -> 0
A92: EXAMEN DIRECTO DE HECES | H92: =SUM(B92:G92) -> 0
A93: ANTIGENO H. PYLORI EN HECES | H93: =SUM(B93:G93) -> 0
A94: ADENOVIRUS & ROTAVIRUS | H94: =SUM(B94:G94) -> 0
A95: TOTAL EXAMENES INMUNO SEROLÓGICOS | B95: =SUM(B96:B155) -> 0 | C95: =SUM(C96:C155) -> 0 | D95: =SUM(D96:D155) -> 0 | E95: =SUM(E96:E155) -> 0 | F95: =SUM(F96:F155) -> 0 | G95: =SUM(G96:G155) -> 0 | H95: =SUM(B95:G95) -> 0
A96: RPR | H96: =SUM(B96:G96) -> 0
A97: VDRL | H97: =SUM(B97:G97) -> 0
A98: AGLUTINACIONES | H98: =SUM(B98:G98) -> 0
A99: ROSA DE BENGALA | H99: =SUM(B99:G99) -> 0
A100: ANTI MIELOPEROXIDASA (MPO) | H100: =SUM(B100:G100) -> 0
A101: ANTI PROTEINASA 3 (PR3) | H101: =SUM(B101:G101) -> 0
A102: ANTI CARDIOLIPINA | H102: =SUM(B102:G102) -> 0
H103: =SUM(B103:G103) -> 0
A105: ANA (ELISA) | H105: =SUM(B105:G105) -> 0
A106: HELICOBACTER PILORY IGM | H106: =SUM(B106:G106) -> 0
A107: HELICOBACTER PILORY IGG | H107: =SUM(B107:G107) -> 0
...

Sheet MAYO
A4: Establecimiento de Salud informante: | B4: HOSPITAL REGIONAL DE LORETO | K4: Mes: | L4: MAYO
A6: Código Renaes: | B6: 3 | K6: Año:
A9: PATOLOGÍA CLÍNICA | B9: TOTAL | J9: ANATOMÍA PATOLÓGICA | K9: TOTAL
B10: Hospitaliz | C10: Emergenc | D10: C. Externa | E10: Privado | F10: Convenio | G10: Insolvencia | H10: TOTAL | K10: Hospitaliz | L10: Emergenc | M10: C. Externa | N10: Privado | O10: Convenio | P10: Insolvencia | Q10: TOTAL
A11: TOTAL DE EXAMENES LABORATORIO | B11: =B12+B51+B69+B82+B95 -> 0 | C11: =C12+C51+C69+C82+C95 -> 0 | D11: =D12+D51+D69+D82+D95 -> 0 | E11: =E12+E51+E69+E82+E95 -> 0 | F11: =F12+F51+F69+F82+F95 -> 0 | G11: =G12+G51+G69+G82+G95 -> 0 | H11: =SUM(B11:G11) -> 0 | J11: TOTAL EXAMENES ANATOMIA PATOLOGICA | K11: =SUM(K12:K23) -> 0 | L11: =SUM(L12:L23) -> 0 | M11: =SUM(M12:M23) -> 0 | N11: =SUM(N12:N23) -> 0 | O11: =SUM(O12:O23) -> 0 | P11: =SUM(P12:P23) -> 0 | Q11: =SUM(K11:P11) -> 0
A12: TOTAL EXAMENES BIOQUÍMICOS | B12: =SUM(B13:B50) -> 0 | C12: =SUM(C13:C50) -> 0 | D12: =SUM(D13:D50) -> 0 | E12: =SUM(E13:E50) -> 0 | F12: =SUM(F13:F50) -> 0 | G12: =SUM(G13:G50) -> 0 | H12: =SUM(B12:G12) -> 0 | J12: TOTAL EXAMENES CITOLÓGICOS (PAP) | Q12: =SUM(K12:P12) -> 0
A13: ACIDO URICO | H13: =SUM(B13:G13) -> 0 | J13: TOTAL BAAF | Q13: =SUM(K13:P13) -> 0
A14: CALCIO | H14: =SUM(B14:G14) -> 0 | J14: TOTAL EXAMENES HISTOPATOLÓGICOS (Biopsia) | Q14: =SUM(K14:P14) -> 0
A15: AMILASA | H15: =SUM(B15:G15) -> 0 | J15: TOTAL PIEZA QUIRURGICA (HISTOLOGIA) | Q15: =SUM(K15:P15) -> 0
A16: GLUCOSA | H16: =SUM(B16:G16) -> 0 | J16: TOTAL CITOLOGIA ESPECIAL | Q16: =SUM(K16:P16) -> 0
A17: GLUCOSA POST PRANDIAL | H17: =SUM(B17:G17) -> 0 | J17: TOTAL DE TEJIDOS INCLUIDOS | Q17: =SUM(K17:P17) -> 0
A18: FOSFORO | H18: =SUM(B18:G18) -> 0 | J18: TOTAL DE CORTES DE TEJIDOS | Q18: =SUM(K18:P18) -> 0
A19: HEMOGLOBINA GLICOSILADA | H19: =SUM(B19:G19) -> 0 | J19: TOTAL DE LÁMINAS MONTADAS | Q19: =SUM(K19:P19) -> 0
A20: TOLERANCIA A LA GLUCOSA | H20: =SUM(B20:G20) -> 0 | J20: TOTAL DE HISTOQUIMICA | Q20: =SUM(K20:P20) -> 0
A21: CREATININA | H21: =SUM(B21:G21) -> 0
A22: DEPURACION DE CREATININA | H22: =SUM(B22:G22) -> 0 | J22: TOTAL AUTOPSIA MÉDICO LEGAL | Q22: =SUM(K22:P22) -> 0
A23: MICROALBUMINURIA | H23: =SUM(B23:G23) -> 0 | J23: TOTAL AUTOPSIA CLÍNICA | Q23: =SUM(K23:P23) -> 0
A24: UREA | H24: =SUM(B24:G24) -> 0
A25: PROTEINURIA 24 HORAS | H25: =SUM(B25:G25) -> 0
A26: BILIRRUBINA TOTAL | H26: =SUM(B26:G26) -> 0 | J26: PROGRAMAS / METAXENICAS | K26: TOTAL
A27: BILIRRUBINA DIRECTA | H27: =SUM(B27:G27) -> 0 | K27: Hospitaliz | L27: Emergenc | M27: Programa | N27: Privado | O27: Convenio | P27: Insolvencia | Q27: TOTAL
A28: PROTEINAS TOTAL | H28: =SUM(B28:G28) -> 0 | J28: TOTAL DE EXAMENES | K28: =SUM(K29:K37) -> 0 | L28: =SUM(L29:L37) -> 0 | M28: =SUM(M29:M37) -> 0 | N28: =SUM(N29:N37) -> 0 | O28: =SUM(O29:O37) -> 0 | P28: =SUM(P29:P37) -> 0 | Q28: =SUM(K28:P28) -> 0
A29: ALBUMINA | H29: =SUM(B29:G29) -> 0 | J29: TUBERCULOSIS | Q29: =SUM(K29:P29) -> 0
A30: TGO | H30: =SUM(B30:G30) -> 0 | J30: LEISHMANIA | Q30: =SUM(K30:P30) -> 0
A31: TGP | H31: =SUM(B31:G31) -> 0 | J31: PROGRAMA LEPRAE | Q31: =SUM(K31:P31) -> 0
A32: GGTP | H32: =SUM(B32:G32) -> 0 | J32: MALARIA | Q32: =SUM(K32:P32) -> 0
A33: LACTATO DESHIDROGENASA (DHL) | H33: =SUM(B33:G33) -> 0 | J33: METAXENICAS (REFERENCIAL) | Q33: =SUM(K33:P33) -> 0
A34: PROTEINA C REACTIVA (CUANTITATIVO) | H34: =SUM(B34:G34) -> 0 | J34: CULTIVO DE TB (REFERENCIAL) | Q34: =SUM(K34:P34) -> 0
A35: FOSFATASA ALCALINA | H35: =SUM(B35:G35) -> 0 | J35: PRUEBA RAPIDA DE DENGUE | Q35: =SUM(K35:P35) -> 0
A36: CPK TOTAL | H36: =SUM(B36:G36) -> 0 | J36: PRUEBA RAPIDA DE LEPTOSPIRA | Q36: =SUM(K36:P36) -> 0
A37: CPK MB | H37: =SUM(B37:G37) -> 0 | J37: PRUEBA RAPIDA DE COVID | Q37: =SUM(K37:P37) -> 0
A38: COLESTEROL | H38: =SUM(B38:G38) -> 0
A39: TRIGLICERIDOS | H39: =SUM(B39:G39) -> 0 | J39: BANCO DE SANGRE | K39: TOTAL
A40: HDLc | H40: =SUM(B40:G40) -> 0 | K40: Hospitaliz | L40: Emergenc | M40: C. Externa | N40: Privado | O40: Convenio | P40: Insolvencia | Q40: TOTAL
A41: LDLc | H41: =SUM(B41:G41) -> 0 | J41: TOTAL DE UNIDADES ENTREGADAS | K41: =SUM(K42:K49) -> 0 | L41: =SUM(L42:L49) -> 0 | M41: =SUM(M42:M49) -> 0 | N41: =SUM(N42:N49) -> 0 | O41: =SUM(O42:O49) -> 0 | P41: =SUM(P42:P49) -> 0 | Q41: =SUM(K41:P41) -> 0
A42: ASO | H42: =SUM(B42:G42) -> 0 | J42: SANGRE TOTAL | Q42: =SUM(K42:P42) -> 0
A43: FACTOR REUMATOIDEO | H43: =SUM(B43:G43) -> 0 | J43: GLOBULOS ROJOS | Q43: =SUM(K43:P43) -> 0
A44: HIERRO | H44: =SUM(B44:G44) -> 0 | J44: PLASMA FRESCO CONGELADO | Q44: =SUM(K44:P44) -> 0
A45: LIPASA | H45: =SUM(B45:G45) -> 0 | J45: CRIOPRECIPITADO | Q45: =SUM(K45:P45) -> 0
A46: TRANSFERRINA | H46: =SUM(B46:G46) -> 0 | J46: PLAQUETAS | Q46: =SUM(K46:P46) -> 0
A47: COMPLEMENTO C3 | H47: =SUM(B47:G47) -> 0 | J47: GRUPO SANGUINEO ABO EN GEL | Q47: =SUM(K47:P47) -> 0
A48: COMPLEMENTO C4 | H48: =SUM(B48:G48) -> 0 | J48: PRUEBA CRUZADA MAYOR | Q48: =SUM(K48:P48) -> 0
A49: GASES ARTERIALES | H49: =SUM(B49:G49) -> 0 | J49: PRUEBA CRUZADA MENOR | Q49: =SUM(K49:P49) -> 0
A50: ELECTROLITOS | H50: =SUM(B50:G50) -> 0
A51: TOTAL EXAMENES HEMATOLÓGICOS -HEMOSTASICOS | B51: =SUM(B52:B68) -> 0 | C51: =SUM(C52:C68) -> 0 | D51: =SUM(D52:D68) -> 0 | E51: =SUM(E52:E68) -> 0 | F51: =SUM(F52:F68) -> 0 | G51: =SUM(G52:G68) -> 0 | H51: =SUM(B51:G51) -> 0
A52: HEMATOCRITO | H52: =SUM(B52:G52) -> 0 | J52: TOTAL DE ATENCIONES EN EL DEPARTAMENTO DE PATOLOGIA CLÍNICA Y ANATOMIA PATOLOGICA
A53: HEMOGLOBINA | H53: =SUM(B53:G53) -> 0 | J53: PROGRAMAS DE SALUD OPORTUNOS PARA LA POBLACION | Q53: TOTAL
A54: HEMOGRAMA AUTOMATIZADO | H54: =SUM(B54:G54) -> 0 | J54: PROGRAMACION, SEGUIMIENTO Y EVALUACION DE ACTIVIDADES
A55: PLAQUETAS | H55: =SUM(B55:G55) -> 0 | J55: EXAMEN DE PROCEDIMIENTO BIOQUÍMICO | Q55: =(H12) -> 0
A56: T COAGULACIÓN & T SANGRÍA | H56: =SUM(B56:G56) -> 0 | J56: EXAMEN DE PROCEDIMIENTO HEMATOLÓGICO - HEMOSTASICOS | Q56: =(H51) -> 0
A57: VELOCIDAD DE SEDIMENTACIÓN GLOBULAR | H57: =SUM(B57:G57) -> 0 | J57: EXAMEN DE PROCEDIMIENTOS MICROBIOLÓGICOS | Q57: =(H69) -> 0
A58: TEST COOMBS DIRECTO | H58: =SUM(B58:G58) -> 0 | J58: EXAMEN DE PROCEDIMIENTOS UROPARASITOLÓGICOS | Q58: =H82 -> 0
A59: TEST DE COOMBS INDIRECTO | H59: =SUM(B59:G59) -> 0 | J59: EXAMEN DE PROCEDIMIENTOS INMUNOLÓGICOS | Q59: =H95 -> 0
A60: GRUPO SANGUINEO Y FACTOR RH | H60: =SUM(B60:G60) -> 0 | J60: EXAMEN DE PROCEDIMIENTO ANATOMO PATOLÓGICO | Q60: =Q11 -> 0
A61: LAMINA PERIFERICA | H61: =SUM(B61:G61) -> 0 | J61: EXAMEN DE PROGRAMAS | Q61: =Q28 -> 0
A62: CONSTANTES CORPUSCULARES | H62: =SUM(B62:G62) -> 0 | J62: UNIDADES DE BANCO DE SANGRE | Q62: =Q41 -> 0
A63: RETICULOCITOS | H63: =SUM(B63:G63) -> 0 | P63: TOTAL | Q63: =SUM(Q54:Q62) -> 0
A64: TIEMPO DE TROMBOPLASTINA | H64: =SUM(B64:G64) -> 0
A65: TIEMPO DE PROTROMBINA | H65: =SUM(B65:G65) -> 0
A66: INR | H66: =SUM(B66:G66) -> 0
A67: FIBRINOGENO | H67: =SUM(B67:G67) -> 0
A68: DIMERO D | H68: =SUM(B68:G68) -> 0
A69: TOTAL EXAMENES MICROBIOLOGIA | B69: =SUM(B70:B81) -> 0 | C69: =SUM(C70:C81) -> 0 | D69: =SUM(D70:D81) -> 0 | E69: =SUM(E70:E81) -> 0 | F69: =SUM(F70:F81) -> 0 | G69: =SUM(G70:G81) -> 0 | H69: =SUM(B69:G69) -> 0
A70: UROCULTIVO | H70: =SUM(B70:G70) -> 0
A71: HEMOCULTIVO | H71: =SUM(B71:G71) -> 0
A72: CULTIVO DE CATETER | H72: =SUM(B72:G72) -> 0
A73: CULTIVO DE SECRECION | H73: =SUM(B73:G73) -> 0
A74: CITOQUIMICO | H74: =SUM(B74:G74) -> 0
A75: COPROCULTIVO | H75: =SUM(B75:G75) -> 0
A76: COLORACIÓN GRAM (Secrec.Vaginal y Otros) | H76: =SUM(B76:G76) -> 0
A77: KOH -HONGOS | H77: =SUM(B77:G77) -> 0
A78: CULTIVO DE HONGOS | H78: =SUM(B78:G78) -> 0
A79: TINTA CHINA | H79: =SUM(B79:G79) -> 0
A80: PH LÍQUIDOS CORPORALES | H80: =SUM(B80:G80) -> 0
A81: BACILOSCOPIA DE LÍQUIDOS CORPORALES | H81: =SUM(B81:G81) -> 0
A82: TOTAL EXAMENES URO -PARASITOLÓGICOS | B82: =SUM(B83:B94) -> 0 | C82: =SUM(C83:C94) -> 0 | D82: =SUM(D83:D94) -> 0 | E82: =SUM(E83:E94) -> 0 | F82: =SUM(F83:F94) -> 0 | G82: =SUM(G83:G94) -> 0 | H82: =SUM(B82:G82) -> 0
A83: HECES SERIADO | H83: =SUM(B83:G83) -> 0
A84: COPROPARASITOLOGICO FUNCIONAL | H84: =SUM(B84:G84) -> 0
A85: RX INFLAMATORIA | H85: =SUM(B85:G85) -> 0
A86: THEVENON HECES | H86: =SUM(B86:G86) -> 0
A87: SUDAN | H87: =SUM(B87:G87) -> 0
A88: BENEDICT | H88: =SUM(B88:G88) -> 0
A89: EXÁMEN COMPLETO DE ORINA | H89: =SUM(B89:G89) -> 0
A90: TEST GRAHAM | H90: =SUM(B90:G90) -> 0
A91: METODO DE CONCENTRACIÓN (BAERMANN) | H91: =SUM(B91:G91) -> 0
A92: EXAMEN DIRECTO DE HECES | H92: =SUM(B92:G92) -> 0
A93: ANTIGENO H. PYLORI EN HECES | H93: =SUM(B93:G93) -> 0
A94: ADENOVIRUS & ROTAVIRUS | H94: =SUM(B94:G94) -> 0
A95: TOTAL EXAMENES INMUNO SEROLÓGICOS | B95: =SUM(B96:B155) -> 0 | C95: =SUM(C96:C155) -> 0 | D95: =SUM(D96:D155) -> 0 | E95: =SUM(E96:E155) -> 0 | F95: =SUM(F96:F155) -> 0 | G95: =SUM(G96:G155) -> 0 | H95: =SUM(B95:G95) -> 0
A96: RPR | H96: =SUM(B96:G96) -> 0
A97: VDRL | H97: =SUM(B97:G97) -> 0
A98: AGLUTINACIONES | H98: =SUM(B98:G98) -> 0
A99: ROSA DE BENGALA | H99: =SUM(B99:G99) -> 0
A100: ANTI MIELOPEROXIDASA (MPO) | H100: =SUM(B100:G100) -> 0
A101: ANTI PROTEINASA 3 (PR3) | H101: =SUM(B101:G101) -> 0
A102: ANTI CARDIOLIPINA | H102: =SUM(B102:G102) -> 0
A103: ANTI B2-GLICOPROTEINA | H103: =SUM(B103:G103) -> 0
A104: ANTI M2-3E (AMA) | H104: =SUM(B104:G104) -> 0
A105: ANA (ELISA) | H105: =SUM(B105:G105) -> 0
A106: HELICOBACTER PILORY IGM | H106: =SUM(B106:G106) -> 0
...

Sheet CONSOLIDADO
A4: Establecimiento de Salud informante: | B4: HOSPITAL REGIONAL DE LORETO | K4: Mes: | L4: ENERO A DICIEMBRE
A6: Código Renipress: | B6: 3 | K6: Año: | L6: 2025
A9: PATOLOGÍA CLÍNICA | B9: TOTAL | J9: ANATOMÍA PATOLÓGICA | K9: TOTAL
B10: Hospitaliz | C10: Emergenc | D10: C. Externa | E10: Privado | F10: Convenio | G10: Insolvencia | H10: TOTAL | K10: Hospitaliz | L10: Emergenc | M10: C. Externa | N10: Privado | O10: Convenio | P10: Insolvencia | Q10: TOTAL
A11: TOTAL DE EXAMENES LABORATORIO | B11: =B12+B51+B69+B82+B95+K11+K28+K41 -> #REF! | C11: =C12+C51+C69+C82+C95+L11+L28+L41 -> #REF! | D11: =D12+D51+D69+D82+D95+M11+M28+M41 -> #REF! | E11: =E12+E51+E69+E82+E95+N11+N28+N41 -> #REF! | F11: =F12+F51+F69+F82+F95+O11+O28+O41 -> #REF! | G11: =G12+G51+G69+G82+G95+P11+P28+P41 -> #REF! | H11: =SUM(B11:G11) -> #REF! | J11: TOTAL EXAMENES ANATOMIA PATOLOGICA | K11: =SUM(K12:K23) -> #REF! | L11: =SUM(L12:L23) -> #REF! | M11: =SUM(M12:M23) -> #REF! | N11: =SUM(N12:N23) -> #REF! | O11: =SUM(O12:O23) -> #REF! | P11: =SUM(P12:P23) -> #REF! | Q11: =SUM(K11:P11) -> #REF!
A12: TOTAL EXAMENES BIOQUÍMICOS | B12: =SUM(B13:B50) -> #REF! | C12: =SUM(C13:C50) -> #REF! | D12: =SUM(D13:D50) -> #REF! | E12: =SUM(E13:E50) -> #REF! | F12: =SUM(F13:F50) -> #REF! | G12: =SUM(G13:G50) -> #REF! | H12: =SUM(B12:G12) -> #REF! | J12: TOTAL EXAMENES CITOLÓGICOS (PAP) | K12: =SUM(ENERO!K12+FEBRERO!K12+MARZO!K12+ABRIL!K12+MAYO!K12+#REF!+#REF!+#REF!+#REF!+#REF!+#REF!+#REF!) -> #REF! | L12: =SUM(ENERO!L12+FEBRERO!L12+MARZO!L12+ABRIL!L12+MAYO!L12+#REF!+#REF!+#REF!+#REF!+#REF!+#REF!+#REF!) -> #REF! | M12: =SUM(ENERO!M12+FEBRERO!M12+MARZO!M12+ABRIL!M12+MAYO!M12+#REF!+#REF!+#REF!+#REF!+#REF!+#REF!+#REF!) -> #REF! | N12: =SUM(ENERO!N12+FEBRERO!N12+MARZO!N12+ABRIL!N12+MAYO!N12+#REF!+#REF!+#REF!+#REF!+#REF!+#REF!+#REF!) -> #REF! | O12: =SUM(ENERO!O12+FEBRERO!O12+MARZO!O12+ABRIL!O12+MAYO!O12+#REF!+#REF!+#REF!+#REF!+#REF!+#REF!+#REF!) -> #REF! | P12: =SUM(ENERO!P12+FEBRERO!P12+MARZO!P12+ABRIL!P12+MAYO!P12+#REF!+#REF!+#REF!+#REF!+#REF!+#REF!+#REF!) -> #REF! | Q12: =SUM(K12:P12) -> #REF!
A13: ACIDO URICO | B13: =SUM(ENERO!B13+FEBRERO!B13+MARZO!B13+ABRIL!B13+MAYO!B13+#REF!+#REF!+#REF!+#REF!+#REF!+#REF!+#REF!) -> #REF! | C13: =SUM(ENERO!C13+FEBRERO!C13+MARZO!C13+ABRIL!C13+MAYO!C13+#REF!+#REF!+#REF!+#REF!+#REF!+#REF!+#REF!) -> #REF! | D13: =SUM(ENERO!D13+FEBRERO!D13+MARZO!D13+ABRIL!D13+MAYO!D13+#REF!+#REF!+#REF!+#REF!+#REF!+#REF!+#REF!) -> #REF! | E13: =SUM(ENERO!E13+FEBRERO!E13+MARZO!E13+ABRIL!E13+MAYO!E13+#REF!+#REF!+#REF!+#REF!+#REF!+#REF!+#REF!) -> #REF! | F13: =SUM(ENERO!F13+FEBRERO!F13+MARZO!F13+ABRIL!F13+MAYO!F13+#REF!+#REF!+#REF!+#REF!+#REF!+#REF!+#REF!) -> #REF! | G13: =SUM(ENERO!G13+FEBRERO!G13+MARZO!G13+ABRIL!G13+MAYO!G13+#REF!+#REF!+#REF!+#REF!+#REF!+#REF!+#REF!) -> #REF! | H13: =SUM(B13:G13) -> #REF! | J13: TOTAL BAAF | K13: =SUM(ENERO!K13+FEBRERO!K13+MARZO!K13+ABRIL!K13+MAYO!K13+#REF!+#REF!+#REF!+#REF!+#REF!+#REF!+#REF!) -> #REF! | L13: =SUM(ENERO!L13+FEBRERO!L13+MARZO!L13+ABRIL!L13+MAYO!L13+#REF!+#REF!+#REF!+#REF!+#REF!+#REF!+#REF!) -> #REF! | M13: =SUM(ENERO!M13+FEBRERO!M13+MARZO!M13+ABRIL!M13+MAYO!M13+#REF!+#REF!+#REF!+#REF!+#REF!+#REF!+#REF!) -> #REF! | N13: =SUM(ENERO!N13+FEBRERO!N13+MARZO!N13+ABRIL!N13+MAYO!N13+#REF!+#REF!+#REF!+#REF!+#REF!+#REF!+#REF!) -> #REF! | O13: =SUM(ENERO!O13+FEBRERO!O13+MARZO!O13+ABRIL!O13+MAYO!O13+#REF!+#REF!+#REF!+#REF!+#REF!+#REF!+#REF!) -> #REF! | P13: =SUM(ENERO!P13+FEBRERO!P13+MARZO!P13+ABRIL!P13+MAYO!P13+#REF!+#REF!+#REF!+#REF!+#REF!+#REF!+#REF!) -> #REF! | Q13: =SUM(K13:P13) -> #REF!
A14: CALCIO | B14: =SUM(ENERO!B14+FEBRERO!B14+MARZO!B14+ABRIL!B14+MAYO!B14+#REF!+#REF!+#REF!+#REF!+#REF!+#REF!+#REF!) -> #REF! | C14: =SUM(ENERO!C14+FEBRERO!C14+MARZO!C14+ABRIL!C14+MAYO!C14+#REF!+#REF!+#REF!+#REF!+#REF!+#REF!+#REF!) -> #REF! | D14: =SUM(ENERO!D14+FEBRERO!D14+MARZO!D14+ABRIL!D14+MAYO!D14+#REF!+#REF!+#REF!+#REF!+#REF!+#REF!+#REF!) -> #REF! | E14: =SUM(ENERO!E14+FEBRERO!E14+MARZO!E14+ABRIL!E14+MAYO!E14+#REF!+#REF!+#REF!+#REF!+#REF!+#REF!+#REF!) -> #REF! | F14: =SUM(ENERO!F14+FEBRERO!F14+MARZO!F14+ABRIL!F14+MAYO!F14+#REF!+#REF!+#REF!+#REF!+#REF!+#REF!+#REF!) -> #REF! | G14: =SUM(ENERO!G14+FEBRERO!G14+MARZO!G14+ABRIL!G14+MAYO!G14+#REF!+#REF!+#REF!+#REF!+#REF!+#REF!+#REF!) -> #REF! | H14: =SUM(B14:G14) -> #REF! | J14: TOTAL EXAMENES HISTOPATOLÓGICOS (Biopsia) | K14: =SUM(ENERO!K14+FEBRERO!K14+MARZO!K14+ABRIL!K14+MAYO!K14+#REF!+#REF!+#REF!+#REF!+#REF!+#REF!+#REF!) -> #REF! | L14: =SUM(ENERO!L14+FEBRERO!L14+MARZO!L14+ABRIL!L14+MAYO!L14+#REF!+#REF!+#REF!+#REF!+#REF!+#REF!+#REF!) -> #REF! | M14: =SUM(ENERO!M14+FEBRERO!M14+MARZO!M14+ABRIL!M14+MAYO!M14+#REF!+#REF!+#REF!+#REF!+#REF!+#REF!+#REF!) -> #REF! | N14: =SUM(ENERO!N14+FEBRERO!N14+MARZO!N14+ABRIL!N14+MAYO!N14+#REF!+#REF!+#REF!+#REF!+#REF!+#REF!+#REF!) -> #REF! | O14: =SUM(ENERO!O14+FEBRERO!O14+MARZO!O14+ABRIL!O14+MAYO!O14+#REF!+#REF!+#REF!+#REF!+#REF!+#REF!+#REF!) -> #REF! | P14: =SUM(ENERO!P14+FEBRERO!P14+MARZO!P14+ABRIL!P14+MAYO!P14+#REF!+#REF!+#REF!+#REF!+#REF!+#REF!+#REF!) -> #REF! | Q14: =SUM(K14:P14) -> #REF!
A15: AMILASA | B15: =SUM(ENERO!B15+FEBRERO!B15+MARZO!B15+ABRIL!B15+MAYO!B15+#REF!+#REF!+#REF!+#REF!+#REF!+#REF!+#REF!) -> #REF! | C15: =SUM(ENERO!C15+FEBRERO!C15+MARZO!C15+ABRIL!C15+MAYO!C15+#REF!+#REF!+#REF!+#REF!+#REF!+#REF!+#REF!) -> #REF! | D15: =SUM(ENERO!D15+FEBRERO!D15+MARZO!D15+ABRIL!D15+MAYO!D15+#REF!+#REF!+#REF!+#REF!+#REF!+#REF!+#REF!) -> #REF! | E15: =SUM(ENERO!E15+FEBRERO!E15+MARZO!E15+ABRIL!E15+MAYO!E15+#REF!+#REF!+#REF!+#REF!+#REF!+#REF!+#REF!) -> #REF! | F15: =SUM(ENERO!F15+FEBRERO!F15+MARZO!F15+ABRIL!F15+MAYO!F15+#REF!+#REF!+#REF!+#REF!+#REF!+#REF!+#REF!) -> #REF! | G15: =SUM(ENERO!G15+FEBRERO!G15+MARZO!G15+ABRIL!G15+MAYO!G15+#REF!+#REF!+#REF!+#REF!+#REF!+#REF!+#REF!) -> #REF! | H15: =SUM(B15:G15) -> #REF! | J15: TOTAL PIEZA QUIRURGICA (HISTOLOGIA) | K15: =SUM(ENERO!K15+FEBRERO!K15+MARZO!K15+ABRIL!K15+MAYO!K15+#REF!+#REF!+#REF!+#REF!+#REF!+#REF!+#REF!) -> #REF! | L15: =SUM(ENERO!L15+FEBRERO!L15+MARZO!L15+ABRIL!L15+MAYO!L15+#REF!+#REF!+#REF!+#REF!+#REF!+#REF!+#REF!) -> #REF! | M15: =SUM(ENERO!M15+FEBRERO!M15+MARZO!M15+ABRIL!M15+MAYO!M15+#REF!+#REF!+#REF!+#REF!+#REF!+#REF!+#REF!) -> #REF! | N15: =SUM(ENERO!N15+FEBRERO!N15+MARZO!N15+ABRIL!N15+MAYO!N15+#REF!+#REF!+#REF!+#REF!+#REF!+#REF!+#REF!) -> #REF! | O15: =SUM(ENERO!O15+FEBRERO!O15+MARZO!O15+ABRIL!O15+MAYO!O15+#REF!+#REF!+#REF!+#REF!+#REF!+#REF!+#REF!) -> #REF! | P15: =SUM(ENERO!P15+FEBRERO!P15+MARZO!P15+ABRIL!P15+MAYO!P15+#REF!+#REF!+#REF!+#REF!+#REF!+#REF!+#REF!) -> #REF! | Q15: =SUM(K15:P15) -> #REF!
A16: GLUCOSA | B16: =SUM(ENERO!B16+FEBRERO!B16+MARZO!B16+ABRIL!B16+MAYO!B16+#REF!+#REF!+#REF!+#REF!+#REF!+#REF!+#REF!) -> #REF! | C16: =SUM(ENERO!C16+FEBRERO!C16+MARZO!C16+ABRIL!C16+MAYO!C16+#REF!+#REF!+#REF!+#REF!+#REF!+#REF!+#REF!) -> #REF! | D16: =SUM(ENERO!D16+FEBRERO!D16+MARZO!D16+ABRIL!D16+MAYO!D16+#REF!+#REF!+#REF!+#REF!+#REF!+#REF!+#REF!) -> #REF! | E16: =SUM(ENERO!E16+FEBRERO!E16+MARZO!E16+ABRIL!E16+MAYO!E16+#REF!+#REF!+#REF!+#REF!+#REF!+#REF!+#REF!) -> #REF! | F16: =SUM(ENERO!F16+FEBRERO!F16+MARZO!F16+ABRIL!F16+MAYO!F16+#REF!+#REF!+#REF!+#REF!+#REF!+#REF!+#REF!) -> #REF! | G16: =SUM(ENERO!G16+FEBRERO!G16+MARZO!G16+ABRIL!G16+MAYO!G16+#REF!+#REF!+#REF!+#REF!+#REF!+#REF!+#REF!) -> #REF! | H16: =SUM(B16:G16) -> #REF! | J16: TOTAL CITOLOGIA ESPECIAL | K16: =SUM(ENERO!K16+FEBRERO!K16+MARZO!K16+ABRIL!K16+MAYO!K16+#REF!+#REF!+#REF!+#REF!+#REF!+#REF!+#REF!) -> #REF! | L16: =SUM(ENERO!L16+FEBRERO!L16+MARZO!L16+ABRIL!L16+MAYO!L16+#REF!+#REF!+#REF!+#REF!+#REF!+#REF!+#REF!) -> #REF! | M16: =SUM(ENERO!M16+FEBRERO!M16+MARZO!M16+ABRIL!M16+MAYO!M16+#REF!+#REF!+#REF!+#REF!+#REF!+#REF!+#REF!) -> #REF! | N16: =SUM(ENERO!N16+FEBRERO!N16+MARZO!N16+ABRIL!N16+MAYO!N16+#REF!+#REF!+#REF!+#REF!+#REF!+#REF!+#REF!) -> #REF! | O16: =SUM(ENERO!O16+FEBRERO!O16+MARZO!O16+ABRIL!O16+MAYO!O16+#REF!+#REF!+#REF!+#REF!+#REF!+#REF!+#REF!) -> #REF! | P16: =SUM(ENERO!P16+FEBRERO!P16+MARZO!P16+ABRIL!P16+MAYO!P16+#REF!+#REF!+#REF!+#REF!+#REF!+#REF!+#REF!) -> #REF! | Q16: =SUM(K16:P16) -> #REF!
A17: GLUCOSA POST PRANDIAL | B17: =SUM(ENERO!B17+FEBRERO!B17+MARZO!B17+ABRIL!B17+MAYO!B17+#REF!+#REF!+#REF!+#REF!+#REF!+#REF!+#REF!) -> #REF! | C17: =SUM(ENERO!C17+FEBRERO!C17+MARZO!C17+ABRIL!C17+MAYO!C17+#REF!+#REF!+#REF!+#REF!+#REF!+#REF!+#REF!) -> #REF! | D17: =SUM(ENERO!D17+FEBRERO!D17+MARZO!D17+ABRIL!D17+MAYO!D17+#REF!+#REF!+#REF!+#REF!+#REF!+#REF!+#REF!) -> #REF! | E17: =SUM(ENERO!E17+FEBRERO!E17+MARZO!E17+ABRIL!E17+MAYO!E17+#REF!+#REF!+#REF!+#REF!+#REF!+#REF!+#REF!) -> #REF! | F17: =SUM(ENERO!F17+FEBRERO!F17+MARZO!F17+ABRIL!F17+MAYO!F17+#REF!+#REF!+#REF!+#REF!+#REF!+#REF!+#REF!) -> #REF! | G17: =SUM(ENERO!G17+FEBRERO!G17+MARZO!G17+ABRIL!G17+MAYO!G17+#REF!+#REF!+#REF!+#REF!+#REF!+#REF!+#REF!) -> #REF! | H17: =SUM(B17:G17) -> #REF! | J17: TOTAL DE TEJIDOS INCLUIDOS | K17: =SUM(ENERO!K17+FEBRERO!K17+MARZO!K17+ABRIL!K17+MAYO!K17+#REF!+#REF!+#REF!+#REF!+#REF!+#REF!+#REF!) -> #REF! | L17: =SUM(ENERO!L17+FEBRERO!L17+MARZO!L17+ABRIL!L17+MAYO!L17+#REF!+#REF!+#REF!+#REF!+#REF!+#REF!+#REF!) -> #REF! | M17: =SUM(ENERO!M17+FEBRERO!M17+MARZO!M17+ABRIL!M17+MAYO!M17+#REF!+#REF!+#REF!+#REF!+#REF!+#REF!+#REF!) -> #REF! | N17: =SUM(ENERO!N17+FEBRERO!N17+MARZO!N17+ABRIL!N17+MAYO!N17+#REF!+#REF!+#REF!+#REF!+#REF!+#REF!+#REF!) -> #REF! | O17: =SUM(ENERO!O17+FEBRERO!O17+MARZO!O17+ABRIL!O17+MAYO!O17+#REF!+#REF!+#REF!+#REF!+#REF!+#REF!+#REF!) -> #REF! | P17: =SUM(ENERO!P17+FEBRERO!P17+MARZO!P17+ABRIL!P17+MAYO!P17+#REF!+#REF!+#REF!+#REF!+#REF!+#REF!+#REF!) -> #REF! | Q17: =SUM(K17:P17) -> #REF!
A18: FOSFORO | B18: =SUM(ENERO!B18+FEBRERO!B18+MARZO!B18+ABRIL!B18+MAYO!B18+#REF!+#REF!+#REF!+#REF!+#REF!+#REF!+#REF!) -> #REF! | C18: =SUM(ENERO!C18+FEBRERO!C18+MARZO!C18+ABRIL!C18+MAYO!C18+#REF!+#REF!+#REF!+#REF!+#REF!+#REF!+#REF!) -> #REF! | D18: =SUM(ENERO!D18+FEBRERO!D18+MARZO!D18+ABRIL!D18+MAYO!D18+#REF!+#REF!+#REF!+#REF!+#REF!+#REF!+#REF!) -> #REF! | E18: =SUM(ENERO!E18+FEBRERO!E18+MARZO!E18+ABRIL!E18+MAYO!E18+#REF!+#REF!+#REF!+#REF!+#REF!+#REF!+#REF!) -> #REF! | F18: =SUM(ENERO!F18+FEBRERO!F18+MARZO!F18+ABRIL!F18+MAYO!F18+#REF!+#REF!+#REF!+#REF!+#REF!+#REF!+#REF!) -> #REF! | G18: =SUM(ENERO!G18+FEBRERO!G18+MARZO!G18+ABRIL!G18+MAYO!G18+#REF!+#REF!+#REF!+#REF!+#REF!+#REF!+#REF!) -> #REF! | H18: =SUM(B18:G18) -> #REF! | J18: TOTAL DE CORTES DE TEJIDOS | K18: =SUM(ENERO!K18+FEBRERO!K18+MARZO!K18+ABRIL!K18+MAYO!K18+#REF!+#REF!+#REF!+#REF!+#REF!+#REF!+#REF!) -> #REF! | L18: =SUM(ENERO!L18+FEBRERO!L18+MARZO!L18+ABRIL!L18+MAYO!L18+#REF!+#REF!+#REF!+#REF!+#REF!+#REF!+#REF!) -> #REF! | M18: =SUM(ENERO!M18+FEBRERO!M18+MARZO!M18+ABRIL!M18+MAYO!M18+#REF!+#REF!+#REF!+#REF!+#REF!+#REF!+#REF!) -> #REF! | N18: =SUM(ENERO!N18+FEBRERO!N18+MARZO!N18+ABRIL!N18+MAYO!N18+#REF!+#REF!+#REF!+#REF!+#REF!+#REF!+#REF!) -> #REF! | O18: =SUM(ENERO!O18+FEBRERO!O18+MARZO!O18+ABRIL!O18+MAYO!O18+#REF!+#REF!+#REF!+#REF!+#REF!+#REF!+#REF!) -> #REF! | P18: =SUM(ENERO!P18+FEBRERO!P18+MARZO!P18+ABRIL!P18+MAYO!P18+#REF!+#REF!+#REF!+#REF!+#REF!+#REF!+#REF!) -> #REF! | Q18: =SUM(K18:P18) -> #REF!
A19: HEMOGLOBINA GLICOSILADA | B19: =SUM(ENERO!B19+FEBRERO!B19+MARZO!B19+ABRIL!B19+MAYO!B19+#REF!+#REF!+#REF!+#REF!+#REF!+#REF!+#REF!) -> #REF! | C19: =SUM(ENERO!C19+FEBRERO!C19+MARZO!C19+ABRIL!C19+MAYO!C19+#REF!+#REF!+#REF!+#REF!+#REF!+#REF!+#REF!) -> #REF! | D19: =SUM(ENERO!D19+FEBRERO!D19+MARZO!D19+ABRIL!D19+MAYO!D19+#REF!+#REF!+#REF!+#REF!+#REF!+#REF!+#REF!) -> #REF! | E19: =SUM(ENERO!E19+FEBRERO!E19+MARZO!E19+ABRIL!E19+MAYO!E19+#REF!+#REF!+#REF!+#REF!+#REF!+#REF!+#REF!) -> #REF! | F19: =SUM(ENERO!F19+FEBRERO!F19+MARZO!F19+ABRIL!F19+MAYO!F19+#REF!+#REF!+#REF!+#REF!+#REF!+#REF!+#REF!) -> #REF! | G19: =SUM(ENERO!G19+FEBRERO!G19+MARZO!G19+ABRIL!G19+MAYO!G19+#REF!+#REF!+#REF!+#REF!+#REF!+#REF!+#REF!) -> #REF! | H19: =SUM(B19:G19) -> #REF! | J19: TOTAL DE LÁMINAS MONTADAS | K19: =SUM(ENERO!K19+FEBRERO!K19+MARZO!K19+ABRIL!K19+MAYO!K19+#REF!+#REF!+#REF!+#REF!+#REF!+#REF!+#REF!) -> #REF! | L19: =SUM(ENERO!L19+FEBRERO!L19+MARZO!L19+ABRIL!L19+MAYO!L19+#REF!+#REF!+#REF!+#REF!+#REF!+#REF!+#REF!) -> #REF! | M19: =SUM(ENERO!M19+FEBRERO!M19+MARZO!M19+ABRIL!M19+MAYO!M19+#REF!+#REF!+#REF!+#REF!+#REF!+#REF!+#REF!) -> #REF! | N19: =SUM(ENERO!N19+FEBRERO!N19+MARZO!N19+ABRIL!N19+MAYO!N19+#REF!+#REF!+#REF!+#REF!+#REF!+#REF!+#REF!) -> #REF! | O19: =SUM(ENERO!O19+FEBRERO!O19+MARZO!O19+ABRIL!O19+MAYO!O19+#REF!+#REF!+#REF!+#REF!+#REF!+#REF!+#REF!) -> #REF! | P19: =SUM(ENERO!P19+FEBRERO!P19+MARZO!P19+ABRIL!P19+MAYO!P19+#REF!+#REF!+#REF!+#REF!+#REF!+#REF!+#REF!) -> #REF! | Q19: =SUM(K19:P19) -> #REF!
A20: TOLERANCIA A LA GLUCOSA | B20: =SUM(ENERO!B20+FEBRERO!B20+MARZO!B20+ABRIL!B20+MAYO!B20+#REF!+#REF!+#REF!+#REF!+#REF!+#REF!+#REF!) -> #REF! | C20: =SUM(ENERO!C20+FEBRERO!C20+MARZO!C20+ABRIL!C20+MAYO!C20+#REF!+#REF!+#REF!+#REF!+#REF!+#REF!+#REF!) -> #REF! | D20: =SUM(ENERO!D20+FEBRERO!D20+MARZO!D20+ABRIL!D20+MAYO!D20+#REF!+#REF!+#REF!+#REF!+#REF!+#REF!+#REF!) -> #REF! | E20: =SUM(ENERO!E20+FEBRERO!E20+MARZO!E20+ABRIL!E20+MAYO!E20+#REF!+#REF!+#REF!+#REF!+#REF!+#REF!+#REF!) -> #REF! | F20: =SUM(ENERO!F20+FEBRERO!F20+MARZO!F20+ABRIL!F20+MAYO!F20+#REF!+#REF!+#REF!+#REF!+#REF!+#REF!+#REF!) -> #REF! | G20: =SUM(ENERO!G20+FEBRERO!G20+MARZO!G20+ABRIL!G20+MAYO!G20+#REF!+#REF!+#REF!+#REF!+#REF!+#REF!+#REF!) -> #REF! | H20: =SUM(B20:G20) -> #REF! | J20: TOTAL DE HISTOQUIMICA | K20: =SUM(ENERO!K20+FEBRERO!K20+MARZO!K20+ABRIL!K20+MAYO!K20+#REF!+#REF!+#REF!+#REF!+#REF!+#REF!+#REF!) -> #REF! | L20: =SUM(ENERO!L20+FEBRERO!L20+MARZO!L20+ABRIL!L20+MAYO!L20+#REF!+#REF!+#REF!+#REF!+#REF!+#REF!+#REF!) -> #REF! | M20: =SUM(ENERO!M20+FEBRERO!M20+MARZO!M20+ABRIL!M20+MAYO!M20+#REF!+#REF!+#REF!+#REF!+#REF!+#REF!+#REF!) -> #REF! | N20: =SUM(ENERO!N20+FEBRERO!N20+MARZO!N20+ABRIL!N20+MAYO!N20+#REF!+#REF!+#REF!+#REF!+#REF!+#REF!+#REF!) -> #REF! | O20: =SUM(ENERO!O20+FEBRERO!O20+MARZO!O20+ABRIL!O20+MAYO!O20+#REF!+#REF!+#REF!+#REF!+#REF!+#REF!+#REF!) -> #REF! | P20: =SUM(ENERO!P20+FEBRERO!P20+MARZO!P20+ABRIL!P20+MAYO!P20+#REF!+#REF!+#REF!+#REF!+#REF!+#REF!+#REF!) -> #REF! | Q20: =SUM(K20:P20) -> #REF!
A21: CREATININA | B21: =SUM(ENERO!B21+FEBRERO!B21+MARZO!B21+ABRIL!B21+MAYO!B21+#REF!+#REF!+#REF!+#REF!+#REF!+#REF!+#REF!) -> #REF! | C21: =SUM(ENERO!C21+FEBRERO!C21+MARZO!C21+ABRIL!C21+MAYO!C21+#REF!+#REF!+#REF!+#REF!+#REF!+#REF!+#REF!) -> #REF! | D21: =SUM(ENERO!D21+FEBRERO!D21+MARZO!D21+ABRIL!D21+MAYO!D21+#REF!+#REF!+#REF!+#REF!+#REF!+#REF!+#REF!) -> #REF! | E21: =SUM(ENERO!E21+FEBRERO!E21+MARZO!E21+ABRIL!E21+MAYO!E21+#REF!+#REF!+#REF!+#REF!+#REF!+#REF!+#REF!) -> #REF! | F21: =SUM(ENERO!F21+FEBRERO!F21+MARZO!F21+ABRIL!F21+MAYO!F21+#REF!+#REF!+#REF!+#REF!+#REF!+#REF!+#REF!) -> #REF! | G21: =SUM(ENERO!G21+FEBRERO!G21+MARZO!G21+ABRIL!G21+MAYO!G21+#REF!+#REF!+#REF!+#REF!+#REF!+#REF!+#REF!) -> #REF! | H21: =SUM(B21:G21) -> #REF! | J21: TOTAL DE INMUNOHISTOQUIMICA | K21: =SUM(ENERO!K21+FEBRERO!K21+MARZO!K21+ABRIL!K21+MAYO!K21+#REF!+#REF!+#REF!+#REF!+#REF!+#REF!+#REF!) -> #REF! | L21: =SUM(ENERO!L21+FEBRERO!L21+MARZO!L21+ABRIL!L21+MAYO!L21+#REF!+#REF!+#REF!+#REF!+#REF!+#REF!+#REF!) -> #REF! | M21: =SUM(ENERO!M21+FEBRERO!M21+MARZO!M21+ABRIL!M21+MAYO!M21+#REF!+#REF!+#REF!+#REF!+#REF!+#REF!+#REF!) -> #REF! | N21: =SUM(ENERO!N21+FEBRERO!N21+MARZO!N21+ABRIL!N21+MAYO!N21+#REF!+#REF!+#REF!+#REF!+#REF!+#REF!+#REF!) -> #REF! | O21: =SUM(ENERO!O21+FEBRERO!O21+MARZO!O21+ABRIL!O21+MAYO!O21+#REF!+#REF!+#REF!+#REF!+#REF!+#REF!+#REF!) -> #REF! | P21: =SUM(ENERO!P21+FEBRERO!P21+MARZO!P21+ABRIL!P21+MAYO!P21+#REF!+#REF!+#REF!+#REF!+#REF!+#REF!+#REF!) -> #REF! | Q21: =SUM(K21:P21) -> #REF!
A22: DEPURACION DE CREATININA | B22: =SUM(ENERO!B22+FEBRERO!B22+MARZO!B22+ABRIL!B22+MAYO!B22+#REF!+#REF!+#REF!+#REF!+#REF!+#REF!+#REF!) -> #REF! | C22: =SUM(ENERO!C22+FEBRERO!C22+MARZO!C22+ABRIL!C22+MAYO!C22+#REF!+#REF!+#REF!+#REF!+#REF!+#REF!+#REF!) -> #REF! | D22: =SUM(ENERO!D22+FEBRERO!D22+MARZO!D22+ABRIL!D22+MAYO!D22+#REF!+#REF!+#REF!+#REF!+#REF!+#REF!+#REF!) -> #REF! | E22: =SUM(ENERO!E22+FEBRERO!E22+MARZO!E22+ABRIL!E22+MAYO!E22+#REF!+#REF!+#REF!+#REF!+#REF!+#REF!+#REF!) -> #REF! | F22: =SUM(ENERO!F22+FEBRERO!F22+MARZO!F22+ABRIL!F22+MAYO!F22+#REF!+#REF!+#REF!+#REF!+#REF!+#REF!+#REF!) -> #REF! | G22: =SUM(ENERO!G22+FEBRERO!G22+MARZO!G22+ABRIL!G22+MAYO!G22+#REF!+#REF!+#REF!+#REF!+#REF!+#REF!+#REF!) -> #REF! | H22: =SUM(B22:G22) -> #REF! | J22: TOTAL AUTOPSIA MÉDICO LEGAL | K22: =SUM(ENERO!K22+FEBRERO!K22+MARZO!K22+ABRIL!K22+MAYO!K22+#REF!+#REF!+#REF!+#REF!+#REF!+#REF!+#REF!) -> #REF! | L22: =SUM(ENERO!L22+FEBRERO!L22+MARZO!L22+ABRIL!L22+MAYO!L22+#REF!+#REF!+#REF!+#REF!+#REF!+#REF!+#REF!) -> #REF! | M22: =SUM(ENERO!M22+FEBRERO!M22+MARZO!M22+ABRIL!M22+MAYO!M22+#REF!+#REF!+#REF!+#REF!+#REF!+#REF!+#REF!) -> #REF! | N22: =SUM(ENERO!N22+FEBRERO!N22+MARZO!N22+ABRIL!N22+MAYO!N22+#REF!+#REF!+#REF!+#REF!+#REF!+#REF!+#REF!) -> #REF! | O22: =SUM(ENERO!O22+FEBRERO!O22+MARZO!O22+ABRIL!O22+MAYO!O22+#REF!+#REF!+#REF!+#REF!+#REF!+#REF!+#REF!) -> #REF! | P22: =SUM(ENERO!P22+FEBRERO!P22+MARZO!P22+ABRIL!P22+MAYO!P22+#REF!+#REF!+#REF!+#REF!+#REF!+#REF!+#REF!) -> #REF! | Q22: =SUM(K22:P22) -> #REF!
A23: MICROALBUMINURIA | B23: =SUM(ENERO!B23+FEBRERO!B23+MARZO!B23+ABRIL!B23+MAYO!B23+#REF!+#REF!+#REF!+#REF!+#REF!+#REF!+#REF!) -> #REF! | C23: =SUM(ENERO!C23+FEBRERO!C23+MARZO!C23+ABRIL!C23+MAYO!C23+#REF!+#REF!+#REF!+#REF!+#REF!+#REF!+#REF!) -> #REF! | D23: =SUM(ENERO!D23+FEBRERO!D23+MARZO!D23+ABRIL!D23+MAYO!D23+#REF!+#REF!+#REF!+#REF!+#REF!+#REF!+#REF!) -> #REF! | E23: =SUM(ENERO!E23+FEBRERO!E23+MARZO!E23+ABRIL!E23+MAYO!E23+#REF!+#REF!+#REF!+#REF!+#REF!+#REF!+#REF!) -> #REF! | F23: =SUM(ENERO!F23+FEBRERO!F23+MARZO!F23+ABRIL!F23+MAYO!F23+#REF!+#REF!+#REF!+#REF!+#REF!+#REF!+#REF!) -> #REF! | G23: =SUM(ENERO!G23+FEBRERO!G23+MARZO!G23+ABRIL!G23+MAYO!G23+#REF!+#REF!+#REF!+#REF!+#REF!+#REF!+#REF!) -> #REF! | H23: =SUM(B23:G23) -> #REF! | J23: TOTAL AUTOPSIA CLÍNICA | K23: =SUM(ENERO!K23+FEBRERO!K23+MARZO!K23+ABRIL!K23+MAYO!K23+#REF!+#REF!+#REF!+#REF!+#REF!+#REF!+#REF!) -> #REF! | L23: =SUM(ENERO!L23+FEBRERO!L23+MARZO!L23+ABRIL!L23+MAYO!L23+#REF!+#REF!+#REF!+#REF!+#REF!+#REF!+#REF!) -> #REF! | M23: =SUM(ENERO!M23+FEBRERO!M23+MARZO!M23+ABRIL!M23+MAYO!M23+#REF!+#REF!+#REF!+#REF!+#REF!+#REF!+#REF!) -> #REF! | N23: =SUM(ENERO!N23+FEBRERO!N23+MARZO!N23+ABRIL!N23+MAYO!N23+#REF!+#REF!+#REF!+#REF!+#REF!+#REF!+#REF!) -> #REF! | O23: =SUM(ENERO!O23+FEBRERO!O23+MARZO!O23+ABRIL!O23+MAYO!O23+#REF!+#REF!+#REF!+#REF!+#REF!+#REF!+#REF!) -> #REF! | P23: =SUM(ENERO!P23+FEBRERO!P23+MARZO!P23+ABRIL!P23+MAYO!P23+#REF!+#REF!+#REF!+#REF!+#REF!+#REF!+#REF!) -> #REF! | Q23: =SUM(K23:P23) -> #REF!
A24: UREA | B24: =SUM(ENERO!B24+FEBRERO!B24+MARZO!B24+ABRIL!B24+MAYO!B24+#REF!+#REF!+#REF!+#REF!+#REF!+#REF!+#REF!) -> #REF! | C24: =SUM(ENERO!C24+FEBRERO!C24+MARZO!C24+ABRIL!C24+MAYO!C24+#REF!+#REF!+#REF!+#REF!+#REF!+#REF!+#REF!) -> #REF! | D24: =SUM(ENERO!D24+FEBRERO!D24+MARZO!D24+ABRIL!D24+MAYO!D24+#REF!+#REF!+#REF!+#REF!+#REF!+#REF!+#REF!) -> #REF! | E24: =SUM(ENERO!E24+FEBRERO!E24+MARZO!E24+ABRIL!E24+MAYO!E24+#REF!+#REF!+#REF!+#REF!+#REF!+#REF!+#REF!) -> #REF! | F24: =SUM(ENERO!F24+FEBRERO!F24+MARZO!F24+ABRIL!F24+MAYO!F24+#REF!+#REF!+#REF!+#REF!+#REF!+#REF!+#REF!) -> #REF! | G24: =SUM(ENERO!G24+FEBRERO!G24+MARZO!G24+ABRIL!G24+MAYO!G24+#REF!+#REF!+#REF!+#REF!+#REF!+#REF!+#REF!) -> #REF! | H24: =SUM(B24:G24) -> #REF!
A25: PROTEINURIA 24 HORAS | B25: =SUM(ENERO!B25+FEBRERO!B25+MARZO!B25+ABRIL!B25+MAYO!B25+#REF!+#REF!+#REF!+#REF!+#REF!+#REF!+#REF!) -> #REF! | C25: =SUM(ENERO!C25+FEBRERO!C25+MARZO!C25+ABRIL!C25+MAYO!C25+#REF!+#REF!+#REF!+#REF!+#REF!+#REF!+#REF!) -> #REF! | D25: =SUM(ENERO!D25+FEBRERO!D25+MARZO!D25+ABRIL!D25+MAYO!D25+#REF!+#REF!+#REF!+#REF!+#REF!+#REF!+#REF!) -> #REF! | E25: =SUM(ENERO!E25+FEBRERO!E25+MARZO!E25+ABRIL!E25+MAYO!E25+#REF!+#REF!+#REF!+#REF!+#REF!+#REF!+#REF!) -> #REF! | F25: =SUM(ENERO!F25+FEBRERO!F25+MARZO!F25+ABRIL!F25+MAYO!F25+#REF!+#REF!+#REF!+#REF!+#REF!+#REF!+#REF!) -> #REF! | G25: =SUM(ENERO!G25+FEBRERO!G25+MARZO!G25+ABRIL!G25+MAYO!G25+#REF!+#REF!+#REF!+#REF!+#REF!+#REF!+#REF!) -> #REF! | H25: =SUM(B25:G25) -> #REF!
A26: BILIRRUBINA TOTAL | B26: =SUM(ENERO!B26+FEBRERO!B26+MARZO!B26+ABRIL!B26+MAYO!B26+#REF!+#REF!+#REF!+#REF!+#REF!+#REF!+#REF!) -> #REF! | C26: =SUM(ENERO!C26+FEBRERO!C26+MARZO!C26+ABRIL!C26+MAYO!C26+#REF!+#REF!+#REF!+#REF!+#REF!+#REF!+#REF!) -> #REF! | D26: =SUM(ENERO!D26+FEBRERO!D26+MARZO!D26+ABRIL!D26+MAYO!D26+#REF!+#REF!+#REF!+#REF!+#REF!+#REF!+#REF!) -> #REF! | E26: =SUM(ENERO!E26+FEBRERO!E26+MARZO!E26+ABRIL!E26+MAYO!E26+#REF!+#REF!+#REF!+#REF!+#REF!+#REF!+#REF!) -> #REF! | F26: =SUM(ENERO!F26+FEBRERO!F26+MARZO!F26+ABRIL!F26+MAYO!F26+#REF!+#REF!+#REF!+#REF!+#REF!+#REF!+#REF!) -> #REF! | G26: =SUM(ENERO!G26+FEBRERO!G26+MARZO!G26+ABRIL!G26+MAYO!G26+#REF!+#REF!+#REF!+#REF!+#REF!+#REF!+#REF!) -> #REF! | H26: =SUM(B26:G26) -> #REF! | J26: PROGRAMAS / METAXENICAS | K26: TOTAL
A27: BILIRRUBINA DIRECTA | B27: =SUM(ENERO!B27+FEBRERO!B27+MARZO!B27+ABRIL!B27+MAYO!B27+#REF!+#REF!+#REF!+#REF!+#REF!+#REF!+#REF!) -> #REF! | C27: =SUM(ENERO!C27+FEBRERO!C27+MARZO!C27+ABRIL!C27+MAYO!C27+#REF!+#REF!+#REF!+#REF!+#REF!+#REF!+#REF!) -> #REF! | D27: =SUM(ENERO!D27+FEBRERO!D27+MARZO!D27+ABRIL!D27+MAYO!D27+#REF!+#REF!+#REF!+#REF!+#REF!+#REF!+#REF!) -> #REF! | E27: =SUM(ENERO!E27+FEBRERO!E27+MARZO!E27+ABRIL!E27+MAYO!E27+#REF!+#REF!+#REF!+#REF!+#REF!+#REF!+#REF!) -> #REF! | F27: =SUM(ENERO!F27+FEBRERO!F27+MARZO!F27+ABRIL!F27+MAYO!F27+#REF!+#REF!+#REF!+#REF!+#REF!+#REF!+#REF!) -> #REF! | G27: =SUM(ENERO!G27+FEBRERO!G27+MARZO!G27+ABRIL!G27+MAYO!G27+#REF!+#REF!+#REF!+#REF!+#REF!+#REF!+#REF!) -> #REF! | H27: =SUM(B27:G27) -> #REF! | K27: Hospitaliz | L27: Emergenc | M27: Programa | N27: Privado | O27: Convenio | P27: Insolvencia | Q27: TOTAL
A28: PROTEINAS TOTAL | B28: =SUM(ENERO!B28+FEBRERO!B28+MARZO!B28+ABRIL!B28+MAYO!B28+#REF!+#REF!+#REF!+#REF!+#REF!+#REF!+#REF!) -> #REF! | C28: =SUM(ENERO!C28+FEBRERO!C28+MARZO!C28+ABRIL!C28+MAYO!C28+#REF!+#REF!+#REF!+#REF!+#REF!+#REF!+#REF!) -> #REF! | D28: =SUM(ENERO!D28+FEBRERO!D28+MARZO!D28+ABRIL!D28+MAYO!D28+#REF!+#REF!+#REF!+#REF!+#REF!+#REF!+#REF!) -> #REF! | E28: =SUM(ENERO!E28+FEBRERO!E28+MARZO!E28+ABRIL!E28+MAYO!E28+#REF!+#REF!+#REF!+#REF!+#REF!+#REF!+#REF!) -> #REF! | F28: =SUM(ENERO!F28+FEBRERO!F28+MARZO!F28+ABRIL!F28+MAYO!F28+#REF!+#REF!+#REF!+#REF!+#REF!+#REF!+#REF!) -> #REF! | G28: =SUM(ENERO!G28+FEBRERO!G28+MARZO!G28+ABRIL!G28+MAYO!G28+#REF!+#REF!+#REF!+#REF!+#REF!+#REF!+#REF!) -> #REF! | H28: =SUM(B28:G28) -> #REF! | J28: TOTAL DE EXAMENES | K28: =SUM(K29:K37) -> #REF! | L28: =SUM(L29:L37) -> #REF! | M28: =SUM(M29:M37) -> #REF! | N28: =SUM(N29:N37) -> #REF! | O28: =SUM(O29:O37) -> #REF! | P28: =SUM(P29:P37) -> #REF! | Q28: =SUM(K28:P28) -> #REF!
A29: ALBUMINA | B29: =SUM(ENERO!B29+FEBRERO!B29+MARZO!B29+ABRIL!B29+MAYO!B29+#REF!+#REF!+#REF!+#REF!+#REF!+#REF!+#REF!) -> #REF! | C29: =SUM(ENERO!C29+FEBRERO!C29+MARZO!C29+ABRIL!C29+MAYO!C29+#REF!+#REF!+#REF!+#REF!+#REF!+#REF!+#REF!) -> #REF! | D29: =SUM(ENERO!D29+FEBRERO!D29+MARZO!D29+ABRIL!D29+MAYO!D29+#REF!+#REF!+#REF!+#REF!+#REF!+#REF!+#REF!) -> #REF! | E29: =SUM(ENERO!E29+FEBRERO!E29+MARZO!E29+ABRIL!E29+MAYO!E29+#REF!+#REF!+#REF!+#REF!+#REF!+#REF!+#REF!) -> #REF! | F29: =SUM(ENERO!F29+FEBRERO!F29+MARZO!F29+ABRIL!F29+MAYO!F29+#REF!+#REF!+#REF!+#REF!+#REF!+#REF!+#REF!) -> #REF! | G29: =SUM(ENERO!G29+FEBRERO!G29+MARZO!G29+ABRIL!G29+MAYO!G29+#REF!+#REF!+#REF!+#REF!+#REF!+#REF!+#REF!) -> #REF! | H29: =SUM(B29:G29) -> #REF! | J29: TUBERCULOSIS | K29: =SUM(ENERO!K29+FEBRERO!K29+MARZO!K29+ABRIL!K29+MAYO!K29+#REF!+#REF!+#REF!+#REF!+#REF!+#REF!+#REF!) -> #REF! | L29: =SUM(ENERO!L29+FEBRERO!L29+MARZO!L29+ABRIL!L29+MAYO!L29+#REF!+#REF!+#REF!+#REF!+#REF!+#REF!+#REF!) -> #REF! | M29: =SUM(ENERO!M29+FEBRERO!M29+MARZO!M29+ABRIL!M29+MAYO!M29+#REF!+#REF!+#REF!+#REF!+#REF!+#REF!+#REF!) -> #REF! | N29: =SUM(ENERO!N29+FEBRERO!N29+MARZO!N29+ABRIL!N29+MAYO!N29+#REF!+#REF!+#REF!+#REF!+#REF!+#REF!+#REF!) -> #REF! | O29: =SUM(ENERO!O29+FEBRERO!O29+MARZO!O29+ABRIL!O29+MAYO!O29+#REF!+#REF!+#REF!+#REF!+#REF!+#REF!+#REF!) -> #REF! | P29: =SUM(ENERO!P29+FEBRERO!P29+MARZO!P29+ABRIL!P29+MAYO!P29+#REF!+#REF!+#REF!+#REF!+#REF!+#REF!+#REF!) -> #REF! | Q29: =SUM(K29:P29) -> #REF!
A30: TGO | B30: =SUM(ENERO!B30+FEBRERO!B30+MARZO!B30+ABRIL!B30+MAYO!B30+#REF!+#REF!+#REF!+#REF!+#REF!+#REF!+#REF!) -> #REF! | C30: =SUM(ENERO!C30+FEBRERO!C30+MARZO!C30+ABRIL!C30+MAYO!C30+#REF!+#REF!+#REF!+#REF!+#REF!+#REF!+#REF!) -> #REF! | D30: =SUM(ENERO!D30+FEBRERO!D30+MARZO!D30+ABRIL!D30+MAYO!D30+#REF!+#REF!+#REF!+#REF!+#REF!+#REF!+#REF!) -> #REF! | E30: =SUM(ENERO!E30+FEBRERO!E30+MARZO!E30+ABRIL!E30+MAYO!E30+#REF!+#REF!+#REF!+#REF!+#REF!+#REF!+#REF!) -> #REF! | F30: =SUM(ENERO!F30+FEBRERO!F30+MARZO!F30+ABRIL!F30+MAYO!F30+#REF!+#REF!+#REF!+#REF!+#REF!+#REF!+#REF!) -> #REF! | G30: =SUM(ENERO!G30+FEBRERO!G30+MARZO!G30+ABRIL!G30+MAYO!G30+#REF!+#REF!+#REF!+#REF!+#REF!+#REF!+#REF!) -> #REF! | H30: =SUM(B30:G30) -> #REF! | J30: LEISHMANIA | K30: =SUM(ENERO!K30+FEBRERO!K30+MARZO!K30+ABRIL!K30+MAYO!K30+#REF!+#REF!+#REF!+#REF!+#REF!+#REF!+#REF!) -> #REF! | L30: =SUM(ENERO!L30+FEBRERO!L30+MARZO!L30+ABRIL!L30+MAYO!L30+#REF!+#REF!+#REF!+#REF!+#REF!+#REF!+#REF!) -> #REF! | M30: =SUM(ENERO!M30+FEBRERO!M30+MARZO!M30+ABRIL!M30+MAYO!M30+#REF!+#REF!+#REF!+#REF!+#REF!+#REF!+#REF!) -> #REF! | N30: =SUM(ENERO!N30+FEBRERO!N30+MARZO!N30+ABRIL!N30+MAYO!N30+#REF!+#REF!+#REF!+#REF!+#REF!+#REF!+#REF!) -> #REF! | O30: =SUM(ENERO!O30+FEBRERO!O30+MARZO!O30+ABRIL!O30+MAYO!O30+#REF!+#REF!+#REF!+#REF!+#REF!+#REF!+#REF!) -> #REF! | P30: =SUM(ENERO!P30+FEBRERO!P30+MARZO!P30+ABRIL!P30+MAYO!P30+#REF!+#REF!+#REF!+#REF!+#REF!+#REF!+#REF!) -> #REF! | Q30: =SUM(K30:P30) -> #REF!
A31: TGP | B31: =SUM(ENERO!B31+FEBRERO!B31+MARZO!B31+ABRIL!B31+MAYO!B31+#REF!+#REF!+#REF!+#REF!+#REF!+#REF!+#REF!) -> #REF! | C31: =SUM(ENERO!C31+FEBRERO!C31+MARZO!C31+ABRIL!C31+MAYO!C31+#REF!+#REF!+#REF!+#REF!+#REF!+#REF!+#REF!) -> #REF! | D31: =SUM(ENERO!D31+FEBRERO!D31+MARZO!D31+ABRIL!D31+MAYO!D31+#REF!+#REF!+#REF!+#REF!+#REF!+#REF!+#REF!) -> #REF! | E31: =SUM(ENERO!E31+FEBRERO!E31+MARZO!E31+ABRIL!E31+MAYO!E31+#REF!+#REF!+#REF!+#REF!+#REF!+#REF!+#REF!) -> #REF! | F31: =SUM(ENERO!F31+FEBRERO!F31+MARZO!F31+ABRIL!F31+MAYO!F31+#REF!+#REF!+#REF!+#REF!+#REF!+#REF!+#REF!) -> #REF! | G31: =SUM(ENERO!G31+FEBRERO!G31+MARZO!G31+ABRIL!G31+MAYO!G31+#REF!+#REF!+#REF!+#REF!+#REF!+#REF!+#REF!) -> #REF! | H31: =SUM(B31:G31) -> #REF! | J31: PROGRAMA LEPRAE | K31: =SUM(ENERO!K31+FEBRERO!K31+MARZO!K31+ABRIL!K31+MAYO!K31+#REF!+#REF!+#REF!+#REF!+#REF!+#REF!+#REF!) -> #REF! | L31: =SUM(ENERO!L31+FEBRERO!L31+MARZO!L31+ABRIL!L31+MAYO!L31+#REF!+#REF!+#REF!+#REF!+#REF!+#REF!+#REF!) -> #REF! | M31: =SUM(ENERO!M31+FEBRERO!M31+MARZO!M31+ABRIL!M31+MAYO!M31+#REF!+#REF!+#REF!+#REF!+#REF!+#REF!+#REF!) -> #REF! | N31: =SUM(ENERO!N31+FEBRERO!N31+MARZO!N31+ABRIL!N31+MAYO!N31+#REF!+#REF!+#REF!+#REF!+#REF!+#REF!+#REF!) -> #REF! | O31: =SUM(ENERO!O31+FEBRERO!O31+MARZO!O31+ABRIL!O31+MAYO!O31+#REF!+#REF!+#REF!+#REF!+#REF!+#REF!+#REF!) -> #REF! | P31: =SUM(ENERO!P31+FEBRERO!P31+MARZO!P31+ABRIL!P31+MAYO!P31+#REF!+#REF!+#REF!+#REF!+#REF!+#REF!+#REF!) -> #REF! | Q31: =SUM(K31:P31) -> #REF!
A32: GGTP | B32: =SUM(ENERO!B32+FEBRERO!B32+MARZO!B32+ABRIL!B32+MAYO!B32+#REF!+#REF!+#REF!+#REF!+#REF!+#REF!+#REF!) -> #REF! | C32: =SUM(ENERO!C32+FEBRERO!C32+MARZO!C32+ABRIL!C32+MAYO!C32+#REF!+#REF!+#REF!+#REF!+#REF!+#REF!+#REF!) -> #REF! | D32: =SUM(ENERO!D32+FEBRERO!D32+MARZO!D32+ABRIL!D32+MAYO!D32+#REF!+#REF!+#REF!+#REF!+#REF!+#REF!+#REF!) -> #REF! | E32: =SUM(ENERO!E32+FEBRERO!E32+MARZO!E32+ABRIL!E32+MAYO!E32+#REF!+#REF!+#REF!+#REF!+#REF!+#REF!+#REF!) -> #REF! | F32: =SUM(ENERO!F32+FEBRERO!F32+MARZO!F32+ABRIL!F32+MAYO!F32+#REF!+#REF!+#REF!+#REF!+#REF!+#REF!+#REF!) -> #REF! | G32: =SUM(ENERO!G32+FEBRERO!G32+MARZO!G32+ABRIL!G32+MAYO!G32+#REF!+#REF!+#REF!+#REF!+#REF!+#REF!+#REF!) -> #REF! | H32: =SUM(B32:G32) -> #REF! | J32: MALARIA | K32: =SUM(ENERO!K32+FEBRERO!K32+MARZO!K32+ABRIL!K32+MAYO!K32+#REF!+#REF!+#REF!+#REF!+#REF!+#REF!+#REF!) -> #REF! | L32: =SUM(ENERO!L32+FEBRERO!L32+MARZO!L32+ABRIL!L32+MAYO!L32+#REF!+#REF!+#REF!+#REF!+#REF!+#REF!+#REF!) -> #REF! | M32: =SUM(ENERO!M32+FEBRERO!M32+MARZO!M32+ABRIL!M32+MAYO!M32+#REF!+#REF!+#REF!+#REF!+#REF!+#REF!+#REF!) -> #REF! | N32: =SUM(ENERO!N32+FEBRERO!N32+MARZO!N32+ABRIL!N32+MAYO!N32+#REF!+#REF!+#REF!+#REF!+#REF!+#REF!+#REF!) -> #REF! | O32: =SUM(ENERO!O32+FEBRERO!O32+MARZO!O32+ABRIL!O32+MAYO!O32+#REF!+#REF!+#REF!+#REF!+#REF!+#REF!+#REF!) -> #REF! | P32: =SUM(ENERO!P32+FEBRERO!P32+MARZO!P32+ABRIL!P32+MAYO!P32+#REF!+#REF!+#REF!+#REF!+#REF!+#REF!+#REF!) -> #REF! | Q32: =SUM(K32:P32) -> #REF!
A33: LACTATO DESHIDROGENASA (DHL) | B33: =SUM(ENERO!B33+FEBRERO!B33+MARZO!B33+ABRIL!B33+MAYO!B33+#REF!+#REF!+#REF!+#REF!+#REF!+#REF!+#REF!) -> #REF! | C33: =SUM(ENERO!C33+FEBRERO!C33+MARZO!C33+ABRIL!C33+MAYO!C33+#REF!+#REF!+#REF!+#REF!+#REF!+#REF!+#REF!) -> #REF! | D33: =SUM(ENERO!D33+FEBRERO!D33+MARZO!D33+ABRIL!D33+MAYO!D33+#REF!+#REF!+#REF!+#REF!+#REF!+#REF!+#REF!) -> #REF! | E33: =SUM(ENERO!E33+FEBRERO!E33+MARZO!E33+ABRIL!E33+MAYO!E33+#REF!+#REF!+#REF!+#REF!+#REF!+#REF!+#REF!) -> #REF! | F33: =SUM(ENERO!F33+FEBRERO!F33+MARZO!F33+ABRIL!F33+MAYO!F33+#REF!+#REF!+#REF!+#REF!+#REF!+#REF!+#REF!) -> #REF! | G33: =SUM(ENERO!G33+FEBRERO!G33+MARZO!G33+ABRIL!G33+MAYO!G33+#REF!+#REF!+#REF!+#REF!+#REF!+#REF!+#REF!) -> #REF! | H33: =SUM(B33:G33) -> #REF! | J33: METAXENICAS (REFERENCIAL) | K33: =SUM(ENERO!K33+FEBRERO!K33+MARZO!K33+ABRIL!K33+MAYO!K33+#REF!+#REF!+#REF!+#REF!+#REF!+#REF!+#REF!) -> #REF! | L33: =SUM(ENERO!L33+FEBRERO!L33+MARZO!L33+ABRIL!L33+MAYO!L33+#REF!+#REF!+#REF!+#REF!+#REF!+#REF!+#REF!) -> #REF! | M33: =SUM(ENERO!M33+FEBRERO!M33+MARZO!M33+ABRIL!M33+MAYO!M33+#REF!+#REF!+#REF!+#REF!+#REF!+#REF!+#REF!) -> #REF! | N33: =SUM(ENERO!N33+FEBRERO!N33+MARZO!N33+ABRIL!N33+MAYO!N33+#REF!+#REF!+#REF!+#REF!+#REF!+#REF!+#REF!) -> #REF! | O33: =SUM(ENERO!O33+FEBRERO!O33+MARZO!O33+ABRIL!O33+MAYO!O33+#REF!+#REF!+#REF!+#REF!+#REF!+#REF!+#REF!) -> #REF! | P33: =SUM(ENERO!P33+FEBRERO!P33+MARZO!P33+ABRIL!P33+MAYO!P33+#REF!+#REF!+#REF!+#REF!+#REF!+#REF!+#REF!) -> #REF! | Q33: =SUM(K33:P33) -> #REF!
A34: PROTEINA C REACTIVA (CUANTITATIVO) | B34: =SUM(ENERO!B34+FEBRERO!B34+MARZO!B34+ABRIL!B34+MAYO!B34+#REF!+#REF!+#REF!+#REF!+#REF!+#REF!+#REF!) -> #REF! | C34: =SUM(ENERO!C34+FEBRERO!C34+MARZO!C34+ABRIL!C34+MAYO!C34+#REF!+#REF!+#REF!+#REF!+#REF!+#REF!+#REF!) -> #REF! | D34: =SUM(ENERO!D34+FEBRERO!D34+MARZO!D34+ABRIL!D34+MAYO!D34+#REF!+#REF!+#REF!+#REF!+#REF!+#REF!+#REF!) -> #REF! | E34: =SUM(ENERO!E34+FEBRERO!E34+MARZO!E34+ABRIL!E34+MAYO!E34+#REF!+#REF!+#REF!+#REF!+#REF!+#REF!+#REF!) -> #REF! | F34: =SUM(ENERO!F34+FEBRERO!F34+MARZO!F34+ABRIL!F34+MAYO!F34+#REF!+#REF!+#REF!+#REF!+#REF!+#REF!+#REF!) -> #REF! | G34: =SUM(ENERO!G34+FEBRERO!G34+MARZO!G34+ABRIL!G34+MAYO!G34+#REF!+#REF!+#REF!+#REF!+#REF!+#REF!+#REF!) -> #REF! | H34: =SUM(B34:G34) -> #REF! | J34: CULTIVO DE TB (REFERENCIAL) | K34: =SUM(ENERO!K34+FEBRERO!K34+MARZO!K34+ABRIL!K34+MAYO!K34+#REF!+#REF!+#REF!+#REF!+#REF!+#REF!+#REF!) -> #REF! | L34: =SUM(ENERO!L34+FEBRERO!L34+MARZO!L34+ABRIL!L34+MAYO!L34+#REF!+#REF!+#REF!+#REF!+#REF!+#REF!+#REF!) -> #REF! | M34: =SUM(ENERO!M34+FEBRERO!M34+MARZO!M34+ABRIL!M34+MAYO!M34+#REF!+#REF!+#REF!+#REF!+#REF!+#REF!+#REF!) -> #REF! | N34: =SUM(ENERO!N34+FEBRERO!N34+MARZO!N34+ABRIL!N34+MAYO!N34+#REF!+#REF!+#REF!+#REF!+#REF!+#REF!+#REF!) -> #REF! | O34: =SUM(ENERO!O34+FEBRERO!O34+MARZO!O34+ABRIL!O34+MAYO!O34+#REF!+#REF!+#REF!+#REF!+#REF!+#REF!+#REF!) -> #REF! | P34: =SUM(ENERO!P34+FEBRERO!P34+MARZO!P34+ABRIL!P34+MAYO!P34+#REF!+#REF!+#REF!+#REF!+#REF!+#REF!+#REF!) -> #REF! | Q34: =SUM(K34:P34) -> #REF!
A35: FOSFATASA ALCALINA | B35: =SUM(ENERO!B35+FEBRERO!B35+MARZO!B35+ABRIL!B35+MAYO!B35+#REF!+#REF!+#REF!+#REF!+#REF!+#REF!+#REF!) -> #REF! | C35: =SUM(ENERO!C35+FEBRERO!C35+MARZO!C35+ABRIL!C35+MAYO!C35+#REF!+#REF!+#REF!+#REF!+#REF!+#REF!+#REF!) -> #REF! | D35: =SUM(ENERO!D35+FEBRERO!D35+MARZO!D35+ABRIL!D35+MAYO!D35+#REF!+#REF!+#REF!+#REF!+#REF!+#REF!+#REF!) -> #REF! | E35: =SUM(ENERO!E35+FEBRERO!E35+MARZO!E35+ABRIL!E35+MAYO!E35+#REF!+#REF!+#REF!+#REF!+#REF!+#REF!+#REF!) -> #REF! | F35: =SUM(ENERO!F35+FEBRERO!F35+MARZO!F35+ABRIL!F35+MAYO!F35+#REF!+#REF!+#REF!+#REF!+#REF!+#REF!+#REF!) -> #REF! | G35: =SUM(ENERO!G35+FEBRERO!G35+MARZO!G35+ABRIL!G35+MAYO!G35+#REF!+#REF!+#REF!+#REF!+#REF!+#REF!+#REF!) -> #REF! | H35: =SUM(B35:G35) -> #REF! | J35: PRUEBA RAPIDA DE DENGUE | K35: =SUM(ENERO!K35+FEBRERO!K35+MARZO!K35+ABRIL!K35+MAYO!K35+#REF!+#REF!+#REF!+#REF!+#REF!+#REF!+#REF!) -> #REF! | L35: =SUM(ENERO!L35+FEBRERO!L35+MARZO!L35+ABRIL!L35+MAYO!L35+#REF!+#REF!+#REF!+#REF!+#REF!+#REF!+#REF!) -> #REF! | M35: =SUM(ENERO!M35+FEBRERO!M35+MARZO!M35+ABRIL!M35+MAYO!M35+#REF!+#REF!+#REF!+#REF!+#REF!+#REF!+#REF!) -> #REF! | N35: =SUM(ENERO!N35+FEBRERO!N35+MARZO!N35+ABRIL!N35+MAYO!N35+#REF!+#REF!+#REF!+#REF!+#REF!+#REF!+#REF!) -> #REF! | O35: =SUM(ENERO!O35+FEBRERO!O35+MARZO!O35+ABRIL!O35+MAYO!O35+#REF!+#REF!+#REF!+#REF!+#REF!+#REF!+#REF!) -> #REF! | P35: =SUM(ENERO!P35+FEBRERO!P35+MARZO!P35+ABRIL!P35+MAYO!P35+#REF!+#REF!+#REF!+#REF!+#REF!+#REF!+#REF!) -> #REF! | Q35: =SUM(K35:P35) -> #REF!
A36: CPK TOTAL | B36: =SUM(ENERO!B36+FEBRERO!B36+MARZO!B36+ABRIL!B36+MAYO!B36+#REF!+#REF!+#REF!+#REF!+#REF!+#REF!+#REF!) -> #REF! | C36: =SUM(ENERO!C36+FEBRERO!C36+MARZO!C36+ABRIL!C36+MAYO!C36+#REF!+#REF!+#REF!+#REF!+#REF!+#REF!+#REF!) -> #REF! | D36: =SUM(ENERO!D36+FEBRERO!D36+MARZO!D36+ABRIL!D36+MAYO!D36+#REF!+#REF!+#REF!+#REF!+#REF!+#REF!+#REF!) -> #REF! | E36: =SUM(ENERO!E36+FEBRERO!E36+MARZO!E36+ABRIL!E36+MAYO!E36+#REF!+#REF!+#REF!+#REF!+#REF!+#REF!+#REF!) -> #REF! | F36: =SUM(ENERO!F36+FEBRERO!F36+MARZO!F36+ABRIL!F36+MAYO!F36+#REF!+#REF!+#REF!+#REF!+#REF!+#REF!+#REF!) -> #REF! | G36: =SUM(ENERO!G36+FEBRERO!G36+MARZO!G36+ABRIL!G36+MAYO!G36+#REF!+#REF!+#REF!+#REF!+#REF!+#REF!+#REF!) -> #REF! | H36: =SUM(B36:G36) -> #REF! | J36: PRUEBA RÁPIDA DE LEPTOSPIRA | K36: =SUM(ENERO!K36+FEBRERO!K37+MARZO!K37+ABRIL!K37+MAYO!K37+#REF!+#REF!+#REF!+#REF!+#REF!+#REF!+#REF!) -> #REF! | L36: =SUM(ENERO!L36+FEBRERO!L37+MARZO!L37+ABRIL!L37+MAYO!L37+#REF!+#REF!+#REF!+#REF!+#REF!+#REF!+#REF!) -> #REF! | M36: =SUM(ENERO!M36+FEBRERO!M37+MARZO!M37+ABRIL!M37+MAYO!M37+#REF!+#REF!+#REF!+#REF!+#REF!+#REF!+#REF!) -> #REF! | N36: =SUM(ENERO!N36+FEBRERO!N37+MARZO!N37+ABRIL!N37+MAYO!N37+#REF!+#REF!+#REF!+#REF!+#REF!+#REF!+#REF!) -> #REF! | O36: =SUM(ENERO!O36+FEBRERO!O37+MARZO!O37+ABRIL!O37+MAYO!O37+#REF!+#REF!+#REF!+#REF!+#REF!+#REF!+#REF!) -> #REF! | P36: =SUM(ENERO!P36+FEBRERO!P37+MARZO!P37+ABRIL!P37+MAYO!P37+#REF!+#REF!+#REF!+#REF!+#REF!+#REF!+#REF!) -> #REF! | Q36: =SUM(K36:P36) -> #REF!
A37: CPK MB | B37: =SUM(ENERO!B37+FEBRERO!B37+MARZO!B37+ABRIL!B37+MAYO!B37+#REF!+#REF!+#REF!+#REF!+#REF!+#REF!+#REF!) -> #REF! | C37: =SUM(ENERO!C37+FEBRERO!C37+MARZO!C37+ABRIL!C37+MAYO!C37+#REF!+#REF!+#REF!+#REF!+#REF!+#REF!+#REF!) -> #REF! | D37: =SUM(ENERO!D37+FEBRERO!D37+MARZO!D37+ABRIL!D37+MAYO!D37+#REF!+#REF!+#REF!+#REF!+#REF!+#REF!+#REF!) -> #REF! | E37: =SUM(ENERO!E37+FEBRERO!E37+MARZO!E37+ABRIL!E37+MAYO!E37+#REF!+#REF!+#REF!+#REF!+#REF!+#REF!+#REF!) -> #REF! | F37: =SUM(ENERO!F37+FEBRERO!F37+MARZO!F37+ABRIL!F37+MAYO!F37+#REF!+#REF!+#REF!+#REF!+#REF!+#REF!+#REF!) -> #REF! | G37: =SUM(ENERO!G37+FEBRERO!G37+MARZO!G37+ABRIL!G37+MAYO!G37+#REF!+#REF!+#REF!+#REF!+#REF!+#REF!+#REF!) -> #REF! | H37: =SUM(B37:G37) -> #REF! | J37: PRUEBA RAPIDA DE COVID | K37: =SUM(ENERO!K37+FEBRERO!K37+MARZO!K37+ABRIL!K37+MAYO!K37+#REF!+#REF!+#REF!+#REF!+#REF!+#REF!+#REF!) -> #REF! | L37: =SUM(ENERO!L37+FEBRERO!L37+MARZO!L37+ABRIL!L37+MAYO!L37+#REF!+#REF!+#REF!+#REF!+#REF!+#REF!+#REF!) -> #REF! | M37: =SUM(ENERO!M37+FEBRERO!M37+MARZO!M37+ABRIL!M37+MAYO!M37+#REF!+#REF!+#REF!+#REF!+#REF!+#REF!+#REF!) -> #REF! | N37: =SUM(ENERO!N37+FEBRERO!N37+MARZO!N37+ABRIL!N37+MAYO!N37+#REF!+#REF!+#REF!+#REF!+#REF!+#REF!+#REF!) -> #REF! | O37: =SUM(ENERO!O37+FEBRERO!O37+MARZO!O37+ABRIL!O37+MAYO!O37+#REF!+#REF!+#REF!+#REF!+#REF!+#REF!+#REF!) -> #REF! | P37: =SUM(ENERO!P37+FEBRERO!P37+MARZO!P37+ABRIL!P37+MAYO!P37+#REF!+#REF!+#REF!+#REF!+#REF!+#REF!+#REF!) -> #REF! | Q37: =SUM(K37:P37) -> #REF!
A38: COLESTEROL | B38: =SUM(ENERO!B38+FEBRERO!B38+MARZO!B38+ABRIL!B38+MAYO!B38+#REF!+#REF!+#REF!+#REF!+#REF!+#REF!+#REF!) -> #REF! | C38: =SUM(ENERO!C38+FEBRERO!C38+MARZO!C38+ABRIL!C38+MAYO!C38+#REF!+#REF!+#REF!+#REF!+#REF!+#REF!+#REF!) -> #REF! | D38: =SUM(ENERO!D38+FEBRERO!D38+MARZO!D38+ABRIL!D38+MAYO!D38+#REF!+#REF!+#REF!+#REF!+#REF!+#REF!+#REF!) -> #REF! | E38: =SUM(ENERO!E38+FEBRERO!E38+MARZO!E38+ABRIL!E38+MAYO!E38+#REF!+#REF!+#REF!+#REF!+#REF!+#REF!+#REF!) -> #REF! | F38: =SUM(ENERO!F38+FEBRERO!F38+MARZO!F38+ABRIL!F38+MAYO!F38+#REF!+#REF!+#REF!+#REF!+#REF!+#REF!+#REF!) -> #REF! | G38: =SUM(ENERO!G38+FEBRERO!G38+MARZO!G38+ABRIL!G38+MAYO!G38+#REF!+#REF!+#REF!+#REF!+#REF!+#REF!+#REF!) -> #REF! | H38: =SUM(B38:G38) -> #REF!
A39: TRIGLICERIDOS | B39: =SUM(ENERO!B39+FEBRERO!B39+MARZO!B39+ABRIL!B39+MAYO!B39+#REF!+#REF!+#REF!+#REF!+#REF!+#REF!+#REF!) -> #REF! | C39: =SUM(ENERO!C39+FEBRERO!C39+MARZO!C39+ABRIL!C39+MAYO!C39+#REF!+#REF!+#REF!+#REF!+#REF!+#REF!+#REF!) -> #REF! | D39: =SUM(ENERO!D39+FEBRERO!D39+MARZO!D39+ABRIL!D39+MAYO!D39+#REF!+#REF!+#REF!+#REF!+#REF!+#REF!+#REF!) -> #REF! | E39: =SUM(ENERO!E39+FEBRERO!E39+MARZO!E39+ABRIL!E39+MAYO!E39+#REF!+#REF!+#REF!+#REF!+#REF!+#REF!+#REF!) -> #REF! | F39: =SUM(ENERO!F39+FEBRERO!F39+MARZO!F39+ABRIL!F39+MAYO!F39+#REF!+#REF!+#REF!+#REF!+#REF!+#REF!+#REF!) -> #REF! | G39: =SUM(ENERO!G39+FEBRERO!G39+MARZO!G39+ABRIL!G39+MAYO!G39+#REF!+#REF!+#REF!+#REF!+#REF!+#REF!+#REF!) -> #REF! | H39: =SUM(B39:G39) -> #REF! | J39: BANCO DE SANGRE | K39: TOTAL
A40: HDLc | B40: =SUM(ENERO!B40+FEBRERO!B40+MARZO!B40+ABRIL!B40+MAYO!B40+#REF!+#REF!+#REF!+#REF!+#REF!+#REF!+#REF!) -> #REF! | C40: =SUM(ENERO!C40+FEBRERO!C40+MARZO!C40+ABRIL!C40+MAYO!C40+#REF!+#REF!+#REF!+#REF!+#REF!+#REF!+#REF!) -> #REF! | D40: =SUM(ENERO!D40+FEBRERO!D40+MARZO!D40+ABRIL!D40+MAYO!D40+#REF!+#REF!+#REF!+#REF!+#REF!+#REF!+#REF!) -> #REF! | E40: =SUM(ENERO!E40+FEBRERO!E40+MARZO!E40+ABRIL!E40+MAYO!E40+#REF!+#REF!+#REF!+#REF!+#REF!+#REF!+#REF!) -> #REF! | F40: =SUM(ENERO!F40+FEBRERO!F40+MARZO!F40+ABRIL!F40+MAYO!F40+#REF!+#REF!+#REF!+#REF!+#REF!+#REF!+#REF!) -> #REF! | G40: =SUM(ENERO!G40+FEBRERO!G40+MARZO!G40+ABRIL!G40+MAYO!G40+#REF!+#REF!+#REF!+#REF!+#REF!+#REF!+#REF!) -> #REF! | H40: =SUM(B40:G40) -> #REF! | K40: Hospitaliz | L40: Emergenc | M40: C. Externa | N40: Privado | O40: Convenio | P40: Insolvencia | Q40: TOTAL
A41: LDLc | B41: =SUM(ENERO!B41+FEBRERO!B41+MARZO!B41+ABRIL!B41+MAYO!B41+#REF!+#REF!+#REF!+#REF!+#REF!+#REF!+#REF!) -> #REF! | C41: =SUM(ENERO!C41+FEBRERO!C41+MARZO!C41+ABRIL!C41+MAYO!C41+#REF!+#REF!+#REF!+#REF!+#REF!+#REF!+#REF!) -> #REF! | D41: =SUM(ENERO!D41+FEBRERO!D41+MARZO!D41+ABRIL!D41+MAYO!D41+#REF!+#REF!+#REF!+#REF!+#REF!+#REF!+#REF!) -> #REF! | E41: =SUM(ENERO!E41+FEBRERO!E41+MARZO!E41+ABRIL!E41+MAYO!E41+#REF!+#REF!+#REF!+#REF!+#REF!+#REF!+#REF!) -> #REF! | F41: =SUM(ENERO!F41+FEBRERO!F41+MARZO!F41+ABRIL!F41+MAYO!F41+#REF!+#REF!+#REF!+#REF!+#REF!+#REF!+#REF!) -> #REF! | G41: =SUM(ENERO!G41+FEBRERO!G41+MARZO!G41+ABRIL!G41+MAYO!G41+#REF!+#REF!+#REF!+#REF!+#REF!+#REF!+#REF!) -> #REF! | H41: =SUM(B41:G41) -> #REF! | J41: TOTAL DE UNIDADES ENTREGADAS | K41: =SUM(K42:K49) -> #REF! | L41: =SUM(L42:L49) -> #REF! | M41: =SUM(M42:M49) -> #REF! | N41: =SUM(N42:N49) -> #REF! | O41: =SUM(O42:O49) -> #REF! | P41: =SUM(P42:P49) -> #REF! | Q41: =SUM(K41:P41) -> #REF!
A42: ASO | B42: =SUM(ENERO!B42+FEBRERO!B42+MARZO!B42+ABRIL!B42+MAYO!B42+#REF!+#REF!+#REF!+#REF!+#REF!+#REF!+#REF!) -> #REF! | C42: =SUM(ENERO!C42+FEBRERO!C42+MARZO!C42+ABRIL!C42+MAYO!C42+#REF!+#REF!+#REF!+#REF!+#REF!+#REF!+#REF!) -> #REF! | D42: =SUM(ENERO!D42+FEBRERO!D42+MARZO!D42+ABRIL!D42+MAYO!D42+#REF!+#REF!+#REF!+#REF!+#REF!+#REF!+#REF!) -> #REF! | E42: =SUM(ENERO!E42+FEBRERO!E42+MARZO!E42+ABRIL!E42+MAYO!E42+#REF!+#REF!+#REF!+#REF!+#REF!+#REF!+#REF!) -> #REF! | F42: =SUM(ENERO!F42+FEBRERO!F42+MARZO!F42+ABRIL!F42+MAYO!F42+#REF!+#REF!+#REF!+#REF!+#REF!+#REF!+#REF!) -> #REF! | G42: =SUM(ENERO!G42+FEBRERO!G42+MARZO!G42+ABRIL!G42+MAYO!G42+#REF!+#REF!+#REF!+#REF!+#REF!+#REF!+#REF!) -> #REF! | H42: =SUM(B42:G42) -> #REF! | J42: SANGRE TOTAL | K42: =SUM(ENERO!K42+FEBRERO!K42+MARZO!K42+ABRIL!K42+MAYO!K42+#REF!+#REF!+#REF!+#REF!+#REF!+#REF!+#REF!) -> #REF! | L42: =SUM(ENERO!L42+FEBRERO!L42+MARZO!L42+ABRIL!L42+MAYO!L42+#REF!+#REF!+#REF!+#REF!+#REF!+#REF!+#REF!) -> #REF! | M42: =SUM(ENERO!M42+FEBRERO!M42+MARZO!M42+ABRIL!M42+MAYO!M42+#REF!+#REF!+#REF!+#REF!+#REF!+#REF!+#REF!) -> #REF! | N42: =SUM(ENERO!N42+FEBRERO!N42+MARZO!N42+ABRIL!N42+MAYO!N42+#REF!+#REF!+#REF!+#REF!+#REF!+#REF!+#REF!) -> #REF! | O42: =SUM(ENERO!O42+FEBRERO!O42+MARZO!O42+ABRIL!O42+MAYO!O42+#REF!+#REF!+#REF!+#REF!+#REF!+#REF!+#REF!) -> #REF! | P42: =SUM(ENERO!P42+FEBRERO!P42+MARZO!P42+ABRIL!P42+MAYO!P42+#REF!+#REF!+#REF!+#REF!+#REF!+#REF!+#REF!) -> #REF! | Q42: =SUM(K42:P42) -> #REF!
A43: FACTOR REUMATOIDEO | B43: =SUM(ENERO!B43+FEBRERO!B43+MARZO!B43+ABRIL!B43+MAYO!B43+#REF!+#REF!+#REF!+#REF!+#REF!+#REF!+#REF!) -> #REF! | C43: =SUM(ENERO!C43+FEBRERO!C43+MARZO!C43+ABRIL!C43+MAYO!C43+#REF!+#REF!+#REF!+#REF!+#REF!+#REF!+#REF!) -> #REF! | D43: =SUM(ENERO!D43+FEBRERO!D43+MARZO!D43+ABRIL!D43+MAYO!D43+#REF!+#REF!+#REF!+#REF!+#REF!+#REF!+#REF!) -> #REF! | E43: =SUM(ENERO!E43+FEBRERO!E43+MARZO!E43+ABRIL!E43+MAYO!E43+#REF!+#REF!+#REF!+#REF!+#REF!+#REF!+#REF!) -> #REF! | F43: =SUM(ENERO!F43+FEBRERO!F43+MARZO!F43+ABRIL!F43+MAYO!F43+#REF!+#REF!+#REF!+#REF!+#REF!+#REF!+#REF!) -> #REF! | G43: =SUM(ENERO!G43+FEBRERO!G43+MARZO!G43+ABRIL!G43+MAYO!G43+#REF!+#REF!+#REF!+#REF!+#REF!+#REF!+#REF!) -> #REF! | H43: =SUM(B43:G43) -> #REF! | J43: GLOBULOS ROJOS | K43: =SUM(ENERO!K43+FEBRERO!K43+MARZO!K43+ABRIL!K43+MAYO!K43+#REF!+#REF!+#REF!+#REF!+#REF!+#REF!+#REF!) -> #REF! | L43: =SUM(ENERO!L43+FEBRERO!L43+MARZO!L43+ABRIL!L43+MAYO!L43+#REF!+#REF!+#REF!+#REF!+#REF!+#REF!+#REF!) -> #REF! | M43: =SUM(ENERO!M43+FEBRERO!M43+MARZO!M43+ABRIL!M43+MAYO!M43+#REF!+#REF!+#REF!+#REF!+#REF!+#REF!+#REF!) -> #REF! | N43: =SUM(ENERO!N43+FEBRERO!N43+MARZO!N43+ABRIL!N43+MAYO!N43+#REF!+#REF!+#REF!+#REF!+#REF!+#REF!+#REF!) -> #REF! | O43: =SUM(ENERO!O43+FEBRERO!O43+MARZO!O43+ABRIL!O43+MAYO!O43+#REF!+#REF!+#REF!+#REF!+#REF!+#REF!+#REF!) -> #REF! | P43: =SUM(ENERO!P43+FEBRERO!P43+MARZO!P43+ABRIL!P43+MAYO!P43+#REF!+#REF!+#REF!+#REF!+#REF!+#REF!+#REF!) -> #REF! | Q43: =SUM(K43:P43) -> #REF!
A44: HIERRO | B44: =SUM(ENERO!B44+FEBRERO!B44+MARZO!B44+ABRIL!B44+MAYO!B44+#REF!+#REF!+#REF!+#REF!+#REF!+#REF!+#REF!) -> #REF! | C44: =SUM(ENERO!C44+FEBRERO!C44+MARZO!C44+ABRIL!C44+MAYO!C44+#REF!+#REF!+#REF!+#REF!+#REF!+#REF!+#REF!) -> #REF! | D44: =SUM(ENERO!D44+FEBRERO!D44+MARZO!D44+ABRIL!D44+MAYO!D44+#REF!+#REF!+#REF!+#REF!+#REF!+#REF!+#REF!) -> #REF! | E44: =SUM(ENERO!E44+FEBRERO!E44+MARZO!E44+ABRIL!E44+MAYO!E44+#REF!+#REF!+#REF!+#REF!+#REF!+#REF!+#REF!) -> #REF! | F44: =SUM(ENERO!F44+FEBRERO!F44+MARZO!F44+ABRIL!F44+MAYO!F44+#REF!+#REF!+#REF!+#REF!+#REF!+#REF!+#REF!) -> #REF! | G44: =SUM(ENERO!G44+FEBRERO!G44+MARZO!G44+ABRIL!G44+MAYO!G44+#REF!+#REF!+#REF!+#REF!+#REF!+#REF!+#REF!) -> #REF! | H44: =SUM(B44:G44) -> #REF! | J44: PLASMA FRESCO CONGELADO | K44: =SUM(ENERO!K44+FEBRERO!K44+MARZO!K44+ABRIL!K44+MAYO!K44+#REF!+#REF!+#REF!+#REF!+#REF!+#REF!+#REF!) -> #REF! | L44: =SUM(ENERO!L44+FEBRERO!L44+MARZO!L44+ABRIL!L44+MAYO!L44+#REF!+#REF!+#REF!+#REF!+#REF!+#REF!+#REF!) -> #REF! | M44: =SUM(ENERO!M44+FEBRERO!M44+MARZO!M44+ABRIL!M44+MAYO!M44+#REF!+#REF!+#REF!+#REF!+#REF!+#REF!+#REF!) -> #REF! | N44: =SUM(ENERO!N44+FEBRERO!N44+MARZO!N44+ABRIL!N44+MAYO!N44+#REF!+#REF!+#REF!+#REF!+#REF!+#REF!+#REF!) -> #REF! | O44: =SUM(ENERO!O44+FEBRERO!O44+MARZO!O44+ABRIL!O44+MAYO!O44+#REF!+#REF!+#REF!+#REF!+#REF!+#REF!+#REF!) -> #REF! | P44: =SUM(ENERO!P44+FEBRERO!P44+MARZO!P44+ABRIL!P44+MAYO!P44+#REF!+#REF!+#REF!+#REF!+#REF!+#REF!+#REF!) -> #REF! | Q44: =SUM(K44:P44) -> #REF!
A45: LIPASA | B45: =SUM(ENERO!B45+FEBRERO!B45+MARZO!B45+ABRIL!B45+MAYO!B45+#REF!+#REF!+#REF!+#REF!+#REF!+#REF!+#REF!) -> #REF! | C45: =SUM(ENERO!C45+FEBRERO!C45+MARZO!C45+ABRIL!C45+MAYO!C45+#REF!+#REF!+#REF!+#REF!+#REF!+#REF!+#REF!) -> #REF! | D45: =SUM(ENERO!D45+FEBRERO!D45+MARZO!D45+ABRIL!D45+MAYO!D45+#REF!+#REF!+#REF!+#REF!+#REF!+#REF!+#REF!) -> #REF! | E45: =SUM(ENERO!E45+FEBRERO!E45+MARZO!E45+ABRIL!E45+MAYO!E45+#REF!+#REF!+#REF!+#REF!+#REF!+#REF!+#REF!) -> #REF! | F45: =SUM(ENERO!F45+FEBRERO!F45+MARZO!F45+ABRIL!F45+MAYO!F45+#REF!+#REF!+#REF!+#REF!+#REF!+#REF!+#REF!) -> #REF! | G45: =SUM(ENERO!G45+FEBRERO!G45+MARZO!G45+ABRIL!G45+MAYO!G45+#REF!+#REF!+#REF!+#REF!+#REF!+#REF!+#REF!) -> #REF! | H45: =SUM(B45:G45) -> #REF! | J45: CRIOPRECIPITADO | K45: =SUM(ENERO!K45+FEBRERO!K45+MARZO!K45+ABRIL!K45+MAYO!K45+#REF!+#REF!+#REF!+#REF!+#REF!+#REF!+#REF!) -> #REF! | L45: =SUM(ENERO!L45+FEBRERO!L45+MARZO!L45+ABRIL!L45+MAYO!L45+#REF!+#REF!+#REF!+#REF!+#REF!+#REF!+#REF!) -> #REF! | M45: =SUM(ENERO!M45+FEBRERO!M45+MARZO!M45+ABRIL!M45+MAYO!M45+#REF!+#REF!+#REF!+#REF!+#REF!+#REF!+#REF!) -> #REF! | N45: =SUM(ENERO!N45+FEBRERO!N45+MARZO!N45+ABRIL!N45+MAYO!N45+#REF!+#REF!+#REF!+#REF!+#REF!+#REF!+#REF!) -> #REF! | O45: =SUM(ENERO!O45+FEBRERO!O45+MARZO!O45+ABRIL!O45+MAYO!O45+#REF!+#REF!+#REF!+#REF!+#REF!+#REF!+#REF!) -> #REF! | P45: =SUM(ENERO!P45+FEBRERO!P45+MARZO!P45+ABRIL!P45+MAYO!P45+#REF!+#REF!+#REF!+#REF!+#REF!+#REF!+#REF!) -> #REF! | Q45: =SUM(K45:P45) -> #REF!
A46: TRANSFERRINA | B46: =SUM(ENERO!B46+FEBRERO!B46+MARZO!B46+ABRIL!B46+MAYO!B46+#REF!+#REF!+#REF!+#REF!+#REF!+#REF!+#REF!) -> #REF! | C46: =SUM(ENERO!C46+FEBRERO!C46+MARZO!C46+ABRIL!C46+MAYO!C46+#REF!+#REF!+#REF!+#REF!+#REF!+#REF!+#REF!) -> #REF! | D46: =SUM(ENERO!D46+FEBRERO!D46+MARZO!D46+ABRIL!D46+MAYO!D46+#REF!+#REF!+#REF!+#REF!+#REF!+#REF!+#REF!) -> #REF! | E46: =SUM(ENERO!E46+FEBRERO!E46+MARZO!E46+ABRIL!E46+MAYO!E46+#REF!+#REF!+#REF!+#REF!+#REF!+#REF!+#REF!) -> #REF! | F46: =SUM(ENERO!F46+FEBRERO!F46+MARZO!F46+ABRIL!F46+MAYO!F46+#REF!+#REF!+#REF!+#REF!+#REF!+#REF!+#REF!) -> #REF! | G46: =SUM(ENERO!G46+FEBRERO!G46+MARZO!G46+ABRIL!G46+MAYO!G46+#REF!+#REF!+#REF!+#REF!+#REF!+#REF!+#REF!) -> #REF! | H46: =SUM(B46:G46) -> #REF! | J46: PLAQUETAS | K46: =SUM(ENERO!K46+FEBRERO!K46+MARZO!K46+ABRIL!K46+MAYO!K46+#REF!+#REF!+#REF!+#REF!+#REF!+#REF!+#REF!) -> #REF! | L46: =SUM(ENERO!L46+FEBRERO!L46+MARZO!L46+ABRIL!L46+MAYO!L46+#REF!+#REF!+#REF!+#REF!+#REF!+#REF!+#REF!) -> #REF! | M46: =SUM(ENERO!M46+FEBRERO!M46+MARZO!M46+ABRIL!M46+MAYO!M46+#REF!+#REF!+#REF!+#REF!+#REF!+#REF!+#REF!) -> #REF! | N46: =SUM(ENERO!N46+FEBRERO!N46+MARZO!N46+ABRIL!N46+MAYO!N46+#REF!+#REF!+#REF!+#REF!+#REF!+#REF!+#REF!) -> #REF! | O46: =SUM(ENERO!O46+FEBRERO!O46+MARZO!O46+ABRIL!O46+MAYO!O46+#REF!+#REF!+#REF!+#REF!+#REF!+#REF!+#REF!) -> #REF! | P46: =SUM(ENERO!P46+FEBRERO!P46+MARZO!P46+ABRIL!P46+MAYO!P46+#REF!+#REF!+#REF!+#REF!+#REF!+#REF!+#REF!) -> #REF! | Q46: =SUM(K46:P46) -> #REF!
A47: COMPLEMENTO C3 | B47: =SUM(ENERO!B47+FEBRERO!B47+MARZO!B47+ABRIL!B47+MAYO!B47+#REF!+#REF!+#REF!+#REF!+#REF!+#REF!+#REF!) -> #REF! | C47: =SUM(ENERO!C47+FEBRERO!C47+MARZO!C47+ABRIL!C47+MAYO!C47+#REF!+#REF!+#REF!+#REF!+#REF!+#REF!+#REF!) -> #REF! | D47: =SUM(ENERO!D47+FEBRERO!D47+MARZO!D47+ABRIL!D47+MAYO!D47+#REF!+#REF!+#REF!+#REF!+#REF!+#REF!+#REF!) -> #REF! | E47: =SUM(ENERO!E47+FEBRERO!E47+MARZO!E47+ABRIL!E47+MAYO!E47+#REF!+#REF!+#REF!+#REF!+#REF!+#REF!+#REF!) -> #REF! | F47: =SUM(ENERO!F47+FEBRERO!F47+MARZO!F47+ABRIL!F47+MAYO!F47+#REF!+#REF!+#REF!+#REF!+#REF!+#REF!+#REF!) -> #REF! | G47: =SUM(ENERO!G47+FEBRERO!G47+MARZO!G47+ABRIL!G47+MAYO!G47+#REF!+#REF!+#REF!+#REF!+#REF!+#REF!+#REF!) -> #REF! | H47: =SUM(B47:G47) -> #REF! | J47: GRUPO SANGUINEO ABO EN GEL | K47: =SUM(ENERO!K47+FEBRERO!K47+MARZO!K47+ABRIL!K47+MAYO!K47+#REF!+#REF!+#REF!+#REF!+#REF!+#REF!+#REF!) -> #REF! | L47: =SUM(ENERO!L47+FEBRERO!L47+MARZO!L47+ABRIL!L47+MAYO!L47+#REF!+#REF!+#REF!+#REF!+#REF!+#REF!+#REF!) -> #REF! | M47: =SUM(ENERO!M47+FEBRERO!M47+MARZO!M47+ABRIL!M47+MAYO!M47+#REF!+#REF!+#REF!+#REF!+#REF!+#REF!+#REF!) -> #REF! | N47: =SUM(ENERO!N47+FEBRERO!N47+MARZO!N47+ABRIL!N47+MAYO!N47+#REF!+#REF!+#REF!+#REF!+#REF!+#REF!+#REF!) -> #REF! | O47: =SUM(ENERO!O47+FEBRERO!O47+MARZO!O47+ABRIL!O47+MAYO!O47+#REF!+#REF!+#REF!+#REF!+#REF!+#REF!+#REF!) -> #REF! | P47: =SUM(ENERO!P47+FEBRERO!P47+MARZO!P47+ABRIL!P47+MAYO!P47+#REF!+#REF!+#REF!+#REF!+#REF!+#REF!+#REF!) -> #REF! | Q47: =SUM(K47:P47) -> #REF!
A48: COMPLEMENTO C4 | B48: =SUM(ENERO!B48+FEBRERO!B48+MARZO!B48+ABRIL!B48+MAYO!B48+#REF!+#REF!+#REF!+#REF!+#REF!+#REF!+#REF!) -> #REF! | C48: =SUM(ENERO!C48+FEBRERO!C48+MARZO!C48+ABRIL!C48+MAYO!C48+#REF!+#REF!+#REF!+#REF!+#REF!+#REF!+#REF!) -> #REF! | D48: =SUM(ENERO!D48+FEBRERO!D48+MARZO!D48+ABRIL!D48+MAYO!D48+#REF!+#REF!+#REF!+#REF!+#REF!+#REF!+#REF!) -> #REF! | E48: =SUM(ENERO!E48+FEBRERO!E48+MARZO!E48+ABRIL!E48+MAYO!E48+#REF!+#REF!+#REF!+#REF!+#REF!+#REF!+#REF!) -> #REF! | F48: =SUM(ENERO!F48+FEBRERO!F48+MARZO!F48+ABRIL!F48+MAYO!F48+#REF!+#REF!+#REF!+#REF!+#REF!+#REF!+#REF!) -> #REF! | G48: =SUM(ENERO!G48+FEBRERO!G48+MARZO!G48+ABRIL!G48+MAYO!G48+#REF!+#REF!+#REF!+#REF!+#REF!+#REF!+#REF!) -> #REF! | H48: =SUM(B48:G48) -> #REF! | J48: PRUEBA CRUZADA MAYOR | K48: =SUM(ENERO!K48+FEBRERO!K48+MARZO!K48+ABRIL!K48+MAYO!K48+#REF!+#REF!+#REF!+#REF!+#REF!+#REF!+#REF!) -> #REF! | L48: =SUM(ENERO!L48+FEBRERO!L48+MARZO!L48+ABRIL!L48+MAYO!L48+#REF!+#REF!+#REF!+#REF!+#REF!+#REF!+#REF!) -> #REF! | M48: =SUM(ENERO!M48+FEBRERO!M48+MARZO!M48+ABRIL!M48+MAYO!M48+#REF!+#REF!+#REF!+#REF!+#REF!+#REF!+#REF!) -> #REF! | N48: =SUM(ENERO!N48+FEBRERO!N48+MARZO!N48+ABRIL!N48+MAYO!N48+#REF!+#REF!+#REF!+#REF!+#REF!+#REF!+#REF!) -> #REF! | O48: =SUM(ENERO!O48+FEBRERO!O48+MARZO!O48+ABRIL!O48+MAYO!O48+#REF!+#REF!+#REF!+#REF!+#REF!+#REF!+#REF!) -> #REF! | P48: =SUM(ENERO!P48+FEBRERO!P48+MARZO!P48+ABRIL!P48+MAYO!P48+#REF!+#REF!+#REF!+#REF!+#REF!+#REF!+#REF!) -> #REF! | Q48: =SUM(K48:P48) -> #REF!
A49: GASES ARTERIALES | B49: =SUM(ENERO!B49+FEBRERO!B49+MARZO!B49+ABRIL!B49+MAYO!B49+#REF!+#REF!+#REF!+#REF!+#REF!+#REF!+#REF!) -> #REF! | C49: =SUM(ENERO!C49+FEBRERO!C49+MARZO!C49+ABRIL!C49+MAYO!C49+#REF!+#REF!+#REF!+#REF!+#REF!+#REF!+#REF!) -> #REF! | D49: =SUM(ENERO!D49+FEBRERO!D49+MARZO!D49+ABRIL!D49+MAYO!D49+#REF!+#REF!+#REF!+#REF!+#REF!+#REF!+#REF!) -> #REF! | E49: =SUM(ENERO!E49+FEBRERO!E49+MARZO!E49+ABRIL!E49+MAYO!E49+#REF!+#REF!+#REF!+#REF!+#REF!+#REF!+#REF!) -> #REF! | F49: =SUM(ENERO!F49+FEBRERO!F49+MARZO!F49+ABRIL!F49+MAYO!F49+#REF!+#REF!+#REF!+#REF!+#REF!+#REF!+#REF!) -> #REF! | G49: =SUM(ENERO!G49+FEBRERO!G49+MARZO!G49+ABRIL!G49+MAYO!G49+#REF!+#REF!+#REF!+#REF!+#REF!+#REF!+#REF!) -> #REF! | H49: =SUM(B49:G49) -> #REF! | J49: PRUEBA CRUZADA MENOR | K49: =SUM(ENERO!K49+FEBRERO!K49+MARZO!K49+ABRIL!K49+MAYO!K49+#REF!+#REF!+#REF!+#REF!+#REF!+#REF!+#REF!) -> #REF! | L49: =SUM(ENERO!L49+FEBRERO!L49+MARZO!L49+ABRIL!L49+MAYO!L49+#REF!+#REF!+#REF!+#REF!+#REF!+#REF!+#REF!) -> #REF! | M49: =SUM(ENERO!M49+FEBRERO!M49+MARZO!M49+ABRIL!M49+MAYO!M49+#REF!+#REF!+#REF!+#REF!+#REF!+#REF!+#REF!) -> #REF! | N49: =SUM(ENERO!N49+FEBRERO!N49+MARZO!N49+ABRIL!N49+MAYO!N49+#REF!+#REF!+#REF!+#REF!+#REF!+#REF!+#REF!) -> #REF! | O49: =SUM(ENERO!O49+FEBRERO!O49+MARZO!O49+ABRIL!O49+MAYO!O49+#REF!+#REF!+#REF!+#REF!+#REF!+#REF!+#REF!) -> #REF! | P49: =SUM(ENERO!P49+FEBRERO!P49+MARZO!P49+ABRIL!P49+MAYO!P49+#REF!+#REF!+#REF!+#REF!+#REF!+#REF!+#REF!) -> #REF! | Q49: =SUM(K49:P49) -> #REF!
A50: ELECTROLITOS | B50: =SUM(ENERO!B50+FEBRERO!B50+MARZO!B50+ABRIL!B50+MAYO!B50+#REF!+#REF!+#REF!+#REF!+#REF!+#REF!+#REF!) -> #REF! | C50: =SUM(ENERO!C50+FEBRERO!C50+MARZO!C50+ABRIL!C50+MAYO!C50+#REF!+#REF!+#REF!+#REF!+#REF!+#REF!+#REF!) -> #REF! | D50: =SUM(ENERO!D50+FEBRERO!D50+MARZO!D50+ABRIL!D50+MAYO!D50+#REF!+#REF!+#REF!+#REF!+#REF!+#REF!+#REF!) -> #REF! | E50: =SUM(ENERO!E50+FEBRERO!E50+MARZO!E50+ABRIL!E50+MAYO!E50+#REF!+#REF!+#REF!+#REF!+#REF!+#REF!+#REF!) -> #REF! | F50: =SUM(ENERO!F50+FEBRERO!F50+MARZO!F50+ABRIL!F50+MAYO!F50+#REF!+#REF!+#REF!+#REF!+#REF!+#REF!+#REF!) -> #REF! | G50: =SUM(ENERO!G50+FEBRERO!G50+MARZO!G50+ABRIL!G50+MAYO!G50+#REF!+#REF!+#REF!+#REF!+#REF!+#REF!+#REF!) -> #REF! | H50: =SUM(B50:G50) -> #REF!
A51: TOTAL EXAMENES HEMATOLÓGICOS -HEMOSTASICOS | B51: =SUM(B52:B68) -> #REF! | C51: =SUM(C52:C68) -> #REF! | D51: =SUM(D52:D68) -> #REF! | E51: =SUM(E52:E68) -> #REF! | F51: =SUM(F52:F68) -> #REF! | G51: =SUM(G52:G68) -> #REF! | H51: =SUM(B51:G51) -> #REF!
A52: HEMATOCRITO | B52: =SUM(ENERO!B52+FEBRERO!B52+MARZO!B52+ABRIL!B52+MAYO!B52+#REF!+#REF!+#REF!+#REF!+#REF!+#REF!+#REF!) -> #REF! | C52: =SUM(ENERO!C52+FEBRERO!C52+MARZO!C52+ABRIL!C52+MAYO!C52+#REF!+#REF!+#REF!+#REF!+#REF!+#REF!+#REF!) -> #REF! | D52: =SUM(ENERO!D52+FEBRERO!D52+MARZO!D52+ABRIL!D52+MAYO!D52+#REF!+#REF!+#REF!+#REF!+#REF!+#REF!+#REF!) -> #REF! | E52: =SUM(ENERO!E52+FEBRERO!E52+MARZO!E52+ABRIL!E52+MAYO!E52+#REF!+#REF!+#REF!+#REF!+#REF!+#REF!+#REF!) -> #REF! | F52: =SUM(ENERO!F52+FEBRERO!F52+MARZO!F52+ABRIL!F52+MAYO!F52+#REF!+#REF!+#REF!+#REF!+#REF!+#REF!+#REF!) -> #REF! | G52: =SUM(ENERO!G52+FEBRERO!G52+MARZO!G52+ABRIL!G52+MAYO!G52+#REF!+#REF!+#REF!+#REF!+#REF!+#REF!+#REF!) -> #REF! | H52: =SUM(B52:G52) -> #REF! | J52: TOTAL DE ATENCIONES EN EL DEPARTAMENTO DE PATOLOGIA CLÍNICA Y ANATOMIA PATOLOGICA
A53: HEMOGLOBINA | B53: =SUM(ENERO!B53+FEBRERO!B53+MARZO!B53+ABRIL!B53+MAYO!B53+#REF!+#REF!+#REF!+#REF!+#REF!+#REF!+#REF!) -> #REF! | C53: =SUM(ENERO!C53+FEBRERO!C53+MARZO!C53+ABRIL!C53+MAYO!C53+#REF!+#REF!+#REF!+#REF!+#REF!+#REF!+#REF!) -> #REF! | D53: =SUM(ENERO!D53+FEBRERO!D53+MARZO!D53+ABRIL!D53+MAYO!D53+#REF!+#REF!+#REF!+#REF!+#REF!+#REF!+#REF!) -> #REF! | E53: =SUM(ENERO!E53+FEBRERO!E53+MARZO!E53+ABRIL!E53+MAYO!E53+#REF!+#REF!+#REF!+#REF!+#REF!+#REF!+#REF!) -> #REF! | F53: =SUM(ENERO!F53+FEBRERO!F53+MARZO!F53+ABRIL!F53+MAYO!F53+#REF!+#REF!+#REF!+#REF!+#REF!+#REF!+#REF!) -> #REF! | G53: =SUM(ENERO!G53+FEBRERO!G53+MARZO!G53+ABRIL!G53+MAYO!G53+#REF!+#REF!+#REF!+#REF!+#REF!+#REF!+#REF!) -> #REF! | H53: =SUM(B53:G53) -> #REF! | J53: PROGRAMAS DE SALUD OPORTUNOS PARA LA POBLACION | Q53: TOTAL
A54: HEMOGRAMA AUTOMATIZADO | B54: =SUM(ENERO!B54+FEBRERO!B54+MARZO!B54+ABRIL!B54+MAYO!B54+#REF!+#REF!+#REF!+#REF!+#REF!+#REF!+#REF!) -> #REF! | C54: =SUM(ENERO!C54+FEBRERO!C54+MARZO!C54+ABRIL!C54+MAYO!C54+#REF!+#REF!+#REF!+#REF!+#REF!+#REF!+#REF!) -> #REF! | D54: =SUM(ENERO!D54+FEBRERO!D54+MARZO!D54+ABRIL!D54+MAYO!D54+#REF!+#REF!+#REF!+#REF!+#REF!+#REF!+#REF!) -> #REF! | E54: =SUM(ENERO!E54+FEBRERO!E54+MARZO!E54+ABRIL!E54+MAYO!E54+#REF!+#REF!+#REF!+#REF!+#REF!+#REF!+#REF!) -> #REF! | F54: =SUM(ENERO!F54+FEBRERO!F54+MARZO!F54+ABRIL!F54+MAYO!F54+#REF!+#REF!+#REF!+#REF!+#REF!+#REF!+#REF!) -> #REF! | G54: =SUM(ENERO!G54+FEBRERO!G54+MARZO!G54+ABRIL!G54+MAYO!G54+#REF!+#REF!+#REF!+#REF!+#REF!+#REF!+#REF!) -> #REF! | H54: =SUM(B54:G54) -> #REF! | J54: PROGRAMACION, SEGUIMIENTO Y EVALUACION DE ACTIVIDADES | Q54: =SUM(ENERO!Q54+FEBRERO!Q54+MARZO!Q54+ABRIL!Q54+MAYO!Q54+#REF!+#REF!+#REF!) -> #REF!
A55: PLAQUETAS | B55: =SUM(ENERO!B55+FEBRERO!B55+MARZO!B55+ABRIL!B55+MAYO!B55+#REF!+#REF!+#REF!+#REF!+#REF!+#REF!+#REF!) -> #REF! | C55: =SUM(ENERO!C55+FEBRERO!C55+MARZO!C55+ABRIL!C55+MAYO!C55+#REF!+#REF!+#REF!+#REF!+#REF!+#REF!+#REF!) -> #REF! | D55: =SUM(ENERO!D55+FEBRERO!D55+MARZO!D55+ABRIL!D55+MAYO!D55+#REF!+#REF!+#REF!+#REF!+#REF!+#REF!+#REF!) -> #REF! | E55: =SUM(ENERO!E55+FEBRERO!E55+MARZO!E55+ABRIL!E55+MAYO!E55+#REF!+#REF!+#REF!+#REF!+#REF!+#REF!+#REF!) -> #REF! | F55: =SUM(ENERO!F55+FEBRERO!F55+MARZO!F55+ABRIL!F55+MAYO!F55+#REF!+#REF!+#REF!+#REF!+#REF!+#REF!+#REF!) -> #REF! | G55: =SUM(ENERO!G55+FEBRERO!G55+MARZO!G55+ABRIL!G55+MAYO!G55+#REF!+#REF!+#REF!+#REF!+#REF!+#REF!+#REF!) -> #REF! | H55: =SUM(B55:G55) -> #REF! | J55: EXAMEN DE PROCEDIMIENTO BIOQUÍMICO | Q55: =(H12) -> #REF!
A56: T COAGULACIÓN & T SANGRÍA | B56: =SUM(ENERO!B56+FEBRERO!B56+MARZO!B56+ABRIL!B56+MAYO!B56+#REF!+#REF!+#REF!+#REF!+#REF!+#REF!+#REF!) -> #REF! | C56: =SUM(ENERO!C56+FEBRERO!C56+MARZO!C56+ABRIL!C56+MAYO!C56+#REF!+#REF!+#REF!+#REF!+#REF!+#REF!+#REF!) -> #REF! | D56: =SUM(ENERO!D56+FEBRERO!D56+MARZO!D56+ABRIL!D56+MAYO!D56+#REF!+#REF!+#REF!+#REF!+#REF!+#REF!+#REF!) -> #REF! | E56: =SUM(ENERO!E56+FEBRERO!E56+MARZO!E56+ABRIL!E56+MAYO!E56+#REF!+#REF!+#REF!+#REF!+#REF!+#REF!+#REF!) -> #REF! | F56: =SUM(ENERO!F56+FEBRERO!F56+MARZO!F56+ABRIL!F56+MAYO!F56+#REF!+#REF!+#REF!+#REF!+#REF!+#REF!+#REF!) -> #REF! | G56: =SUM(ENERO!G56+FEBRERO!G56+MARZO!G56+ABRIL!G56+MAYO!G56+#REF!+#REF!+#REF!+#REF!+#REF!+#REF!+#REF!) -> #REF! | H56: =SUM(B56:G56) -> #REF! | J56: EXAMEN DE PROCEDIMIENTO HEMATOLÓGICO - HEMOSTASICOS | Q56: =(H51) -> #REF!
A57: VELOCIDAD DE SEDIMENTACIÓN GLOBULAR | B57: =SUM(ENERO!B57+FEBRERO!B57+MARZO!B57+ABRIL!B57+MAYO!B57+#REF!+#REF!+#REF!+#REF!+#REF!+#REF!+#REF!) -> #REF! | C57: =SUM(ENERO!C57+FEBRERO!C57+MARZO!C57+ABRIL!C57+MAYO!C57+#REF!+#REF!+#REF!+#REF!+#REF!+#REF!+#REF!) -> #REF! | D57: =SUM(ENERO!D57+FEBRERO!D57+MARZO!D57+ABRIL!D57+MAYO!D57+#REF!+#REF!+#REF!+#REF!+#REF!+#REF!+#REF!) -> #REF! | E57: =SUM(ENERO!E57+FEBRERO!E57+MARZO!E57+ABRIL!E57+MAYO!E57+#REF!+#REF!+#REF!+#REF!+#REF!+#REF!+#REF!) -> #REF! | F57: =SUM(ENERO!F57+FEBRERO!F57+MARZO!F57+ABRIL!F57+MAYO!F57+#REF!+#REF!+#REF!+#REF!+#REF!+#REF!+#REF!) -> #REF! | G57: =SUM(ENERO!G57+FEBRERO!G57+MARZO!G57+ABRIL!G57+MAYO!G57+#REF!+#REF!+#REF!+#REF!+#REF!+#REF!+#REF!) -> #REF! | H57: =SUM(B57:G57) -> #REF! | J57: EXAMEN DE PROCEDIMIENTOS MICROBIOLÓGICOS | Q57: =(H69) -> #REF!
A58: TEST COOMBS DIRECTO | B58: =SUM(ENERO!B58+FEBRERO!B58+MARZO!B58+ABRIL!B58+MAYO!B58+#REF!+#REF!+#REF!+#REF!+#REF!+#REF!+#REF!) -> #REF! | C58: =SUM(ENERO!C58+FEBRERO!C58+MARZO!C58+ABRIL!C58+MAYO!C58+#REF!+#REF!+#REF!+#REF!+#REF!+#REF!+#REF!) -> #REF! | D58: =SUM(ENERO!D58+FEBRERO!D58+MARZO!D58+ABRIL!D58+MAYO!D58+#REF!+#REF!+#REF!+#REF!+#REF!+#REF!+#REF!) -> #REF! | E58: =SUM(ENERO!E58+FEBRERO!E58+MARZO!E58+ABRIL!E58+MAYO!E58+#REF!+#REF!+#REF!+#REF!+#REF!+#REF!+#REF!) -> #REF! | F58: =SUM(ENERO!F58+FEBRERO!F58+MARZO!F58+ABRIL!F58+MAYO!F58+#REF!+#REF!+#REF!+#REF!+#REF!+#REF!+#REF!) -> #REF! | G58: =SUM(ENERO!G58+FEBRERO!G58+MARZO!G58+ABRIL!G58+MAYO!G58+#REF!+#REF!+#REF!+#REF!+#REF!+#REF!+#REF!) -> #REF! | H58: =SUM(B58:G58) -> #REF! | J58: EXAMEN DE PROCEDIMIENTOS UROPARASITOLÓGICOS | Q58: =H82 -> #REF!
A59: TEST DE COOMBS INDIRECTO | B59: =SUM(ENERO!B59+FEBRERO!B59+MARZO!B59+ABRIL!B59+MAYO!B59+#REF!+#REF!+#REF!+#REF!+#REF!+#REF!+#REF!) -> #REF! | C59: =SUM(ENERO!C59+FEBRERO!C59+MARZO!C59+ABRIL!C59+MAYO!C59+#REF!+#REF!+#REF!+#REF!+#REF!+#REF!+#REF!) -> #REF! | D59: =SUM(ENERO!D59+FEBRERO!D59+MARZO!D59+ABRIL!D59+MAYO!D59+#REF!+#REF!+#REF!+#REF!+#REF!+#REF!+#REF!) -> #REF! | E59: =SUM(ENERO!E59+FEBRERO!E59+MARZO!E59+ABRIL!E59+MAYO!E59+#REF!+#REF!+#REF!+#REF!+#REF!+#REF!+#REF!) -> #REF! | F59: =SUM(ENERO!F59+FEBRERO!F59+MARZO!F59+ABRIL!F59+MAYO!F59+#REF!+#REF!+#REF!+#REF!+#REF!+#REF!+#REF!) -> #REF! | G59: =SUM(ENERO!G59+FEBRERO!G59+MARZO!G59+ABRIL!G59+MAYO!G59+#REF!+#REF!+#REF!+#REF!+#REF!+#REF!+#REF!) -> #REF! | H59: =SUM(B59:G59) -> #REF! | J59: EXAMEN DE PROCEDIMIENTOS INMUNOLÓGICOS | Q59: =H95 -> #REF!
A60: GRUPO SANGUINEO Y FACTOR RH | B60: =SUM(ENERO!B60+FEBRERO!B60+MARZO!B60+ABRIL!B60+MAYO!B60+#REF!+#REF!+#REF!+#REF!+#REF!+#REF!+#REF!) -> #REF! | C60: =SUM(ENERO!C60+FEBRERO!C60+MARZO!C60+ABRIL!C60+MAYO!C60+#REF!+#REF!+#REF!+#REF!+#REF!+#REF!+#REF!) -> #REF! | D60: =SUM(ENERO!D60+FEBRERO!D60+MARZO!D60+ABRIL!D60+MAYO!D60+#REF!+#REF!+#REF!+#REF!+#REF!+#REF!+#REF!) -> #REF! | E60: =SUM(ENERO!E60+FEBRERO!E60+MARZO!E60+ABRIL!E60+MAYO!E60+#REF!+#REF!+#REF!+#REF!+#REF!+#REF!+#REF!) -> #REF! | F60: =SUM(ENERO!F60+FEBRERO!F60+MARZO!F60+ABRIL!F60+MAYO!F60+#REF!+#REF!+#REF!+#REF!+#REF!+#REF!+#REF!) -> #REF! | G60: =SUM(ENERO!G60+FEBRERO!G60+MARZO!G60+ABRIL!G60+MAYO!G60+#REF!+#REF!+#REF!+#REF!+#REF!+#REF!+#REF!) -> #REF! | H60: =SUM(B60:G60) -> #REF! | J60: EXAMEN DE PROCEDIMIENTO ANATOMO PATOLÓGICO | Q60: =Q11 -> #REF!
A61: LAMINA PERIFERICA | B61: =SUM(ENERO!B61+FEBRERO!B61+MARZO!B61+ABRIL!B61+MAYO!B61+#REF!+#REF!+#REF!+#REF!+#REF!+#REF!+#REF!) -> #REF! | C61: =SUM(ENERO!C61+FEBRERO!C61+MARZO!C61+ABRIL!C61+MAYO!C61+#REF!+#REF!+#REF!+#REF!+#REF!+#REF!+#REF!) -> #REF! | D61: =SUM(ENERO!D61+FEBRERO!D61+MARZO!D61+ABRIL!D61+MAYO!D61+#REF!+#REF!+#REF!+#REF!+#REF!+#REF!+#REF!) -> #REF! | E61: =SUM(ENERO!E61+FEBRERO!E61+MARZO!E61+ABRIL!E61+MAYO!E61+#REF!+#REF!+#REF!+#REF!+#REF!+#REF!+#REF!) -> #REF! | F61: =SUM(ENERO!F61+FEBRERO!F61+MARZO!F61+ABRIL!F61+MAYO!F61+#REF!+#REF!+#REF!+#REF!+#REF!+#REF!+#REF!) -> #REF! | G61: =SUM(ENERO!G61+FEBRERO!G61+MARZO!G61+ABRIL!G61+MAYO!G61+#REF!+#REF!+#REF!+#REF!+#REF!+#REF!+#REF!) -> #REF! | H61: =SUM(B61:G61) -> #REF! | J61: EXAMEN DE PROGRAMAS | Q61: =Q28 -> #REF!
A62: CONSTANTES CORPUSCULARES | B62: =SUM(ENERO!B62+FEBRERO!B62+MARZO!B62+ABRIL!B62+MAYO!B62+#REF!+#REF!+#REF!+#REF!+#REF!+#REF!+#REF!) -> #REF! | C62: =SUM(ENERO!C62+FEBRERO!C62+MARZO!C62+ABRIL!C62+MAYO!C62+#REF!+#REF!+#REF!+#REF!+#REF!+#REF!+#REF!) -> #REF! | D62: =SUM(ENERO!D62+FEBRERO!D62+MARZO!D62+ABRIL!D62+MAYO!D62+#REF!+#REF!+#REF!+#REF!+#REF!+#REF!+#REF!) -> #REF! | E62: =SUM(ENERO!E62+FEBRERO!E62+MARZO!E62+ABRIL!E62+MAYO!E62+#REF!+#REF!+#REF!+#REF!+#REF!+#REF!+#REF!) -> #REF! | F62: =SUM(ENERO!F62+FEBRERO!F62+MARZO!F62+ABRIL!F62+MAYO!F62+#REF!+#REF!+#REF!+#REF!+#REF!+#REF!+#REF!) -> #REF! | G62: =SUM(ENERO!G62+FEBRERO!G62+MARZO!G62+ABRIL!G62+MAYO!G62+#REF!+#REF!+#REF!+#REF!+#REF!+#REF!+#REF!) -> #REF! | H62: =SUM(B62:G62) -> #REF! | J62: UNIDADES DE BANCO DE SANGRE | Q62: =Q41 -> #REF!
A63: RETICULOCITOS | B63: =SUM(ENERO!B63+FEBRERO!B63+MARZO!B63+ABRIL!B63+MAYO!B63+#REF!+#REF!+#REF!+#REF!+#REF!+#REF!+#REF!) -> #REF! | C63: =SUM(ENERO!C63+FEBRERO!C63+MARZO!C63+ABRIL!C63+MAYO!C63+#REF!+#REF!+#REF!+#REF!+#REF!+#REF!+#REF!) -> #REF! | D63: =SUM(ENERO!D63+FEBRERO!D63+MARZO!D63+ABRIL!D63+MAYO!D63+#REF!+#REF!+#REF!+#REF!+#REF!+#REF!+#REF!) -> #REF! | E63: =SUM(ENERO!E63+FEBRERO!E63+MARZO!E63+ABRIL!E63+MAYO!E63+#REF!+#REF!+#REF!+#REF!+#REF!+#REF!+#REF!) -> #REF! | F63: =SUM(ENERO!F63+FEBRERO!F63+MARZO!F63+ABRIL!F63+MAYO!F63+#REF!+#REF!+#REF!+#REF!+#REF!+#REF!+#REF!) -> #REF! | G63: =SUM(ENERO!G63+FEBRERO!G63+MARZO!G63+ABRIL!G63+MAYO!G63+#REF!+#REF!+#REF!+#REF!+#REF!+#REF!+#REF!) -> #REF! | H63: =SUM(B63:G63) -> #REF! | P63: TOTAL | Q63: =SUM(Q54:Q62) -> #REF!
A64: TIEMPO DE TROMBOPLASTINA | B64: =SUM(ENERO!B64+FEBRERO!B64+MARZO!B64+ABRIL!B64+MAYO!B64+#REF!+#REF!+#REF!+#REF!+#REF!+#REF!+#REF!) -> #REF! | C64: =SUM(ENERO!C64+FEBRERO!C64+MARZO!C64+ABRIL!C64+MAYO!C64+#REF!+#REF!+#REF!+#REF!+#REF!+#REF!+#REF!) -> #REF! | D64: =SUM(ENERO!D64+FEBRERO!D64+MARZO!D64+ABRIL!D64+MAYO!D64+#REF!+#REF!+#REF!+#REF!+#REF!+#REF!+#REF!) -> #REF! | E64: =SUM(ENERO!E64+FEBRERO!E64+MARZO!E64+ABRIL!E64+MAYO!E64+#REF!+#REF!+#REF!+#REF!+#REF!+#REF!+#REF!) -> #REF! | F64: =SUM(ENERO!F64+FEBRERO!F64+MARZO!F64+ABRIL!F64+MAYO!F64+#REF!+#REF!+#REF!+#REF!+#REF!+#REF!+#REF!) -> #REF! | G64: =SUM(ENERO!G64+FEBRERO!G64+MARZO!G64+ABRIL!G64+MAYO!G64+#REF!+#REF!+#REF!+#REF!+#REF!+#REF!+#REF!) -> #REF! | H64: =SUM(B64:G64) -> #REF!
A65: TIEMPO DE PROTROMBINA | B65: =SUM(ENERO!B65+FEBRERO!B65+MARZO!B65+ABRIL!B65+MAYO!B65+#REF!+#REF!+#REF!+#REF!+#REF!+#REF!+#REF!) -> #REF! | C65: =SUM(ENERO!C65+FEBRERO!C65+MARZO!C65+ABRIL!C65+MAYO!C65+#REF!+#REF!+#REF!+#REF!+#REF!+#REF!+#REF!) -> #REF! | D65: =SUM(ENERO!D65+FEBRERO!D65+MARZO!D65+ABRIL!D65+MAYO!D65+#REF!+#REF!+#REF!+#REF!+#REF!+#REF!+#REF!) -> #REF! | E65: =SUM(ENERO!E65+FEBRERO!E65+MARZO!E65+ABRIL!E65+MAYO!E65+#REF!+#REF!+#REF!+#REF!+#REF!+#REF!+#REF!) -> #REF! | F65: =SUM(ENERO!F65+FEBRERO!F65+MARZO!F65+ABRIL!F65+MAYO!F65+#REF!+#REF!+#REF!+#REF!+#REF!+#REF!+#REF!) -> #REF! | G65: =SUM(ENERO!G65+FEBRERO!G65+MARZO!G65+ABRIL!G65+MAYO!G65+#REF!+#REF!+#REF!+#REF!+#REF!+#REF!+#REF!) -> #REF! | H65: =SUM(B65:G65) -> #REF!
A66: INR | B66: =SUM(ENERO!B66+FEBRERO!B66+MARZO!B66+ABRIL!B66+MAYO!B66+#REF!+#REF!+#REF!+#REF!+#REF!+#REF!+#REF!) -> #REF! | C66: =SUM(ENERO!C66+FEBRERO!C66+MARZO!C66+ABRIL!C66+MAYO!C66+#REF!+#REF!+#REF!+#REF!+#REF!+#REF!+#REF!) -> #REF! | D66: =SUM(ENERO!D66+FEBRERO!D66+MARZO!D66+ABRIL!D66+MAYO!D66+#REF!+#REF!+#REF!+#REF!+#REF!+#REF!+#REF!) -> #REF! | E66: =SUM(ENERO!E66+FEBRERO!E66+MARZO!E66+ABRIL!E66+MAYO!E66+#REF!+#REF!+#REF!+#REF!+#REF!+#REF!+#REF!) -> #REF! | F66: =SUM(ENERO!F66+FEBRERO!F66+MARZO!F66+ABRIL!F66+MAYO!F66+#REF!+#REF!+#REF!+#REF!+#REF!+#REF!+#REF!) -> #REF! | G66: =SUM(ENERO!G66+FEBRERO!G66+MARZO!G66+ABRIL!G66+MAYO!G66+#REF!+#REF!+#REF!+#REF!+#REF!+#REF!+#REF!) -> #REF! | H66: =SUM(B66:G66) -> #REF!
A67: FIBRINOGENO | B67: =SUM(ENERO!B67+FEBRERO!B67+MARZO!B67+ABRIL!B67+MAYO!B67+#REF!+#REF!+#REF!+#REF!+#REF!+#REF!+#REF!) -> #REF! | C67: =SUM(ENERO!C67+FEBRERO!C67+MARZO!C67+ABRIL!C67+MAYO!C67+#REF!+#REF!+#REF!+#REF!+#REF!+#REF!+#REF!) -> #REF! | D67: =SUM(ENERO!D67+FEBRERO!D67+MARZO!D67+ABRIL!D67+MAYO!D67+#REF!+#REF!+#REF!+#REF!+#REF!+#REF!+#REF!) -> #REF! | E67: =SUM(ENERO!E67+FEBRERO!E67+MARZO!E67+ABRIL!E67+MAYO!E67+#REF!+#REF!+#REF!+#REF!+#REF!+#REF!+#REF!) -> #REF! | F67: =SUM(ENERO!F67+FEBRERO!F67+MARZO!F67+ABRIL!F67+MAYO!F67+#REF!+#REF!+#REF!+#REF!+#REF!+#REF!+#REF!) -> #REF! | G67: =SUM(ENERO!G67+FEBRERO!G67+MARZO!G67+ABRIL!G67+MAYO!G67+#REF!+#REF!+#REF!+#REF!+#REF!+#REF!+#REF!) -> #REF! | H67: =SUM(B67:G67) -> #REF!
A68: DIMERO D | B68: =SUM(ENERO!B68+FEBRERO!B68+MARZO!B68+ABRIL!B68+MAYO!B68+#REF!+#REF!+#REF!+#REF!+#REF!+#REF!+#REF!) -> #REF! | C68: =SUM(ENERO!C68+FEBRERO!C68+MARZO!C68+ABRIL!C68+MAYO!C68+#REF!+#REF!+#REF!+#REF!+#REF!+#REF!+#REF!) -> #REF! | D68: =SUM(ENERO!D68+FEBRERO!D68+MARZO!D68+ABRIL!D68+MAYO!D68+#REF!+#REF!+#REF!+#REF!+#REF!+#REF!+#REF!) -> #REF! | E68: =SUM(ENERO!E68+FEBRERO!E68+MARZO!E68+ABRIL!E68+MAYO!E68+#REF!+#REF!+#REF!+#REF!+#REF!+#REF!+#REF!) -> #REF! | F68: =SUM(ENERO!F68+FEBRERO!F68+MARZO!F68+ABRIL!F68+MAYO!F68+#REF!+#REF!+#REF!+#REF!+#REF!+#REF!+#REF!) -> #REF! | G68: =SUM(ENERO!G68+FEBRERO!G68+MARZO!G68+ABRIL!G68+MAYO!G68+#REF!+#REF!+#REF!+#REF!+#REF!+#REF!+#REF!) -> #REF! | H68: =SUM(B68:G68) -> #REF!
A69: TOTAL EXAMENES MICROBIOLOGIA | B69: =SUM(B70:B81) -> #REF! | C69: =SUM(C70:C81) -> #REF! | D69: =SUM(D70:D81) -> #REF! | E69: =SUM(E70:E81) -> #REF! | F69: =SUM(F70:F81) -> #REF! | G69: =SUM(G70:G81) -> #REF! | H69: =SUM(B69:G69) -> #REF!
A70: UROCULTIVO | B70: =SUM(ENERO!B70+FEBRERO!B70+MARZO!B70+ABRIL!B70+MAYO!B70+#REF!+#REF!+#REF!+#REF!+#REF!+#REF!+#REF!) -> #REF! | C70: =SUM(ENERO!C70+FEBRERO!C70+MARZO!C70+ABRIL!C70+MAYO!C70+#REF!+#REF!+#REF!+#REF!+#REF!+#REF!+#REF!) -> #REF! | D70: =SUM(ENERO!D70+FEBRERO!D70+MARZO!D70+ABRIL!D70+MAYO!D70+#REF!+#REF!+#REF!+#REF!+#REF!+#REF!+#REF!) -> #REF! | E70: =SUM(ENERO!E70+FEBRERO!E70+MARZO!E70+ABRIL!E70+MAYO!E70+#REF!+#REF!+#REF!+#REF!+#REF!+#REF!+#REF!) -> #REF! | F70: =SUM(ENERO!F70+FEBRERO!F70+MARZO!F70+ABRIL!F70+MAYO!F70+#REF!+#REF!+#REF!+#REF!+#REF!+#REF!+#REF!) -> #REF! | G70: =SUM(ENERO!G70+FEBRERO!G70+MARZO!G70+ABRIL!G70+MAYO!G70+#REF!+#REF!+#REF!+#REF!+#REF!+#REF!+#REF!) -> #REF! | H70: =SUM(B70:G70) -> #REF!
A71: HEMOCULTIVO | B71: =SUM(ENERO!B71+FEBRERO!B71+MARZO!B71+ABRIL!B71+MAYO!B71+#REF!+#REF!+#REF!+#REF!+#REF!+#REF!+#REF!) -> #REF! | C71: =SUM(ENERO!C71+FEBRERO!C71+MARZO!C71+ABRIL!C71+MAYO!C71+#REF!+#REF!+#REF!+#REF!+#REF!+#REF!+#REF!) -> #REF! | D71: =SUM(ENERO!D71+FEBRERO!D71+MARZO!D71+ABRIL!D71+MAYO!D71+#REF!+#REF!+#REF!+#REF!+#REF!+#REF!+#REF!) -> #REF! | E71: =SUM(ENERO!E71+FEBRERO!E71+MARZO!E71+ABRIL!E71+MAYO!E71+#REF!+#REF!+#REF!+#REF!+#REF!+#REF!+#REF!) -> #REF! | F71: =SUM(ENERO!F71+FEBRERO!F71+MARZO!F71+ABRIL!F71+MAYO!F71+#REF!+#REF!+#REF!+#REF!+#REF!+#REF!+#REF!) -> #REF! | G71: =SUM(ENERO!G71+FEBRERO!G71+MARZO!G71+ABRIL!G71+MAYO!G71+#REF!+#REF!+#REF!+#REF!+#REF!+#REF!+#REF!) -> #REF! | H71: =SUM(B71:G71) -> #REF!
A72: CULTIVO DE CATETER | B72: =SUM(ENERO!B72+FEBRERO!B72+MARZO!B72+ABRIL!B72+MAYO!B72+#REF!+#REF!+#REF!+#REF!+#REF!+#REF!+#REF!) -> #REF! | C72: =SUM(ENERO!C72+FEBRERO!C72+MARZO!C72+ABRIL!C72+MAYO!C72+#REF!+#REF!+#REF!+#REF!+#REF!+#REF!+#REF!) -> #REF! | D72: =SUM(ENERO!D72+FEBRERO!D72+MARZO!D72+ABRIL!D72+MAYO!D72+#REF!+#REF!+#REF!+#REF!+#REF!+#REF!+#REF!) -> #REF! | E72: =SUM(ENERO!E72+FEBRERO!E72+MARZO!E72+ABRIL!E72+MAYO!E72+#REF!+#REF!+#REF!+#REF!+#REF!+#REF!+#REF!) -> #REF! | F72: =SUM(ENERO!F72+FEBRERO!F72+MARZO!F72+ABRIL!F72+MAYO!F72+#REF!+#REF!+#REF!+#REF!+#REF!+#REF!+#REF!) -> #REF! | G72: =SUM(ENERO!G72+FEBRERO!G72+MARZO!G72+ABRIL!G72+MAYO!G72+#REF!+#REF!+#REF!+#REF!+#REF!+#REF!+#REF!) -> #REF! | H72: =SUM(B72:G72) -> #REF!
A73: CULTIVO DE SECRECION | B73: =SUM(ENERO!B73+FEBRERO!B73+MARZO!B73+ABRIL!B73+MAYO!B73+#REF!+#REF!+#REF!+#REF!+#REF!+#REF!+#REF!) -> #REF! | C73: =SUM(ENERO!C73+FEBRERO!C73+MARZO!C73+ABRIL!C73+MAYO!C73+#REF!+#REF!+#REF!+#REF!+#REF!+#REF!+#REF!) -> #REF! | D73: =SUM(ENERO!D73+FEBRERO!D73+MARZO!D73+ABRIL!D73+MAYO!D73+#REF!+#REF!+#REF!+#REF!+#REF!+#REF!+#REF!) -> #REF! | E73: =SUM(ENERO!E73+FEBRERO!E73+MARZO!E73+ABRIL!E73+MAYO!E73+#REF!+#REF!+#REF!+#REF!+#REF!+#REF!+#REF!) -> #REF! | F73: =SUM(ENERO!F73+FEBRERO!F73+MARZO!F73+ABRIL!F73+MAYO!F73+#REF!+#REF!+#REF!+#REF!+#REF!+#REF!+#REF!) -> #REF! | G73: =SUM(ENERO!G73+FEBRERO!G73+MARZO!G73+ABRIL!G73+MAYO!G73+#REF!+#REF!+#REF!+#REF!+#REF!+#REF!+#REF!) -> #REF! | H73: =SUM(B73:G73) -> #REF!
A74: CITOQUIMICO | B74: =SUM(ENERO!B74+FEBRERO!B74+MARZO!B74+ABRIL!B74+MAYO!B74+#REF!+#REF!+#REF!+#REF!+#REF!+#REF!+#REF!) -> #REF! | C74: =SUM(ENERO!C74+FEBRERO!C74+MARZO!C74+ABRIL!C74+MAYO!C74+#REF!+#REF!+#REF!+#REF!+#REF!+#REF!+#REF!) -> #REF! | D74: =SUM(ENERO!D74+FEBRERO!D74+MARZO!D74+ABRIL!D74+MAYO!D74+#REF!+#REF!+#REF!+#REF!+#REF!+#REF!+#REF!) -> #REF! | E74: =SUM(ENERO!E74+FEBRERO!E74+MARZO!E74+ABRIL!E74+MAYO!E74+#REF!+#REF!+#REF!+#REF!+#REF!+#REF!+#REF!) -> #REF! | F74: =SUM(ENERO!F74+FEBRERO!F74+MARZO!F74+ABRIL!F74+MAYO!F74+#REF!+#REF!+#REF!+#REF!+#REF!+#REF!+#REF!) -> #REF! | G74: =SUM(ENERO!G74+FEBRERO!G74+MARZO!G74+ABRIL!G74+MAYO!G74+#REF!+#REF!+#REF!+#REF!+#REF!+#REF!+#REF!) -> #REF! | H74: =SUM(B74:G74) -> #REF!
A75: COPROCULTIVO | B75: =SUM(ENERO!B75+FEBRERO!B75+MARZO!B75+ABRIL!B75+MAYO!B75+#REF!+#REF!+#REF!+#REF!+#REF!+#REF!+#REF!) -> #REF! | C75: =SUM(ENERO!C75+FEBRERO!C75+MARZO!C75+ABRIL!C75+MAYO!C75+#REF!+#REF!+#REF!+#REF!+#REF!+#REF!+#REF!) -> #REF! | D75: =SUM(ENERO!D75+FEBRERO!D75+MARZO!D75+ABRIL!D75+MAYO!D75+#REF!+#REF!+#REF!+#REF!+#REF!+#REF!+#REF!) -> #REF! | E75: =SUM(ENERO!E75+FEBRERO!E75+MARZO!E75+ABRIL!E75+MAYO!E75+#REF!+#REF!+#REF!+#REF!+#REF!+#REF!+#REF!) -> #REF! | F75: =SUM(ENERO!F75+FEBRERO!F75+MARZO!F75+ABRIL!F75+MAYO!F75+#REF!+#REF!+#REF!+#REF!+#REF!+#REF!+#REF!) -> #REF! | G75: =SUM(ENERO!G75+FEBRERO!G75+MARZO!G75+ABRIL!G75+MAYO!G75+#REF!+#REF!+#REF!+#REF!+#REF!+#REF!+#REF!) -> #REF! | H75: =SUM(B75:G75) -> #REF!
A76: COLORACIÓN GRAM (Secrec.Vaginal y Otros) | B76: =SUM(ENERO!B76+FEBRERO!B76+MARZO!B76+ABRIL!B76+MAYO!B76+#REF!+#REF!+#REF!+#REF!+#REF!+#REF!+#REF!) -> #REF! | C76: =SUM(ENERO!C76+FEBRERO!C76+MARZO!C76+ABRIL!C76+MAYO!C76+#REF!+#REF!+#REF!+#REF!+#REF!+#REF!+#REF!) -> #REF! | D76: =SUM(ENERO!D76+FEBRERO!D76+MARZO!D76+ABRIL!D76+MAYO!D76+#REF!+#REF!+#REF!+#REF!+#REF!+#REF!+#REF!) -> #REF! | E76: =SUM(ENERO!E76+FEBRERO!E76+MARZO!E76+ABRIL!E76+MAYO!E76+#REF!+#REF!+#REF!+#REF!+#REF!+#REF!+#REF!) -> #REF! | F76: =SUM(ENERO!F76+FEBRERO!F76+MARZO!F76+ABRIL!F76+MAYO!F76+#REF!+#REF!+#REF!+#REF!+#REF!+#REF!+#REF!) -> #REF! | G76: =SUM(ENERO!G76+FEBRERO!G76+MARZO!G76+ABRIL!G76+MAYO!G76+#REF!+#REF!+#REF!+#REF!+#REF!+#REF!+#REF!) -> #REF! | H76: =SUM(B76:G76) -> #REF!
A77: KOH -HONGOS | B77: =SUM(ENERO!B77+FEBRERO!B77+MARZO!B77+ABRIL!B77+MAYO!B77+#REF!+#REF!+#REF!+#REF!+#REF!+#REF!+#REF!) -> #REF! | C77: =SUM(ENERO!C77+FEBRERO!C77+MARZO!C77+ABRIL!C77+MAYO!C77+#REF!+#REF!+#REF!+#REF!+#REF!+#REF!+#REF!) -> #REF! | D77: =SUM(ENERO!D77+FEBRERO!D77+MARZO!D77+ABRIL!D77+MAYO!D77+#REF!+#REF!+#REF!+#REF!+#REF!+#REF!+#REF!) -> #REF! | E77: =SUM(ENERO!E77+FEBRERO!E77+MARZO!E77+ABRIL!E77+MAYO!E77+#REF!+#REF!+#REF!+#REF!+#REF!+#REF!+#REF!) -> #REF! | F77: =SUM(ENERO!F77+FEBRERO!F77+MARZO!F77+ABRIL!F77+MAYO!F77+#REF!+#REF!+#REF!+#REF!+#REF!+#REF!+#REF!) -> #REF! | G77: =SUM(ENERO!G77+FEBRERO!G77+MARZO!G77+ABRIL!G77+MAYO!G77+#REF!+#REF!+#REF!+#REF!+#REF!+#REF!+#REF!) -> #REF! | H77: =SUM(B77:G77) -> #REF!
A78: CULTIVO DE HONGOS | B78: =SUM(ENERO!B78+FEBRERO!B78+MARZO!B78+ABRIL!B78+MAYO!B78+#REF!+#REF!+#REF!+#REF!+#REF!+#REF!+#REF!) -> #REF! | C78: =SUM(ENERO!C78+FEBRERO!C78+MARZO!C78+ABRIL!C78+MAYO!C78+#REF!+#REF!+#REF!+#REF!+#REF!+#REF!+#REF!) -> #REF! | D78: =SUM(ENERO!D78+FEBRERO!D78+MARZO!D78+ABRIL!D78+MAYO!D78+#REF!+#REF!+#REF!+#REF!+#REF!+#REF!+#REF!) -> #REF! | E78: =SUM(ENERO!E78+FEBRERO!E78+MARZO!E78+ABRIL!E78+MAYO!E78+#REF!+#REF!+#REF!+#REF!+#REF!+#REF!+#REF!) -> #REF! | F78: =SUM(ENERO!F78+FEBRERO!F78+MARZO!F78+ABRIL!F78+MAYO!F78+#REF!+#REF!+#REF!+#REF!+#REF!+#REF!+#REF!) -> #REF! | G78: =SUM(ENERO!G78+FEBRERO!G78+MARZO!G78+ABRIL!G78+MAYO!G78+#REF!+#REF!+#REF!+#REF!+#REF!+#REF!+#REF!) -> #REF! | H78: =SUM(B78:G78) -> #REF!
A79: TINTA CHINA | B79: =SUM(ENERO!B79+FEBRERO!B79+MARZO!B79+ABRIL!B79+MAYO!B79+#REF!+#REF!+#REF!+#REF!+#REF!+#REF!+#REF!) -> #REF! | C79: =SUM(ENERO!C79+FEBRERO!C79+MARZO!C79+ABRIL!C79+MAYO!C79+#REF!+#REF!+#REF!+#REF!+#REF!+#REF!+#REF!) -> #REF! | D79: =SUM(ENERO!D79+FEBRERO!D79+MARZO!D79+ABRIL!D79+MAYO!D79+#REF!+#REF!+#REF!+#REF!+#REF!+#REF!+#REF!) -> #REF! | E79: =SUM(ENERO!E79+FEBRERO!E79+MARZO!E79+ABRIL!E79+MAYO!E79+#REF!+#REF!+#REF!+#REF!+#REF!+#REF!+#REF!) -> #REF! | F79: =SUM(ENERO!F79+FEBRERO!F79+MARZO!F79+ABRIL!F79+MAYO!F79+#REF!+#REF!+#REF!+#REF!+#REF!+#REF!+#REF!) -> #REF! | G79: =SUM(ENERO!G79+FEBRERO!G79+MARZO!G79+ABRIL!G79+MAYO!G79+#REF!+#REF!+#REF!+#REF!+#REF!+#REF!+#REF!) -> #REF! | H79: =SUM(B79:G79) -> #REF!
A80: PH LÍQUIDOS CORPORALES | B80: =SUM(ENERO!B80+FEBRERO!B80+MARZO!B80+ABRIL!B80+MAYO!B80+#REF!+#REF!+#REF!+#REF!+#REF!+#REF!+#REF!) -> #REF! | C80: =SUM(ENERO!C80+FEBRERO!C80+MARZO!C80+ABRIL!C80+MAYO!C80+#REF!+#REF!+#REF!+#REF!+#REF!+#REF!+#REF!) -> #REF! | D80: =SUM(ENERO!D80+FEBRERO!D80+MARZO!D80+ABRIL!D80+MAYO!D80+#REF!+#REF!+#REF!+#REF!+#REF!+#REF!+#REF!) -> #REF! | E80: =SUM(ENERO!E80+FEBRERO!E80+MARZO!E80+ABRIL!E80+MAYO!E80+#REF!+#REF!+#REF!+#REF!+#REF!+#REF!+#REF!) -> #REF! | F80: =SUM(ENERO!F80+FEBRERO!F80+MARZO!F80+ABRIL!F80+MAYO!F80+#REF!+#REF!+#REF!+#REF!+#REF!+#REF!+#REF!) -> #REF! | G80: =SUM(ENERO!G80+FEBRERO!G80+MARZO!G80+ABRIL!G80+MAYO!G80+#REF!+#REF!+#REF!+#REF!+#REF!+#REF!+#REF!) -> #REF! | H80: =SUM(B80:G80) -> #REF!
A81: BACILOSCOPIA DE LÍQUIDOS CORPORALES | B81: =SUM(ENERO!B81+FEBRERO!B81+MARZO!B81+ABRIL!B81+MAYO!B81+#REF!+#REF!+#REF!+#REF!+#REF!+#REF!+#REF!) -> #REF! | C81: =SUM(ENERO!C81+FEBRERO!C81+MARZO!C81+ABRIL!C81+MAYO!C81+#REF!+#REF!+#REF!+#REF!+#REF!+#REF!+#REF!) -> #REF! | D81: =SUM(ENERO!D81+FEBRERO!D81+MARZO!D81+ABRIL!D81+MAYO!D81+#REF!+#REF!+#REF!+#REF!+#REF!+#REF!+#REF!) -> #REF! | E81: =SUM(ENERO!E81+FEBRERO!E81+MARZO!E81+ABRIL!E81+MAYO!E81+#REF!+#REF!+#REF!+#REF!+#REF!+#REF!+#REF!) -> #REF! | F81: =SUM(ENERO!F81+FEBRERO!F81+MARZO!F81+ABRIL!F81+MAYO!F81+#REF!+#REF!+#REF!+#REF!+#REF!+#REF!+#REF!) -> #REF! | G81: =SUM(ENERO!G81+FEBRERO!G81+MARZO!G81+ABRIL!G81+MAYO!G81+#REF!+#REF!+#REF!+#REF!+#REF!+#REF!+#REF!) -> #REF! | H81: =SUM(B81:G81) -> #REF!
A82: TOTAL EXAMENES URO -PARASITOLÓGICOS | B82: =SUM(B83:B94) -> #REF! | C82: =SUM(C83:C94) -> #REF! | D82: =SUM(D83:D94) -> #REF! | E82: =SUM(E83:E94) -> #REF! | F82: =SUM(F83:F94) -> #REF! | G82: =SUM(G83:G94) -> #REF! | H82: =SUM(B82:G82) -> #REF!
A83: HECES SERIADO | B83: =SUM(ENERO!B83+FEBRERO!B83+MARZO!B83+ABRIL!B83+MAYO!B83+#REF!+#REF!+#REF!+#REF!+#REF!+#REF!+#REF!) -> #REF! | C83: =SUM(ENERO!C83+FEBRERO!C83+MARZO!C83+ABRIL!C83+MAYO!C83+#REF!+#REF!+#REF!+#REF!+#REF!+#REF!+#REF!) -> #REF! | D83: =SUM(ENERO!D83+FEBRERO!D83+MARZO!D83+ABRIL!D83+MAYO!D83+#REF!+#REF!+#REF!+#REF!+#REF!+#REF!+#REF!) -> #REF! | E83: =SUM(ENERO!E83+FEBRERO!E83+MARZO!E83+ABRIL!E83+MAYO!E83+#REF!+#REF!+#REF!+#REF!+#REF!+#REF!+#REF!) -> #REF! | F83: =SUM(ENERO!F83+FEBRERO!F83+MARZO!F83+ABRIL!F83+MAYO!F83+#REF!+#REF!+#REF!+#REF!+#REF!+#REF!+#REF!) -> #REF! | G83: =SUM(ENERO!G83+FEBRERO!G83+MARZO!G83+ABRIL!G83+MAYO!G83+#REF!+#REF!+#REF!+#REF!+#REF!+#REF!+#REF!) -> #REF! | H83: =SUM(B83:G83) -> #REF!
A84: COPROPARASITOLOGICO FUNCIONAL | B84: =SUM(ENERO!B84+FEBRERO!B84+MARZO!B84+ABRIL!B84+MAYO!B84+#REF!+#REF!+#REF!+#REF!+#REF!+#REF!+#REF!) -> #REF! | C84: =SUM(ENERO!C84+FEBRERO!C84+MARZO!C84+ABRIL!C84+MAYO!C84+#REF!+#REF!+#REF!+#REF!+#REF!+#REF!+#REF!) -> #REF! | D84: =SUM(ENERO!D84+FEBRERO!D84+MARZO!D84+ABRIL!D84+MAYO!D84+#REF!+#REF!+#REF!+#REF!+#REF!+#REF!+#REF!) -> #REF! | E84: =SUM(ENERO!E84+FEBRERO!E84+MARZO!E84+ABRIL!E84+MAYO!E84+#REF!+#REF!+#REF!+#REF!+#REF!+#REF!+#REF!) -> #REF! | F84: =SUM(ENERO!F84+FEBRERO!F84+MARZO!F84+ABRIL!F84+MAYO!F84+#REF!+#REF!+#REF!+#REF!+#REF!+#REF!+#REF!) -> #REF! | G84: =SUM(ENERO!G84+FEBRERO!G84+MARZO!G84+ABRIL!G84+MAYO!G84+#REF!+#REF!+#REF!+#REF!+#REF!+#REF!+#REF!) -> #REF! | H84: =SUM(B84:G84) -> #REF!
A85: RX INFLAMATORIA | B85: =SUM(ENERO!B85+FEBRERO!B85+MARZO!B85+ABRIL!B85+MAYO!B85+#REF!+#REF!+#REF!+#REF!+#REF!+#REF!+#REF!) -> #REF! | C85: =SUM(ENERO!C85+FEBRERO!C85+MARZO!C85+ABRIL!C85+MAYO!C85+#REF!+#REF!+#REF!+#REF!+#REF!+#REF!+#REF!) -> #REF! | D85: =SUM(ENERO!D85+FEBRERO!D85+MARZO!D85+ABRIL!D85+MAYO!D85+#REF!+#REF!+#REF!+#REF!+#REF!+#REF!+#REF!) -> #REF! | E85: =SUM(ENERO!E85+FEBRERO!E85+MARZO!E85+ABRIL!E85+MAYO!E85+#REF!+#REF!+#REF!+#REF!+#REF!+#REF!+#REF!) -> #REF! | F85: =SUM(ENERO!F85+FEBRERO!F85+MARZO!F85+ABRIL!F85+MAYO!F85+#REF!+#REF!+#REF!+#REF!+#REF!+#REF!+#REF!) -> #REF! | G85: =SUM(ENERO!G85+FEBRERO!G85+MARZO!G85+ABRIL!G85+MAYO!G85+#REF!+#REF!+#REF!+#REF!+#REF!+#REF!+#REF!) -> #REF! | H85: =SUM(B85:G85) -> #REF!
A86: THEVENON HECES | B86: =SUM(ENERO!B86+FEBRERO!B86+MARZO!B86+ABRIL!B86+MAYO!B86+#REF!+#REF!+#REF!+#REF!+#REF!+#REF!+#REF!) -> #REF! | C86: =SUM(ENERO!C86+FEBRERO!C86+MARZO!C86+ABRIL!C86+MAYO!C86+#REF!+#REF!+#REF!+#REF!+#REF!+#REF!+#REF!) -> #REF! | D86: =SUM(ENERO!D86+FEBRERO!D86+MARZO!D86+ABRIL!D86+MAYO!D86+#REF!+#REF!+#REF!+#REF!+#REF!+#REF!+#REF!) -> #REF! | E86: =SUM(ENERO!E86+FEBRERO!E86+MARZO!E86+ABRIL!E86+MAYO!E86+#REF!+#REF!+#REF!+#REF!+#REF!+#REF!+#REF!) -> #REF! | F86: =SUM(ENERO!F86+FEBRERO!F86+MARZO!F86+ABRIL!F86+MAYO!F86+#REF!+#REF!+#REF!+#REF!+#REF!+#REF!+#REF!) -> #REF! | G86: =SUM(ENERO!G86+FEBRERO!G86+MARZO!G86+ABRIL!G86+MAYO!G86+#REF!+#REF!+#REF!+#REF!+#REF!+#REF!+#REF!) -> #REF! | H86: =SUM(B86:G86) -> #REF!
A87: SUDAN | B87: =SUM(ENERO!B87+FEBRERO!B87+MARZO!B87+ABRIL!B87+MAYO!B87+#REF!+#REF!+#REF!+#REF!+#REF!+#REF!+#REF!) -> #REF! | C87: =SUM(ENERO!C87+FEBRERO!C87+MARZO!C87+ABRIL!C87+MAYO!C87+#REF!+#REF!+#REF!+#REF!+#REF!+#REF!+#REF!) -> #REF! | D87: =SUM(ENERO!D87+FEBRERO!D87+MARZO!D87+ABRIL!D87+MAYO!D87+#REF!+#REF!+#REF!+#REF!+#REF!+#REF!+#REF!) -> #REF! | E87: =SUM(ENERO!E87+FEBRERO!E87+MARZO!E87+ABRIL!E87+MAYO!E87+#REF!+#REF!+#REF!+#REF!+#REF!+#REF!+#REF!) -> #REF! | F87: =SUM(ENERO!F87+FEBRERO!F87+MARZO!F87+ABRIL!F87+MAYO!F87+#REF!+#REF!+#REF!+#REF!+#REF!+#REF!+#REF!) -> #REF! | G87: =SUM(ENERO!G87+FEBRERO!G87+MARZO!G87+ABRIL!G87+MAYO!G87+#REF!+#REF!+#REF!+#REF!+#REF!+#REF!+#REF!) -> #REF! | H87: =SUM(B87:G87) -> #REF!
A88: BENEDICT | B88: =SUM(ENERO!B88+FEBRERO!B88+MARZO!B88+ABRIL!B88+MAYO!B88+#REF!+#REF!+#REF!+#REF!+#REF!+#REF!+#REF!) -> #REF! | C88: =SUM(ENERO!C88+FEBRERO!C88+MARZO!C88+ABRIL!C88+MAYO!C88+#REF!+#REF!+#REF!+#REF!+#REF!+#REF!+#REF!) -> #REF! | D88: =SUM(ENERO!D88+FEBRERO!D88+MARZO!D88+ABRIL!D88+MAYO!D88+#REF!+#REF!+#REF!+#REF!+#REF!+#REF!+#REF!) -> #REF! | E88: =SUM(ENERO!E88+FEBRERO!E88+MARZO!E88+ABRIL!E88+MAYO!E88+#REF!+#REF!+#REF!+#REF!+#REF!+#REF!+#REF!) -> #REF! | F88: =SUM(ENERO!F88+FEBRERO!F88+MARZO!F88+ABRIL!F88+MAYO!F88+#REF!+#REF!+#REF!+#REF!+#REF!+#REF!+#REF!) -> #REF! | G88: =SUM(ENERO!G88+FEBRERO!G88+MARZO!G88+ABRIL!G88+MAYO!G88+#REF!+#REF!+#REF!+#REF!+#REF!+#REF!+#REF!) -> #REF! | H88: =SUM(B88:G88) -> #REF!
A89: EXÁMEN COMPLETO DE ORINA | B89: =SUM(ENERO!B89+FEBRERO!B89+MARZO!B89+ABRIL!B89+MAYO!B89+#REF!+#REF!+#REF!+#REF!+#REF!+#REF!+#REF!) -> #REF! | C89: =SUM(ENERO!C89+FEBRERO!C89+MARZO!C89+ABRIL!C89+MAYO!C89+#REF!+#REF!+#REF!+#REF!+#REF!+#REF!+#REF!) -> #REF! | D89: =SUM(ENERO!D89+FEBRERO!D89+MARZO!D89+ABRIL!D89+MAYO!D89+#REF!+#REF!+#REF!+#REF!+#REF!+#REF!+#REF!) -> #REF! | E89: =SUM(ENERO!E89+FEBRERO!E89+MARZO!E89+ABRIL!E89+MAYO!E89+#REF!+#REF!+#REF!+#REF!+#REF!+#REF!+#REF!) -> #REF! | F89: =SUM(ENERO!F89+FEBRERO!F89+MARZO!F89+ABRIL!F89+MAYO!F89+#REF!+#REF!+#REF!+#REF!+#REF!+#REF!+#REF!) -> #REF! | G89: =SUM(ENERO!G89+FEBRERO!G89+MARZO!G89+ABRIL!G89+MAYO!G89+#REF!+#REF!+#REF!+#REF!+#REF!+#REF!+#REF!) -> #REF! | H89: =SUM(B89:G89) -> #REF!
A90: TEST GRAHAM | B90: =SUM(ENERO!B90+FEBRERO!B90+MARZO!B90+ABRIL!B90+MAYO!B90+#REF!+#REF!+#REF!+#REF!+#REF!+#REF!+#REF!) -> #REF! | C90: =SUM(ENERO!C90+FEBRERO!C90+MARZO!C90+ABRIL!C90+MAYO!C90+#REF!+#REF!+#REF!+#REF!+#REF!+#REF!+#REF!) -> #REF! | D90: =SUM(ENERO!D90+FEBRERO!D90+MARZO!D90+ABRIL!D90+MAYO!D90+#REF!+#REF!+#REF!+#REF!+#REF!+#REF!+#REF!) -> #REF! | E90: =SUM(ENERO!E90+FEBRERO!E90+MARZO!E90+ABRIL!E90+MAYO!E90+#REF!+#REF!+#REF!+#REF!+#REF!+#REF!+#REF!) -> #REF! | F90: =SUM(ENERO!F90+FEBRERO!F90+MARZO!F90+ABRIL!F90+MAYO!F90+#REF!+#REF!+#REF!+#REF!+#REF!+#REF!+#REF!) -> #REF! | G90: =SUM(ENERO!G90+FEBRERO!G90+MARZO!G90+ABRIL!G90+MAYO!G90+#REF!+#REF!+#REF!+#REF!+#REF!+#REF!+#REF!) -> #REF! | H90: =SUM(B90:G90) -> #REF!
A91: METODO DE CONCENTRACIÓN (BAERMANN) | B91: =SUM(ENERO!B91+FEBRERO!B91+MARZO!B91+ABRIL!B91+MAYO!B91+#REF!+#REF!+#REF!+#REF!+#REF!+#REF!+#REF!) -> #REF! | C91: =SUM(ENERO!C91+FEBRERO!C91+MARZO!C91+ABRIL!C91+MAYO!C91+#REF!+#REF!+#REF!+#REF!+#REF!+#REF!+#REF!) -> #REF! | D91: =SUM(ENERO!D91+FEBRERO!D91+MARZO!D91+ABRIL!D91+MAYO!D91+#REF!+#REF!+#REF!+#REF!+#REF!+#REF!+#REF!) -> #REF! | E91: =SUM(ENERO!E91+FEBRERO!E91+MARZO!E91+ABRIL!E91+MAYO!E91+#REF!+#REF!+#REF!+#REF!+#REF!+#REF!+#REF!) -> #REF! | F91: =SUM(ENERO!F91+FEBRERO!F91+MARZO!F91+ABRIL!F91+MAYO!F91+#REF!+#REF!+#REF!+#REF!+#REF!+#REF!+#REF!) -> #REF! | G91: =SUM(ENERO!G91+FEBRERO!G91+MARZO!G91+ABRIL!G91+MAYO!G91+#REF!+#REF!+#REF!+#REF!+#REF!+#REF!+#REF!) -> #REF! | H91: =SUM(B91:G91) -> #REF!
A92: EXAMEN DIRECTO DE HECES | B92: =SUM(ENERO!B92+FEBRERO!B92+MARZO!B92+ABRIL!B92+MAYO!B92+#REF!+#REF!+#REF!+#REF!+#REF!+#REF!+#REF!) -> #REF! | C92: =SUM(ENERO!C92+FEBRERO!C92+MARZO!C92+ABRIL!C92+MAYO!C92+#REF!+#REF!+#REF!+#REF!+#REF!+#REF!+#REF!) -> #REF! | D92: =SUM(ENERO!D92+FEBRERO!D92+MARZO!D92+ABRIL!D92+MAYO!D92+#REF!+#REF!+#REF!+#REF!+#REF!+#REF!+#REF!) -> #REF! | E92: =SUM(ENERO!E92+FEBRERO!E92+MARZO!E92+ABRIL!E92+MAYO!E92+#REF!+#REF!+#REF!+#REF!+#REF!+#REF!+#REF!) -> #REF! | F92: =SUM(ENERO!F92+FEBRERO!F92+MARZO!F92+ABRIL!F92+MAYO!F92+#REF!+#REF!+#REF!+#REF!+#REF!+#REF!+#REF!) -> #REF! | G92: =SUM(ENERO!G92+FEBRERO!G92+MARZO!G92+ABRIL!G92+MAYO!G92+#REF!+#REF!+#REF!+#REF!+#REF!+#REF!+#REF!) -> #REF! | H92: =SUM(B92:G92) -> #REF!
A93: ANTIGENO H. PYLORI EN HECES | B93: =SUM(ENERO!B93+FEBRERO!B94+MARZO!B94+ABRIL!B94+MAYO!B94+#REF!+#REF!+#REF!+#REF!+#REF!+#REF!+#REF!) -> #REF! | C93: =SUM(ENERO!C93+FEBRERO!C94+MARZO!C94+ABRIL!C94+MAYO!C94+#REF!+#REF!+#REF!+#REF!+#REF!+#REF!+#REF!) -> #REF! | D93: =SUM(ENERO!D93+FEBRERO!D94+MARZO!D94+ABRIL!D94+MAYO!D94+#REF!+#REF!+#REF!+#REF!+#REF!+#REF!+#REF!) -> #REF! | E93: =SUM(ENERO!E93+FEBRERO!E94+MARZO!E94+ABRIL!E94+MAYO!E94+#REF!+#REF!+#REF!+#REF!+#REF!+#REF!+#REF!) -> #REF! | F93: =SUM(ENERO!F93+FEBRERO!F94+MARZO!F94+ABRIL!F94+MAYO!F94+#REF!+#REF!+#REF!+#REF!+#REF!+#REF!+#REF!) -> #REF! | G93: =SUM(ENERO!G93+FEBRERO!G94+MARZO!G94+ABRIL!G94+MAYO!G94+#REF!+#REF!+#REF!+#REF!+#REF!+#REF!+#REF!) -> #REF! | H93: =SUM(B93:G93) -> #REF!
A94: ADENOVIRUS & ROTAVIRUS | B94: =SUM(ENERO!B94+FEBRERO!B94+MARZO!B94+ABRIL!B94+MAYO!B94+#REF!+#REF!+#REF!+#REF!+#REF!+#REF!+#REF!) -> #REF! | C94: =SUM(ENERO!C94+FEBRERO!C94+MARZO!C94+ABRIL!C94+MAYO!C94+#REF!+#REF!+#REF!+#REF!+#REF!+#REF!+#REF!) -> #REF! | D94: =SUM(ENERO!D94+FEBRERO!D94+MARZO!D94+ABRIL!D94+MAYO!D94+#REF!+#REF!+#REF!+#REF!+#REF!+#REF!+#REF!) -> #REF! | E94: =SUM(ENERO!E94+FEBRERO!E94+MARZO!E94+ABRIL!E94+MAYO!E94+#REF!+#REF!+#REF!+#REF!+#REF!+#REF!+#REF!) -> #REF! | F94: =SUM(ENERO!F94+FEBRERO!F94+MARZO!F94+ABRIL!F94+MAYO!F94+#REF!+#REF!+#REF!+#REF!+#REF!+#REF!+#REF!) -> #REF! | G94: =SUM(ENERO!G94+FEBRERO!G94+MARZO!G94+ABRIL!G94+MAYO!G94+#REF!+#REF!+#REF!+#REF!+#REF!+#REF!+#REF!) -> #REF! | H94: =SUM(B94:G94) -> #REF!
A95: TOTAL EXAMENES INMUNO SEROLÓGICOS | B95: =SUM(B96:B155) -> #REF! | C95: =SUM(C96:C155) -> #REF! | D95: =SUM(D96:D155) -> #REF! | E95: =SUM(E96:E155) -> #REF! | F95: =SUM(F96:F155) -> #REF! | G95: =SUM(G96:G155) -> #REF! | H95: =SUM(B95:G95) -> #REF!
A96: RPR | B96: =SUM(ENERO!B96+FEBRERO!B96+MARZO!B96+ABRIL!B96+MAYO!B96+#REF!+#REF!+#REF!+#REF!+#REF!+#REF!+#REF!) -> #REF! | C96: =SUM(ENERO!C96+FEBRERO!C96+MARZO!C96+ABRIL!C96+MAYO!C96+#REF!+#REF!+#REF!+#REF!+#REF!+#REF!+#REF!) -> #REF! | D96: =SUM(ENERO!D96+FEBRERO!D96+MARZO!D96+ABRIL!D96+MAYO!D96+#REF!+#REF!+#REF!+#REF!+#REF!+#REF!+#REF!) -> #REF! | E96: =SUM(ENERO!E96+FEBRERO!E96+MARZO!E96+ABRIL!E96+MAYO!E96+#REF!+#REF!+#REF!+#REF!+#REF!+#REF!+#REF!) -> #REF! | F96: =SUM(ENERO!F96+FEBRERO!F96+MARZO!F96+ABRIL!F96+MAYO!F96+#REF!+#REF!+#REF!+#REF!+#REF!+#REF!+#REF!) -> #REF! | G96: =SUM(ENERO!G96+FEBRERO!G96+MARZO!G96+ABRIL!G96+MAYO!G96+#REF!+#REF!+#REF!+#REF!+#REF!+#REF!+#REF!) -> #REF! | H96: =SUM(B96:G96) -> #REF!
A97: VDRL | B97: =SUM(ENERO!B97+FEBRERO!B97+MARZO!B97+ABRIL!B97+MAYO!B97+#REF!+#REF!+#REF!+#REF!+#REF!+#REF!+#REF!) -> #REF! | C97: =SUM(ENERO!C97+FEBRERO!C97+MARZO!C97+ABRIL!C97+MAYO!C97+#REF!+#REF!+#REF!+#REF!+#REF!+#REF!+#REF!) -> #REF! | D97: =SUM(ENERO!D97+FEBRERO!D97+MARZO!D97+ABRIL!D97+MAYO!D97+#REF!+#REF!+#REF!+#REF!+#REF!+#REF!+#REF!) -> #REF! | E97: =SUM(ENERO!E97+FEBRERO!E97+MARZO!E97+ABRIL!E97+MAYO!E97+#REF!+#REF!+#REF!+#REF!+#REF!+#REF!+#REF!) -> #REF! | F97: =SUM(ENERO!F97+FEBRERO!F97+MARZO!F97+ABRIL!F97+MAYO!F97+#REF!+#REF!+#REF!+#REF!+#REF!+#REF!+#REF!) -> #REF! | G97: =SUM(ENERO!G97+FEBRERO!G97+MARZO!G97+ABRIL!G97+MAYO!G97+#REF!+#REF!+#REF!+#REF!+#REF!+#REF!+#REF!) -> #REF! | H97: =SUM(B97:G97) -> #REF!
A98: AGLUTINACIONES | B98: =SUM(ENERO!B98+FEBRERO!B98+MARZO!B98+ABRIL!B98+MAYO!B98+#REF!+#REF!+#REF!+#REF!+#REF!+#REF!+#REF!) -> #REF! | C98: =SUM(ENERO!C98+FEBRERO!C98+MARZO!C98+ABRIL!C98+MAYO!C98+#REF!+#REF!+#REF!+#REF!+#REF!+#REF!+#REF!) -> #REF! | D98: =SUM(ENERO!D98+FEBRERO!D98+MARZO!D98+ABRIL!D98+MAYO!D98+#REF!+#REF!+#REF!+#REF!+#REF!+#REF!+#REF!) -> #REF! | E98: =SUM(ENERO!E98+FEBRERO!E98+MARZO!E98+ABRIL!E98+MAYO!E98+#REF!+#REF!+#REF!+#REF!+#REF!+#REF!+#REF!) -> #REF! | F98: =SUM(ENERO!F98+FEBRERO!F98+MARZO!F98+ABRIL!F98+MAYO!F98+#REF!+#REF!+#REF!+#REF!+#REF!+#REF!+#REF!) -> #REF! | G98: =SUM(ENERO!G98+FEBRERO!G98+MARZO!G98+ABRIL!G98+MAYO!G98+#REF!+#REF!+#REF!+#REF!+#REF!+#REF!+#REF!) -> #REF! | H98: =SUM(B98:G98) -> #REF!
A99: ROSA DE BENGALA | B99: =SUM(ENERO!B99+FEBRERO!B99+MARZO!B99+ABRIL!B99+MAYO!B99+#REF!+#REF!+#REF!+#REF!+#REF!+#REF!+#REF!) -> #REF! | C99: =SUM(ENERO!C99+FEBRERO!C99+MARZO!C99+ABRIL!C99+MAYO!C99+#REF!+#REF!+#REF!+#REF!+#REF!+#REF!+#REF!) -> #REF! | D99: =SUM(ENERO!D99+FEBRERO!D99+MARZO!D99+ABRIL!D99+MAYO!D99+#REF!+#REF!+#REF!+#REF!+#REF!+#REF!+#REF!) -> #REF! | E99: =SUM(ENERO!E99+FEBRERO!E99+MARZO!E99+ABRIL!E99+MAYO!E99+#REF!+#REF!+#REF!+#REF!+#REF!+#REF!+#REF!) -> #REF! | F99: =SUM(ENERO!F99+FEBRERO!F99+MARZO!F99+ABRIL!F99+MAYO!F99+#REF!+#REF!+#REF!+#REF!+#REF!+#REF!+#REF!) -> #REF! | G99: =SUM(ENERO!G99+FEBRERO!G99+MARZO!G99+ABRIL!G99+MAYO!G99+#REF!+#REF!+#REF!+#REF!+#REF!+#REF!+#REF!) -> #REF! | H99: =SUM(B99:G99) -> #REF!
A100: ANTI MIELOPEROXIDASA (MPO) | B100: =SUM(ENERO!B100+FEBRERO!B100+MARZO!B100+ABRIL!B100+MAYO!B100+#REF!+#REF!+#REF!+#REF!+#REF!+#REF!+#REF!) -> #REF! | C100: =SUM(ENERO!C100+FEBRERO!C100+MARZO!C100+ABRIL!C100+MAYO!C100+#REF!+#REF!+#REF!+#REF!+#REF!+#REF!+#REF!) -> #REF! | D100: =SUM(ENERO!D100+FEBRERO!D100+MARZO!D100+ABRIL!D100+MAYO!D100+#REF!+#REF!+#REF!+#REF!+#REF!+#REF!+#REF!) -> #REF! | E100: =SUM(ENERO!E100+FEBRERO!E100+MARZO!E100+ABRIL!E100+MAYO!E100+#REF!+#REF!+#REF!+#REF!+#REF!+#REF!+#REF!) -> #REF! | F100: =SUM(ENERO!F100+FEBRERO!F100+MARZO!F100+ABRIL!F100+MAYO!F100+#REF!+#REF!+#REF!+#REF!+#REF!+#REF!+#REF!) -> #REF! | G100: =SUM(ENERO!G100+FEBRERO!G100+MARZO!G100+ABRIL!G100+MAYO!G100+#REF!+#REF!+#REF!+#REF!+#REF!+#REF!+#REF!) -> #REF! | H100: =SUM(B100:G100) -> #REF!
A101: ANTI PROTEINASA 3 (PR3) | B101: =SUM(ENERO!B101+FEBRERO!B101+MARZO!B101+ABRIL!B101+MAYO!B101+#REF!+#REF!+#REF!+#REF!+#REF!+#REF!+#REF!) -> #REF! | C101: =SUM(ENERO!C101+FEBRERO!C101+MARZO!C101+ABRIL!C101+MAYO!C101+#REF!+#REF!+#REF!+#REF!+#REF!+#REF!+#REF!) -> #REF! | D101: =SUM(ENERO!D101+FEBRERO!D101+MARZO!D101+ABRIL!D101+MAYO!D101+#REF!+#REF!+#REF!+#REF!+#REF!+#REF!+#REF!) -> #REF! | E101: =SUM(ENERO!E101+FEBRERO!E101+MARZO!E101+ABRIL!E101+MAYO!E101+#REF!+#REF!+#REF!+#REF!+#REF!+#REF!+#REF!) -> #REF! | F101: =SUM(ENERO!F101+FEBRERO!F101+MARZO!F101+ABRIL!F101+MAYO!F101+#REF!+#REF!+#REF!+#REF!+#REF!+#REF!+#REF!) -> #REF! | G101: =SUM(ENERO!G101+FEBRERO!G101+MARZO!G101+ABRIL!G101+MAYO!G101+#REF!+#REF!+#REF!+#REF!+#REF!+#REF!+#REF!) -> #REF! | H101: =SUM(B101:G101) -> #REF!
A102: ANTI CARDIOLIPINA | B102: =SUM(ENERO!B102+FEBRERO!B102+MARZO!B102+ABRIL!B102+MAYO!B102+#REF!+#REF!+#REF!+#REF!+#REF!+#REF!+#REF!) -> #REF! | C102: =SUM(ENERO!C102+FEBRERO!C102+MARZO!C102+ABRIL!C102+MAYO!C102+#REF!+#REF!+#REF!+#REF!+#REF!+#REF!+#REF!) -> #REF! | D102: =SUM(ENERO!D102+FEBRERO!D102+MARZO!D102+ABRIL!D102+MAYO!D102+#REF!+#REF!+#REF!+#REF!+#REF!+#REF!+#REF!) -> #REF! | E102: =SUM(ENERO!E102+FEBRERO!E102+MARZO!E102+ABRIL!E102+MAYO!E102+#REF!+#REF!+#REF!+#REF!+#REF!+#REF!+#REF!) -> #REF! | F102: =SUM(ENERO!F102+FEBRERO!F102+MARZO!F102+ABRIL!F102+MAYO!F102+#REF!+#REF!+#REF!+#REF!+#REF!+#REF!+#REF!) -> #REF! | G102: =SUM(ENERO!G102+FEBRERO!G102+MARZO!G102+ABRIL!G102+MAYO!G102+#REF!+#REF!+#REF!+#REF!+#REF!+#REF!+#REF!) -> #REF! | H102: =SUM(B102:G102) -> #REF!
A103: ANTI B2-GLICOPROTEINA | B103: =SUM(ENERO!B103+FEBRERO!B103+MARZO!B103+ABRIL!B103+MAYO!B103+#REF!+#REF!+#REF!+#REF!+#REF!+#REF!+#REF!) -> #REF! | C103: =SUM(ENERO!C103+FEBRERO!C103+MARZO!C103+ABRIL!C103+MAYO!C103+#REF!+#REF!+#REF!+#REF!+#REF!+#REF!+#REF!) -> #REF! | D103: =SUM(ENERO!D103+FEBRERO!D103+MARZO!D103+ABRIL!D103+MAYO!D103+#REF!+#REF!+#REF!+#REF!+#REF!+#REF!+#REF!) -> #REF! | E103: =SUM(ENERO!E103+FEBRERO!E103+MARZO!E103+ABRIL!E103+MAYO!E103+#REF!+#REF!+#REF!+#REF!+#REF!+#REF!+#REF!) -> #REF! | F103: =SUM(ENERO!F103+FEBRERO!F103+MARZO!F103+ABRIL!F103+MAYO!F103+#REF!+#REF!+#REF!+#REF!+#REF!+#REF!+#REF!) -> #REF! | G103: =SUM(ENERO!G103+FEBRERO!G103+MARZO!G103+ABRIL!G103+MAYO!G103+#REF!+#REF!+#REF!+#REF!+#REF!+#REF!+#REF!) -> #REF! | H103: =SUM(B103:G103) -> #REF!
A104: ANTI M2-3E (AMA) | B104: =SUM(ENERO!B104+FEBRERO!B104+MARZO!B104+ABRIL!B104+MAYO!B104+#REF!+#REF!+#REF!+#REF!+#REF!+#REF!+#REF!) -> #REF! | C104: =SUM(ENERO!C104+FEBRERO!C104+MARZO!C104+ABRIL!C104+MAYO!C104+#REF!+#REF!+#REF!+#REF!+#REF!+#REF!+#REF!) -> #REF! | D104: =SUM(ENERO!D104+FEBRERO!D104+MARZO!D104+ABRIL!D104+MAYO!D104+#REF!+#REF!+#REF!+#REF!+#REF!+#REF!+#REF!) -> #REF! | E104: =SUM(ENERO!E104+FEBRERO!E104+MARZO!E104+ABRIL!E104+MAYO!E104+#REF!+#REF!+#REF!+#REF!+#REF!+#REF!+#REF!) -> #REF! | F104: =SUM(ENERO!F104+FEBRERO!F104+MARZO!F104+ABRIL!F104+MAYO!F104+#REF!+#REF!+#REF!+#REF!+#REF!+#REF!+#REF!) -> #REF! | G104: =SUM(ENERO!G104+FEBRERO!G104+MARZO!G104+ABRIL!G104+MAYO!G104+#REF!+#REF!+#REF!+#REF!+#REF!+#REF!+#REF!) -> #REF! | H104: =SUM(B104:G104) -> #REF!
A105: ANA (ELISA) | B105: =SUM(ENERO!B105+FEBRERO!B105+MARZO!B105+ABRIL!B105+MAYO!B105+#REF!+#REF!+#REF!+#REF!+#REF!+#REF!+#REF!) -> #REF! | C105: =SUM(ENERO!C105+FEBRERO!C105+MARZO!C105+ABRIL!C105+MAYO!C105+#REF!+#REF!+#REF!+#REF!+#REF!+#REF!+#REF!) -> #REF! | D105: =SUM(ENERO!D105+FEBRERO!D105+MARZO!D105+ABRIL!D105+MAYO!D105+#REF!+#REF!+#REF!+#REF!+#REF!+#REF!+#REF!) -> #REF! | E105: =SUM(ENERO!E105+FEBRERO!E105+MARZO!E105+ABRIL!E105+MAYO!E105+#REF!+#REF!+#REF!+#REF!+#REF!+#REF!+#REF!) -> #REF! | F105: =SUM(ENERO!F105+FEBRERO!F105+MARZO!F105+ABRIL!F105+MAYO!F105+#REF!+#REF!+#REF!+#REF!+#REF!+#REF!+#REF!) -> #REF! | G105: =SUM(ENERO!G105+FEBRERO!G105+MARZO!G105+ABRIL!G105+MAYO!G105+#REF!+#REF!+#REF!+#REF!+#REF!+#REF!+#REF!) -> #REF! | H105: =SUM(B105:G105) -> #REF!
A106: HELICOBACTER PILORY IGM | B106: =SUM(ENERO!B106+FEBRERO!B106+MARZO!B106+ABRIL!B106+MAYO!B106+#REF!+#REF!+#REF!+#REF!+#REF!+#REF!+#REF!) -> #REF! | C106: =SUM(ENERO!C106+FEBRERO!C106+MARZO!C106+ABRIL!C106+MAYO!C106+#REF!+#REF!+#REF!+#REF!+#REF!+#REF!+#REF!) -> #REF! | D106: =SUM(ENERO!D106+FEBRERO!D106+MARZO!D106+ABRIL!D106+MAYO!D106+#REF!+#REF!+#REF!+#REF!+#REF!+#REF!+#REF!) -> #REF! | E106: =SUM(ENERO!E106+FEBRERO!E106+MARZO!E106+ABRIL!E106+MAYO!E106+#REF!+#REF!+#REF!+#REF!+#REF!+#REF!+#REF!) -> #REF! | F106: =SUM(ENERO!F106+FEBRERO!F106+MARZO!F106+ABRIL!F106+MAYO!F106+#REF!+#REF!+#REF!+#REF!+#REF!+#REF!+#REF!) -> #REF! | G106: =SUM(ENERO!G106+FEBRERO!G106+MARZO!G106+ABRIL!G106+MAYO!G106+#REF!+#REF!+#REF!+#REF!+#REF!+#REF!+#REF!) -> #REF! | H106: =SUM(B106:G106) -> #REF!
...

Sheet Hoja1
A2: GRAFICA DE PRODUCCIÓN TOTAL DEL DEPARTAMENTO DE PATOLOGÍA CLÍNICA Y ANATOMIA PATOLÓGICA:
A4: MES | B4: TOTAL
A5: ENERO | B5: =ENERO!Q63 -> 48826
A6: FEBRERO | B6: =FEBRERO!Q63 -> 38183
A7: MARZO | B7: =MARZO!Q63 -> 0
A8: ABRIL | B8: =ABRIL!Q63 -> 0
A9: MAYO | B9: =MAYO!Q63 -> 0
A10: JUNIO | B10: =#REF! -> #REF!
A11: JULIO | B11: =#REF! -> #REF!
A12: AGOSTO | B12: =#REF! -> #REF!
A13: SETIEMBRE | B13: =#REF! -> #REF!
A14: OCTUBRE | B14: =#REF! -> #REF!
A15: NOVIEMBRE | B15: =#REF! -> #REF!
A16: DICIEMBRE | B16: =#REF! -> #REF!

Sheet Hoja1 (2)
A2: GRAFICA DE PRODUCCIÓN TOTAL DEL DEPARTAMENTO DE PATOLOGÍA CLÍNICA Y ANATOMIA PATOLÓGICA:
A15: TOTAL DE ATENCIONES EN EL DEPARTAMENTO DE PATOLOGIA CLÍNICA Y ANATOMIA PATOLOGICA
A16: PROGRAMAS DE SALUD OPORTUNOS PARA LA POBLACION | B16: ENE | C16: FEB | D16: MAR | E16: ABR | F16: MAY | G16: JUN | H16: JUL | I16: AGO | J16: SET | K16: OCT | L16: NOV | M16: DIC
A17: EXAMEN DE PROCEDIMIENTO BIOQUÍMICO | B17: =ENERO!Q55 -> 27511 | C17: =FEBRERO!Q55 -> 29068 | D17: =MARZO!Q55 -> 0 | E17: =ABRIL!Q55 -> 0 | F17: =ABRIL!Q55 -> 0 | G17: =#REF! -> #REF! | H17: =#REF! -> #REF! | I17: =#REF! -> #REF! | J17: =#REF! -> #REF! | K17: =#REF! -> #REF! | L17: =#REF! -> #REF! | M17: =#REF! -> #REF!
A18: EXAMEN DE PROCEDIMIENTO HEMATOLÓGICO - HEMOSTASICOS | B18: =ENERO!Q56 -> 11406 | C18: =FEBRERO!Q56 -> 0 | D18: =MARZO!Q56 -> 0 | E18: =ABRIL!Q56 -> 0 | F18: =ABRIL!Q56 -> 0 | G18: =#REF! -> #REF! | H18: =#REF! -> #REF! | I18: =#REF! -> #REF! | J18: =#REF! -> #REF! | K18: =#REF! -> #REF! | L18: =#REF! -> #REF! | M18: =#REF! -> #REF!
A19: EXAMEN DE PROCEDIMIENTOS MICROBIOLÓGICOS | B19: =ENERO!Q57 -> 856 | C19: =FEBRERO!Q57 -> 6767 | D19: =MARZO!Q57 -> 0 | E19: =ABRIL!Q57 -> 0 | F19: =ABRIL!Q57 -> 0 | G19: =#REF! -> #REF! | H19: =#REF! -> #REF! | I19: =#REF! -> #REF! | J19: =#REF! -> #REF! | K19: =#REF! -> #REF! | L19: =#REF! -> #REF! | M19: =#REF! -> #REF!
A20: EXAMEN DE PROCEDIMIENTOS UROPARASITOLÓGICOS | B20: =ENERO!Q58 -> 1701 | C20: =FEBRERO!Q58 -> 0 | D20: =MARZO!Q58 -> 0 | E20: =ABRIL!Q58 -> 0 | F20: =ABRIL!Q58 -> 0 | G20: =#REF! -> #REF! | H20: =#REF! -> #REF! | I20: =#REF! -> #REF! | J20: =#REF! -> #REF! | K20: =#REF! -> #REF! | L20: =#REF! -> #REF! | M20: =#REF! -> #REF!
A21: EXAMEN DE PROCEDIMIENTOS INMUNOLÓGICOS | B21: =ENERO!Q59 -> 4030 | C21: =FEBRERO!Q59 -> 0 | D21: =MARZO!Q59 -> 0 | E21: =ABRIL!Q59 -> 0 | F21: =ABRIL!Q59 -> 0 | G21: =#REF! -> #REF! | H21: =#REF! -> #REF! | I21: =#REF! -> #REF! | J21: =#REF! -> #REF! | K21: =#REF! -> #REF! | L21: =#REF! -> #REF! | M21: =#REF! -> #REF!
A22: EXAMEN DE PROCEDIMIENTO ANATOMO PATOLÓGICO | B22: =ENERO!Q60 -> 1972 | C22: =FEBRERO!Q60 -> 1925 | D22: =MARZO!Q60 -> 0 | E22: =ABRIL!Q60 -> 0 | F22: =ABRIL!Q60 -> 0 | G22: =#REF! -> #REF! | H22: =#REF! -> #REF! | I22: =#REF! -> #REF! | J22: =#REF! -> #REF! | K22: =#REF! -> #REF! | L22: =#REF! -> #REF! | M22: =#REF! -> #REF!
A23: EXAMEN DE PROGRAMAS | B23: =ENERO!Q61 -> 405 | C23: =FEBRERO!Q61 -> 419 | D23: =MARZO!Q61 -> 0 | E23: =ABRIL!Q61 -> 0 | F23: =ABRIL!Q61 -> 0 | G23: =#REF! -> #REF! | H23: =#REF! -> #REF! | I23: =#REF! -> #REF! | J23: =#REF! -> #REF! | K23: =#REF! -> #REF! | L23: =#REF! -> #REF! | M23: =#REF! -> #REF!
A24: UNIDADES DE BANCO DE SANGRE | B24: =ENERO!Q62 -> 942 | C24: =FEBRERO!Q62 -> 0 | D24: =MARZO!Q62 -> 0 | E24: =ABRIL!Q62 -> 0 | F24: =ABRIL!Q62 -> 0 | G24: =#REF! -> #REF! | H24: =#REF! -> #REF! | I24: =#REF! -> #REF! | J24: =#REF! -> #REF! | K24: =#REF! -> #REF! | L24: =#REF! -> #REF! | M24: =#REF! -> #REF!

Sheet CALCULO PRESUPUESTO
A4: Establecimiento de Salud informante: | B4: HOSPITAL REGIONAL DE LORETO | L4: Mes: | M4: ENERO A DICIEMBRE
A6: Código Renipress: | B6: 3 | L6: Año: | M6: 2025
A9: PATOLOGÍA CLÍNICA | B9: TOTAL | K9: ANATOMÍA PATOLÓGICA | L9: TOTAL
B10: Hospitaliz | C10: Emergenc | D10: C. Externa | E10: Privado | F10: Convenio | G10: Insolvencia | H10: TOTAL | L10: Hospitaliz | M10: Emergenc | N10: C. Externa | O10: Privado | P10: Convenio | Q10: Insolvencia | R10: TOTAL | V10: Hospitaliz | W10: Emergenc | X10: C. Externa | Y10: Privado | Z10: Convenio | AA10: Insolvencia | AB10: TOTAL
A11: TOTAL DE EXAMENES LABORATORIO | B11: =B12+B51+B69+B82+B95+L11+L28+L41 -> #REF! | C11: =C12+C51+C69+C82+C95+M11+M28+M41 -> #REF! | D11: =D12+D51+D69+D82+D95+N11+N28+N41 -> #REF! | E11: =E12+E51+E69+E82+E95+O11+O28+O41 -> #REF! | F11: =F12+F51+F69+F82+F95+P11+P28+P41 -> #REF! | G11: =G12+G51+G69+G82+G95+Q11+Q28+Q41 -> #REF! | H11: =SUM(B11:G11) -> #REF! | K11: TOTAL EXAMENES ANATOMIA PATOLOGICA | L11: =SUM(L12:L23) -> #REF! | M11: =SUM(M12:M23) -> #REF! | N11: =SUM(N12:N23) -> #REF! | O11: =SUM(O12:O23) -> #REF! | P11: =SUM(P12:P23) -> #REF! | Q11: =SUM(Q12:Q23) -> #REF! | R11: =SUM(L11:Q11) -> #REF! | S11: =R11*10 -> #REF! | V11: =B13*I13 -> #REF! | W11: =C13*I13 -> #REF! | X11: =D13*I13 -> #REF! | Y11: =E13*I13 -> #REF! | Z11: =F13*I13 -> #REF! | AA11: =G13*I13 -> #REF! | AB11: =V11+X11+Y11+Z11+AA11 -> #REF!
A12: TOTAL EXAMENES BIOQUÍMICOS | B12: =SUM(B13:B50) -> #REF! | C12: =SUM(C13:C50) -> #REF! | D12: =SUM(D13:D50) -> #REF! | E12: =SUM(E13:E50) -> #REF! | F12: =SUM(F13:F50) -> #REF! | G12: =SUM(G13:G50) -> #REF! | H12: =SUM(B12:G12) -> #REF! | I12: PRECIO | K12: TOTAL EXAMENES CITOLÓGICOS (PAP) | L12: =SUM(ENERO!K12+FEBRERO!K12+MARZO!K12+ABRIL!K12+MAYO!K12+#REF!+#REF!+#REF!+#REF!+#REF!+#REF!+#REF!) -> #REF! | M12: =SUM(ENERO!L12+FEBRERO!L12+MARZO!L12+ABRIL!L12+MAYO!L12+#REF!+#REF!+#REF!+#REF!+#REF!+#REF!+#REF!) -> #REF! | N12: =SUM(ENERO!M12+FEBRERO!M12+MARZO!M12+ABRIL!M12+MAYO!M12+#REF!+#REF!+#REF!+#REF!+#REF!+#REF!+#REF!) -> #REF! | O12: =SUM(ENERO!N12+FEBRERO!N12+MARZO!N12+ABRIL!N12+MAYO!N12+#REF!+#REF!+#REF!+#REF!+#REF!+#REF!+#REF!) -> #REF! | P12: =SUM(ENERO!O12+FEBRERO!O12+MARZO!O12+ABRIL!O12+MAYO!O12+#REF!+#REF!+#REF!+#REF!+#REF!+#REF!+#REF!) -> #REF! | Q12: =SUM(ENERO!P12+FEBRERO!P12+MARZO!P12+ABRIL!P12+MAYO!P12+#REF!+#REF!+#REF!+#REF!+#REF!+#REF!+#REF!) -> #REF! | R12: =SUM(L12:Q12) -> #REF! | V12: =B14*I14 -> #REF! | W12: =C14*I14 -> #REF! | X12: =D14*I14 -> #REF! | Y12: =E14*I14 -> #REF! | Z12: =F14*I14 -> #REF! | AA12: =G14*I14 -> #REF! | AB12: =V12+X12+Y12+Z12+AA12 -> #REF!
A13: ACIDO URICO | B13: =SUM(ENERO!B13+FEBRERO!B13+MARZO!B13+ABRIL!B13+MAYO!B13+#REF!+#REF!+#REF!+#REF!+#REF!+#REF!+#REF!) -> #REF! | C13: =SUM(ENERO!C13+FEBRERO!C13+MARZO!C13+ABRIL!C13+MAYO!C13+#REF!+#REF!+#REF!+#REF!+#REF!+#REF!+#REF!) -> #REF! | D13: =SUM(ENERO!D13+FEBRERO!D13+MARZO!D13+ABRIL!D13+MAYO!D13+#REF!+#REF!+#REF!+#REF!+#REF!+#REF!+#REF!) -> #REF! | E13: =SUM(ENERO!E13+FEBRERO!E13+MARZO!E13+ABRIL!E13+MAYO!E13+#REF!+#REF!+#REF!+#REF!+#REF!+#REF!+#REF!) -> #REF! | F13: =SUM(ENERO!F13+FEBRERO!F13+MARZO!F13+ABRIL!F13+MAYO!F13+#REF!+#REF!+#REF!+#REF!+#REF!+#REF!+#REF!) -> #REF! | G13: =SUM(ENERO!G13+FEBRERO!G13+MARZO!G13+ABRIL!G13+MAYO!G13+#REF!+#REF!+#REF!+#REF!+#REF!+#REF!+#REF!) -> #REF! | H13: =SUM(B13:G13) -> #REF! | I13: 3.28 | K13: TOTAL BAAF | L13: =SUM(ENERO!K13+FEBRERO!K13+MARZO!K13+ABRIL!K13+MAYO!K13+#REF!+#REF!+#REF!+#REF!+#REF!+#REF!+#REF!) -> #REF! | M13: =SUM(ENERO!L13+FEBRERO!L13+MARZO!L13+ABRIL!L13+MAYO!L13+#REF!+#REF!+#REF!+#REF!+#REF!+#REF!+#REF!) -> #REF! | N13: =SUM(ENERO!M13+FEBRERO!M13+MARZO!M13+ABRIL!M13+MAYO!M13+#REF!+#REF!+#REF!+#REF!+#REF!+#REF!+#REF!) -> #REF! | O13: =SUM(ENERO!N13+FEBRERO!N13+MARZO!N13+ABRIL!N13+MAYO!N13+#REF!+#REF!+#REF!+#REF!+#REF!+#REF!+#REF!) -> #REF! | P13: =SUM(ENERO!O13+FEBRERO!O13+MARZO!O13+ABRIL!O13+MAYO!O13+#REF!+#REF!+#REF!+#REF!+#REF!+#REF!+#REF!) -> #REF! | Q13: =SUM(ENERO!P13+FEBRERO!P13+MARZO!P13+ABRIL!P13+MAYO!P13+#REF!+#REF!+#REF!+#REF!+#REF!+#REF!+#REF!) -> #REF! | R13: =SUM(L13:Q13) -> #REF! | V13: =B15*I15 -> #REF! | W13: =C15*I15 -> #REF! | X13: =D15*I15 -> #REF! | Y13: =E15*I15 -> #REF! | Z13: =F15*I15 -> #REF! | AA13: =G15*I15 -> #REF! | AB13: =V13+X13+Y13+Z13+AA13 -> #REF!
A14: CALCIO | B14: =SUM(ENERO!B14+FEBRERO!B14+MARZO!B14+ABRIL!B14+MAYO!B14+#REF!+#REF!+#REF!+#REF!+#REF!+#REF!+#REF!) -> #REF! | C14: =SUM(ENERO!C14+FEBRERO!C14+MARZO!C14+ABRIL!C14+MAYO!C14+#REF!+#REF!+#REF!+#REF!+#REF!+#REF!+#REF!) -> #REF! | D14: =SUM(ENERO!D14+FEBRERO!D14+MARZO!D14+ABRIL!D14+MAYO!D14+#REF!+#REF!+#REF!+#REF!+#REF!+#REF!+#REF!) -> #REF! | E14: =SUM(ENERO!E14+FEBRERO!E14+MARZO!E14+ABRIL!E14+MAYO!E14+#REF!+#REF!+#REF!+#REF!+#REF!+#REF!+#REF!) -> #REF! | F14: =SUM(ENERO!F14+FEBRERO!F14+MARZO!F14+ABRIL!F14+MAYO!F14+#REF!+#REF!+#REF!+#REF!+#REF!+#REF!+#REF!) -> #REF! | G14: =SUM(ENERO!G14+FEBRERO!G14+MARZO!G14+ABRIL!G14+MAYO!G14+#REF!+#REF!+#REF!+#REF!+#REF!+#REF!+#REF!) -> #REF! | H14: =SUM(B14:G14) -> #REF! | I14: 3.21 | K14: TOTAL EXAMENES HISTOPATOLÓGICOS (Biopsia) | L14: =SUM(ENERO!K14+FEBRERO!K14+MARZO!K14+ABRIL!K14+MAYO!K14+#REF!+#REF!+#REF!+#REF!+#REF!+#REF!+#REF!) -> #REF! | M14: =SUM(ENERO!L14+FEBRERO!L14+MARZO!L14+ABRIL!L14+MAYO!L14+#REF!+#REF!+#REF!+#REF!+#REF!+#REF!+#REF!) -> #REF! | N14: =SUM(ENERO!M14+FEBRERO!M14+MARZO!M14+ABRIL!M14+MAYO!M14+#REF!+#REF!+#REF!+#REF!+#REF!+#REF!+#REF!) -> #REF! | O14: =SUM(ENERO!N14+FEBRERO!N14+MARZO!N14+ABRIL!N14+MAYO!N14+#REF!+#REF!+#REF!+#REF!+#REF!+#REF!+#REF!) -> #REF! | P14: =SUM(ENERO!O14+FEBRERO!O14+MARZO!O14+ABRIL!O14+MAYO!O14+#REF!+#REF!+#REF!+#REF!+#REF!+#REF!+#REF!) -> #REF! | Q14: =SUM(ENERO!P14+FEBRERO!P14+MARZO!P14+ABRIL!P14+MAYO!P14+#REF!+#REF!+#REF!+#REF!+#REF!+#REF!+#REF!) -> #REF! | R14: =SUM(L14:Q14) -> #REF! | V14: =B16*I16 -> #REF! | W14: =C16*I16 -> #REF! | X14: =D16*I16 -> #REF! | Y14: =E16*I16 -> #REF! | Z14: =F16*I16 -> #REF! | AA14: =G16*I16 -> #REF! | AB14: =V14+X14+Y14+Z14+AA14 -> #REF!
A15: AMILASA | B15: =SUM(ENERO!B15+FEBRERO!B15+MARZO!B15+ABRIL!B15+MAYO!B15+#REF!+#REF!+#REF!+#REF!+#REF!+#REF!+#REF!) -> #REF! | C15: =SUM(ENERO!C15+FEBRERO!C15+MARZO!C15+ABRIL!C15+MAYO!C15+#REF!+#REF!+#REF!+#REF!+#REF!+#REF!+#REF!) -> #REF! | D15: =SUM(ENERO!D15+FEBRERO!D15+MARZO!D15+ABRIL!D15+MAYO!D15+#REF!+#REF!+#REF!+#REF!+#REF!+#REF!+#REF!) -> #REF! | E15: =SUM(ENERO!E15+FEBRERO!E15+MARZO!E15+ABRIL!E15+MAYO!E15+#REF!+#REF!+#REF!+#REF!+#REF!+#REF!+#REF!) -> #REF! | F15: =SUM(ENERO!F15+FEBRERO!F15+MARZO!F15+ABRIL!F15+MAYO!F15+#REF!+#REF!+#REF!+#REF!+#REF!+#REF!+#REF!) -> #REF! | G15: =SUM(ENERO!G15+FEBRERO!G15+MARZO!G15+ABRIL!G15+MAYO!G15+#REF!+#REF!+#REF!+#REF!+#REF!+#REF!+#REF!) -> #REF! | H15: =SUM(B15:G15) -> #REF! | I15: 4.88 | K15: TOTAL PIEZA QUIRURGICA (HISTOLOGIA) | L15: =SUM(ENERO!K15+FEBRERO!K15+MARZO!K15+ABRIL!K15+MAYO!K15+#REF!+#REF!+#REF!+#REF!+#REF!+#REF!+#REF!) -> #REF! | M15: =SUM(ENERO!L15+FEBRERO!L15+MARZO!L15+ABRIL!L15+MAYO!L15+#REF!+#REF!+#REF!+#REF!+#REF!+#REF!+#REF!) -> #REF! | N15: =SUM(ENERO!M15+FEBRERO!M15+MARZO!M15+ABRIL!M15+MAYO!M15+#REF!+#REF!+#REF!+#REF!+#REF!+#REF!+#REF!) -> #REF! | O15: =SUM(ENERO!N15+FEBRERO!N15+MARZO!N15+ABRIL!N15+MAYO!N15+#REF!+#REF!+#REF!+#REF!+#REF!+#REF!+#REF!) -> #REF! | P15: =SUM(ENERO!O15+FEBRERO!O15+MARZO!O15+ABRIL!O15+MAYO!O15+#REF!+#REF!+#REF!+#REF!+#REF!+#REF!+#REF!) -> #REF! | Q15: =SUM(ENERO!P15+FEBRERO!P15+MARZO!P15+ABRIL!P15+MAYO!P15+#REF!+#REF!+#REF!+#REF!+#REF!+#REF!+#REF!) -> #REF! | R15: =SUM(L15:Q15) -> #REF! | V15: =B17*I17 -> #REF! | W15: =C17*I17 -> #REF! | X15: =D17*I17 -> #REF! | Y15: =E17*I17 -> #REF! | Z15: =F17*I17 -> #REF! | AA15: =G17*I17 -> #REF! | AB15: =V15+X15+Y15+Z15+AA15 -> #REF!
A16: GLUCOSA | B16: =SUM(ENERO!B16+FEBRERO!B16+MARZO!B16+ABRIL!B16+MAYO!B16+#REF!+#REF!+#REF!+#REF!+#REF!+#REF!+#REF!) -> #REF! | C16: =SUM(ENERO!C16+FEBRERO!C16+MARZO!C16+ABRIL!C16+MAYO!C16+#REF!+#REF!+#REF!+#REF!+#REF!+#REF!+#REF!) -> #REF! | D16: =SUM(ENERO!D16+FEBRERO!D16+MARZO!D16+ABRIL!D16+MAYO!D16+#REF!+#REF!+#REF!+#REF!+#REF!+#REF!+#REF!) -> #REF! | E16: =SUM(ENERO!E16+FEBRERO!E16+MARZO!E16+ABRIL!E16+MAYO!E16+#REF!+#REF!+#REF!+#REF!+#REF!+#REF!+#REF!) -> #REF! | F16: =SUM(ENERO!F16+FEBRERO!F16+MARZO!F16+ABRIL!F16+MAYO!F16+#REF!+#REF!+#REF!+#REF!+#REF!+#REF!+#REF!) -> #REF! | G16: =SUM(ENERO!G16+FEBRERO!G16+MARZO!G16+ABRIL!G16+MAYO!G16+#REF!+#REF!+#REF!+#REF!+#REF!+#REF!+#REF!) -> #REF! | H16: =SUM(B16:G16) -> #REF! | I16: 1.37 | K16: TOTAL CITOLOGIA ESPECIAL | L16: =SUM(ENERO!K16+FEBRERO!K16+MARZO!K16+ABRIL!K16+MAYO!K16+#REF!+#REF!+#REF!+#REF!+#REF!+#REF!+#REF!) -> #REF! | M16: =SUM(ENERO!L16+FEBRERO!L16+MARZO!L16+ABRIL!L16+MAYO!L16+#REF!+#REF!+#REF!+#REF!+#REF!+#REF!+#REF!) -> #REF! | N16: =SUM(ENERO!M16+FEBRERO!M16+MARZO!M16+ABRIL!M16+MAYO!M16+#REF!+#REF!+#REF!+#REF!+#REF!+#REF!+#REF!) -> #REF! | O16: =SUM(ENERO!N16+FEBRERO!N16+MARZO!N16+ABRIL!N16+MAYO!N16+#REF!+#REF!+#REF!+#REF!+#REF!+#REF!+#REF!) -> #REF! | P16: =SUM(ENERO!O16+FEBRERO!O16+MARZO!O16+ABRIL!O16+MAYO!O16+#REF!+#REF!+#REF!+#REF!+#REF!+#REF!+#REF!) -> #REF! | Q16: =SUM(ENERO!P16+FEBRERO!P16+MARZO!P16+ABRIL!P16+MAYO!P16+#REF!+#REF!+#REF!+#REF!+#REF!+#REF!+#REF!) -> #REF! | R16: =SUM(L16:Q16) -> #REF! | V16: =B18*I18 -> #REF! | W16: =C18*I18 -> #REF! | X16: =D18*I18 -> #REF! | Y16: =E18*I18 -> #REF! | Z16: =F18*I18 -> #REF! | AA16: =G18*I18 -> #REF! | AB16: =V16+X16+Y16+Z16+AA16 -> #REF!
A17: GLUCOSA POST PRANDIAL | B17: =SUM(ENERO!B17+FEBRERO!B17+MARZO!B17+ABRIL!B17+MAYO!B17+#REF!+#REF!+#REF!+#REF!+#REF!+#REF!+#REF!) -> #REF! | C17: =SUM(ENERO!C17+FEBRERO!C17+MARZO!C17+ABRIL!C17+MAYO!C17+#REF!+#REF!+#REF!+#REF!+#REF!+#REF!+#REF!) -> #REF! | D17: =SUM(ENERO!D17+FEBRERO!D17+MARZO!D17+ABRIL!D17+MAYO!D17+#REF!+#REF!+#REF!+#REF!+#REF!+#REF!+#REF!) -> #REF! | E17: =SUM(ENERO!E17+FEBRERO!E17+MARZO!E17+ABRIL!E17+MAYO!E17+#REF!+#REF!+#REF!+#REF!+#REF!+#REF!+#REF!) -> #REF! | F17: =SUM(ENERO!F17+FEBRERO!F17+MARZO!F17+ABRIL!F17+MAYO!F17+#REF!+#REF!+#REF!+#REF!+#REF!+#REF!+#REF!) -> #REF! | G17: =SUM(ENERO!G17+FEBRERO!G17+MARZO!G17+ABRIL!G17+MAYO!G17+#REF!+#REF!+#REF!+#REF!+#REF!+#REF!+#REF!) -> #REF! | H17: =SUM(B17:G17) -> #REF! | I17: 2.74 | K17: TOTAL DE TEJIDOS INCLUIDOS | L17: =SUM(ENERO!K17+FEBRERO!K17+MARZO!K17+ABRIL!K17+MAYO!K17+#REF!+#REF!+#REF!+#REF!+#REF!+#REF!+#REF!) -> #REF! | M17: =SUM(ENERO!L17+FEBRERO!L17+MARZO!L17+ABRIL!L17+MAYO!L17+#REF!+#REF!+#REF!+#REF!+#REF!+#REF!+#REF!) -> #REF! | N17: =SUM(ENERO!M17+FEBRERO!M17+MARZO!M17+ABRIL!M17+MAYO!M17+#REF!+#REF!+#REF!+#REF!+#REF!+#REF!+#REF!) -> #REF! | O17: =SUM(ENERO!N17+FEBRERO!N17+MARZO!N17+ABRIL!N17+MAYO!N17+#REF!+#REF!+#REF!+#REF!+#REF!+#REF!+#REF!) -> #REF! | P17: =SUM(ENERO!O17+FEBRERO!O17+MARZO!O17+ABRIL!O17+MAYO!O17+#REF!+#REF!+#REF!+#REF!+#REF!+#REF!+#REF!) -> #REF! | Q17: =SUM(ENERO!P17+FEBRERO!P17+MARZO!P17+ABRIL!P17+MAYO!P17+#REF!+#REF!+#REF!+#REF!+#REF!+#REF!+#REF!) -> #REF! | R17: =SUM(L17:Q17) -> #REF! | V17: =B19*I19 -> #REF! | W17: =C19*I19 -> #REF! | X17: =D19*I19 -> #REF! | Y17: =E19*I19 -> #REF! | Z17: =F19*I19 -> #REF! | AA17: =G19*I19 -> #REF! | AB17: =V17+X17+Y17+Z17+AA17 -> #REF!
A18: FOSFORO | B18: =SUM(ENERO!B18+FEBRERO!B18+MARZO!B18+ABRIL!B18+MAYO!B18+#REF!+#REF!+#REF!+#REF!+#REF!+#REF!+#REF!) -> #REF! | C18: =SUM(ENERO!C18+FEBRERO!C18+MARZO!C18+ABRIL!C18+MAYO!C18+#REF!+#REF!+#REF!+#REF!+#REF!+#REF!+#REF!) -> #REF! | D18: =SUM(ENERO!D18+FEBRERO!D18+MARZO!D18+ABRIL!D18+MAYO!D18+#REF!+#REF!+#REF!+#REF!+#REF!+#REF!+#REF!) -> #REF! | E18: =SUM(ENERO!E18+FEBRERO!E18+MARZO!E18+ABRIL!E18+MAYO!E18+#REF!+#REF!+#REF!+#REF!+#REF!+#REF!+#REF!) -> #REF! | F18: =SUM(ENERO!F18+FEBRERO!F18+MARZO!F18+ABRIL!F18+MAYO!F18+#REF!+#REF!+#REF!+#REF!+#REF!+#REF!+#REF!) -> #REF! | G18: =SUM(ENERO!G18+FEBRERO!G18+MARZO!G18+ABRIL!G18+MAYO!G18+#REF!+#REF!+#REF!+#REF!+#REF!+#REF!+#REF!) -> #REF! | H18: =SUM(B18:G18) -> #REF! | I18: 3.27 | K18: TOTAL DE CORTES DE TEJIDOS | L18: =SUM(ENERO!K18+FEBRERO!K18+MARZO!K18+ABRIL!K18+MAYO!K18+#REF!+#REF!+#REF!+#REF!+#REF!+#REF!+#REF!) -> #REF! | M18: =SUM(ENERO!L18+FEBRERO!L18+MARZO!L18+ABRIL!L18+MAYO!L18+#REF!+#REF!+#REF!+#REF!+#REF!+#REF!+#REF!) -> #REF! | N18: =SUM(ENERO!M18+FEBRERO!M18+MARZO!M18+ABRIL!M18+MAYO!M18+#REF!+#REF!+#REF!+#REF!+#REF!+#REF!+#REF!) -> #REF! | O18: =SUM(ENERO!N18+FEBRERO!N18+MARZO!N18+ABRIL!N18+MAYO!N18+#REF!+#REF!+#REF!+#REF!+#REF!+#REF!+#REF!) -> #REF! | P18: =SUM(ENERO!O18+FEBRERO!O18+MARZO!O18+ABRIL!O18+MAYO!O18+#REF!+#REF!+#REF!+#REF!+#REF!+#REF!+#REF!) -> #REF! | Q18: =SUM(ENERO!P18+FEBRERO!P18+MARZO!P18+ABRIL!P18+MAYO!P18+#REF!+#REF!+#REF!+#REF!+#REF!+#REF!+#REF!) -> #REF! | R18: =SUM(L18:Q18) -> #REF! | V18: =B20*I20 -> #REF! | W18: =C20*I20 -> #REF! | X18: =D20*I20 -> #REF! | Y18: =E20*I20 -> #REF! | Z18: =F20*I20 -> #REF! | AA18: =G20*I20 -> #REF! | AB18: =V18+X18+Y18+Z18+AA18 -> #REF!
A19: HEMOGLOBINA GLICOSILADA | B19: =SUM(ENERO!B19+FEBRERO!B19+MARZO!B19+ABRIL!B19+MAYO!B19+#REF!+#REF!+#REF!+#REF!+#REF!+#REF!+#REF!) -> #REF! | C19: =SUM(ENERO!C19+FEBRERO!C19+MARZO!C19+ABRIL!C19+MAYO!C19+#REF!+#REF!+#REF!+#REF!+#REF!+#REF!+#REF!) -> #REF! | D19: =SUM(ENERO!D19+FEBRERO!D19+MARZO!D19+ABRIL!D19+MAYO!D19+#REF!+#REF!+#REF!+#REF!+#REF!+#REF!+#REF!) -> #REF! | E19: =SUM(ENERO!E19+FEBRERO!E19+MARZO!E19+ABRIL!E19+MAYO!E19+#REF!+#REF!+#REF!+#REF!+#REF!+#REF!+#REF!) -> #REF! | F19: =SUM(ENERO!F19+FEBRERO!F19+MARZO!F19+ABRIL!F19+MAYO!F19+#REF!+#REF!+#REF!+#REF!+#REF!+#REF!+#REF!) -> #REF! | G19: =SUM(ENERO!G19+FEBRERO!G19+MARZO!G19+ABRIL!G19+MAYO!G19+#REF!+#REF!+#REF!+#REF!+#REF!+#REF!+#REF!) -> #REF! | H19: =SUM(B19:G19) -> #REF! | I19: 14.93 | K19: TOTAL DE LÁMINAS MONTADAS | L19: =SUM(ENERO!K19+FEBRERO!K19+MARZO!K19+ABRIL!K19+MAYO!K19+#REF!+#REF!+#REF!+#REF!+#REF!+#REF!+#REF!) -> #REF! | M19: =SUM(ENERO!L19+FEBRERO!L19+MARZO!L19+ABRIL!L19+MAYO!L19+#REF!+#REF!+#REF!+#REF!+#REF!+#REF!+#REF!) -> #REF! | N19: =SUM(ENERO!M19+FEBRERO!M19+MARZO!M19+ABRIL!M19+MAYO!M19+#REF!+#REF!+#REF!+#REF!+#REF!+#REF!+#REF!) -> #REF! | O19: =SUM(ENERO!N19+FEBRERO!N19+MARZO!N19+ABRIL!N19+MAYO!N19+#REF!+#REF!+#REF!+#REF!+#REF!+#REF!+#REF!) -> #REF! | P19: =SUM(ENERO!O19+FEBRERO!O19+MARZO!O19+ABRIL!O19+MAYO!O19+#REF!+#REF!+#REF!+#REF!+#REF!+#REF!+#REF!) -> #REF! | Q19: =SUM(ENERO!P19+FEBRERO!P19+MARZO!P19+ABRIL!P19+MAYO!P19+#REF!+#REF!+#REF!+#REF!+#REF!+#REF!+#REF!) -> #REF! | R19: =SUM(L19:Q19) -> #REF! | V19: =B21*I21 -> #REF! | W19: =C21*I21 -> #REF! | X19: =D21*I21 -> #REF! | Y19: =E21*I21 -> #REF! | Z19: =F21*I21 -> #REF! | AA19: =G21*I21 -> #REF! | AB19: =V19+X19+Y19+Z19+AA19 -> #REF!
A20: TOLERANCIA A LA GLUCOSA | B20: =SUM(ENERO!B20+FEBRERO!B20+MARZO!B20+ABRIL!B20+MAYO!B20+#REF!+#REF!+#REF!+#REF!+#REF!+#REF!+#REF!) -> #REF! | C20: =SUM(ENERO!C20+FEBRERO!C20+MARZO!C20+ABRIL!C20+MAYO!C20+#REF!+#REF!+#REF!+#REF!+#REF!+#REF!+#REF!) -> #REF! | D20: =SUM(ENERO!D20+FEBRERO!D20+MARZO!D20+ABRIL!D20+MAYO!D20+#REF!+#REF!+#REF!+#REF!+#REF!+#REF!+#REF!) -> #REF! | E20: =SUM(ENERO!E20+FEBRERO!E20+MARZO!E20+ABRIL!E20+MAYO!E20+#REF!+#REF!+#REF!+#REF!+#REF!+#REF!+#REF!) -> #REF! | F20: =SUM(ENERO!F20+FEBRERO!F20+MARZO!F20+ABRIL!F20+MAYO!F20+#REF!+#REF!+#REF!+#REF!+#REF!+#REF!+#REF!) -> #REF! | G20: =SUM(ENERO!G20+FEBRERO!G20+MARZO!G20+ABRIL!G20+MAYO!G20+#REF!+#REF!+#REF!+#REF!+#REF!+#REF!+#REF!) -> #REF! | H20: =SUM(B20:G20) -> #REF! | I20: 4.11 | K20: TOTAL DE HISTOQUIMICA | L20: =SUM(ENERO!K20+FEBRERO!K20+MARZO!K20+ABRIL!K20+MAYO!K20+#REF!+#REF!+#REF!+#REF!+#REF!+#REF!+#REF!) -> #REF! | M20: =SUM(ENERO!L20+FEBRERO!L20+MARZO!L20+ABRIL!L20+MAYO!L20+#REF!+#REF!+#REF!+#REF!+#REF!+#REF!+#REF!) -> #REF! | N20: =SUM(ENERO!M20+FEBRERO!M20+MARZO!M20+ABRIL!M20+MAYO!M20+#REF!+#REF!+#REF!+#REF!+#REF!+#REF!+#REF!) -> #REF! | O20: =SUM(ENERO!N20+FEBRERO!N20+MARZO!N20+ABRIL!N20+MAYO!N20+#REF!+#REF!+#REF!+#REF!+#REF!+#REF!+#REF!) -> #REF! | P20: =SUM(ENERO!O20+FEBRERO!O20+MARZO!O20+ABRIL!O20+MAYO!O20+#REF!+#REF!+#REF!+#REF!+#REF!+#REF!+#REF!) -> #REF! | Q20: =SUM(ENERO!P20+FEBRERO!P20+MARZO!P20+ABRIL!P20+MAYO!P20+#REF!+#REF!+#REF!+#REF!+#REF!+#REF!+#REF!) -> #REF! | R20: =SUM(L20:Q20) -> #REF! | V20: =B22*I22 -> #REF! | W20: =C22*I22 -> #REF! | X20: =D22*I22 -> #REF! | Y20: =E22*I22 -> #REF! | Z20: =F22*I22 -> #REF! | AA20: =G22*I22 -> #REF! | AB20: =V20+X20+Y20+Z20+AA20 -> #REF!
A21: CREATININA | B21: =SUM(ENERO!B21+FEBRERO!B21+MARZO!B21+ABRIL!B21+MAYO!B21+#REF!+#REF!+#REF!+#REF!+#REF!+#REF!+#REF!) -> #REF! | C21: =SUM(ENERO!C21+FEBRERO!C21+MARZO!C21+ABRIL!C21+MAYO!C21+#REF!+#REF!+#REF!+#REF!+#REF!+#REF!+#REF!) -> #REF! | D21: =SUM(ENERO!D21+FEBRERO!D21+MARZO!D21+ABRIL!D21+MAYO!D21+#REF!+#REF!+#REF!+#REF!+#REF!+#REF!+#REF!) -> #REF! | E21: =SUM(ENERO!E21+FEBRERO!E21+MARZO!E21+ABRIL!E21+MAYO!E21+#REF!+#REF!+#REF!+#REF!+#REF!+#REF!+#REF!) -> #REF! | F21: =SUM(ENERO!F21+FEBRERO!F21+MARZO!F21+ABRIL!F21+MAYO!F21+#REF!+#REF!+#REF!+#REF!+#REF!+#REF!+#REF!) -> #REF! | G21: =SUM(ENERO!G21+FEBRERO!G21+MARZO!G21+ABRIL!G21+MAYO!G21+#REF!+#REF!+#REF!+#REF!+#REF!+#REF!+#REF!) -> #REF! | H21: =SUM(B21:G21) -> #REF! | I21: 2.57 | K21: TOTAL DE INMUNOHISTOQUIMICA | L21: =SUM(ENERO!K21+FEBRERO!K21+MARZO!K21+ABRIL!K21+MAYO!K21+#REF!+#REF!+#REF!+#REF!+#REF!+#REF!+#REF!) -> #REF! | M21: =SUM(ENERO!L21+FEBRERO!L21+MARZO!L21+ABRIL!L21+MAYO!L21+#REF!+#REF!+#REF!+#REF!+#REF!+#REF!+#REF!) -> #REF! | N21: =SUM(ENERO!M21+FEBRERO!M21+MARZO!M21+ABRIL!M21+MAYO!M21+#REF!+#REF!+#REF!+#REF!+#REF!+#REF!+#REF!) -> #REF! | O21: =SUM(ENERO!N21+FEBRERO!N21+MARZO!N21+ABRIL!N21+MAYO!N21+#REF!+#REF!+#REF!+#REF!+#REF!+#REF!+#REF!) -> #REF! | P21: =SUM(ENERO!O21+FEBRERO!O21+MARZO!O21+ABRIL!O21+MAYO!O21+#REF!+#REF!+#REF!+#REF!+#REF!+#REF!+#REF!) -> #REF! | Q21: =SUM(ENERO!P21+FEBRERO!P21+MARZO!P21+ABRIL!P21+MAYO!P21+#REF!+#REF!+#REF!+#REF!+#REF!+#REF!+#REF!) -> #REF! | R21: =SUM(L21:Q21) -> #REF! | V21: =B23*I23 -> #REF! | W21: =C23*I23 -> #REF! | X21: =D23*I23 -> #REF! | Y21: =E23*I23 -> #REF! | Z21: =F23*I23 -> #REF! | AA21: =G23*I23 -> #REF! | AB21: =V21+X21+Y21+Z21+AA21 -> #REF!
A22: DEPURACION DE CREATININA | B22: =SUM(ENERO!B22+FEBRERO!B22+MARZO!B22+ABRIL!B22+MAYO!B22+#REF!+#REF!+#REF!+#REF!+#REF!+#REF!+#REF!) -> #REF! | C22: =SUM(ENERO!C22+FEBRERO!C22+MARZO!C22+ABRIL!C22+MAYO!C22+#REF!+#REF!+#REF!+#REF!+#REF!+#REF!+#REF!) -> #REF! | D22: =SUM(ENERO!D22+FEBRERO!D22+MARZO!D22+ABRIL!D22+MAYO!D22+#REF!+#REF!+#REF!+#REF!+#REF!+#REF!+#REF!) -> #REF! | E22: =SUM(ENERO!E22+FEBRERO!E22+MARZO!E22+ABRIL!E22+MAYO!E22+#REF!+#REF!+#REF!+#REF!+#REF!+#REF!+#REF!) -> #REF! | F22: =SUM(ENERO!F22+FEBRERO!F22+MARZO!F22+ABRIL!F22+MAYO!F22+#REF!+#REF!+#REF!+#REF!+#REF!+#REF!+#REF!) -> #REF! | G22: =SUM(ENERO!G22+FEBRERO!G22+MARZO!G22+ABRIL!G22+MAYO!G22+#REF!+#REF!+#REF!+#REF!+#REF!+#REF!+#REF!) -> #REF! | H22: =SUM(B22:G22) -> #REF! | I22: 5.14 | K22: TOTAL AUTOPSIA MÉDICO LEGAL | L22: =SUM(ENERO!K22+FEBRERO!K22+MARZO!K22+ABRIL!K22+MAYO!K22+#REF!+#REF!+#REF!+#REF!+#REF!+#REF!+#REF!) -> #REF! | M22: =SUM(ENERO!L22+FEBRERO!L22+MARZO!L22+ABRIL!L22+MAYO!L22+#REF!+#REF!+#REF!+#REF!+#REF!+#REF!+#REF!) -> #REF! | N22: =SUM(ENERO!M22+FEBRERO!M22+MARZO!M22+ABRIL!M22+MAYO!M22+#REF!+#REF!+#REF!+#REF!+#REF!+#REF!+#REF!) -> #REF! | O22: =SUM(ENERO!N22+FEBRERO!N22+MARZO!N22+ABRIL!N22+MAYO!N22+#REF!+#REF!+#REF!+#REF!+#REF!+#REF!+#REF!) -> #REF! | P22: =SUM(ENERO!O22+FEBRERO!O22+MARZO!O22+ABRIL!O22+MAYO!O22+#REF!+#REF!+#REF!+#REF!+#REF!+#REF!+#REF!) -> #REF! | Q22: =SUM(ENERO!P22+FEBRERO!P22+MARZO!P22+ABRIL!P22+MAYO!P22+#REF!+#REF!+#REF!+#REF!+#REF!+#REF!+#REF!) -> #REF! | R22: =SUM(L22:Q22) -> #REF! | V22: =B24*I24 -> #REF! | W22: =C24*I24 -> #REF! | X22: =D24*I24 -> #REF! | Y22: =E24*I24 -> #REF! | Z22: =F24*I24 -> #REF! | AA22: =G24*I24 -> #REF! | AB22: =V22+X22+Y22+Z22+AA22 -> #REF!
A23: MICROALBUMINURIA | B23: =SUM(ENERO!B23+FEBRERO!B23+MARZO!B23+ABRIL!B23+MAYO!B23+#REF!+#REF!+#REF!+#REF!+#REF!+#REF!+#REF!) -> #REF! | C23: =SUM(ENERO!C23+FEBRERO!C23+MARZO!C23+ABRIL!C23+MAYO!C23+#REF!+#REF!+#REF!+#REF!+#REF!+#REF!+#REF!) -> #REF! | D23: =SUM(ENERO!D23+FEBRERO!D23+MARZO!D23+ABRIL!D23+MAYO!D23+#REF!+#REF!+#REF!+#REF!+#REF!+#REF!+#REF!) -> #REF! | E23: =SUM(ENERO!E23+FEBRERO!E23+MARZO!E23+ABRIL!E23+MAYO!E23+#REF!+#REF!+#REF!+#REF!+#REF!+#REF!+#REF!) -> #REF! | F23: =SUM(ENERO!F23+FEBRERO!F23+MARZO!F23+ABRIL!F23+MAYO!F23+#REF!+#REF!+#REF!+#REF!+#REF!+#REF!+#REF!) -> #REF! | G23: =SUM(ENERO!G23+FEBRERO!G23+MARZO!G23+ABRIL!G23+MAYO!G23+#REF!+#REF!+#REF!+#REF!+#REF!+#REF!+#REF!) -> #REF! | H23: =SUM(B23:G23) -> #REF! | I23: 6 | K23: TOTAL AUTOPSIA CLÍNICA | L23: =SUM(ENERO!K23+FEBRERO!K23+MARZO!K23+ABRIL!K23+MAYO!K23+#REF!+#REF!+#REF!+#REF!+#REF!+#REF!+#REF!) -> #REF! | M23: =SUM(ENERO!L23+FEBRERO!L23+MARZO!L23+ABRIL!L23+MAYO!L23+#REF!+#REF!+#REF!+#REF!+#REF!+#REF!+#REF!) -> #REF! | N23: =SUM(ENERO!M23+FEBRERO!M23+MARZO!M23+ABRIL!M23+MAYO!M23+#REF!+#REF!+#REF!+#REF!+#REF!+#REF!+#REF!) -> #REF! | O23: =SUM(ENERO!N23+FEBRERO!N23+MARZO!N23+ABRIL!N23+MAYO!N23+#REF!+#REF!+#REF!+#REF!+#REF!+#REF!+#REF!) -> #REF! | P23: =SUM(ENERO!O23+FEBRERO!O23+MARZO!O23+ABRIL!O23+MAYO!O23+#REF!+#REF!+#REF!+#REF!+#REF!+#REF!+#REF!) -> #REF! | Q23: =SUM(ENERO!P23+FEBRERO!P23+MARZO!P23+ABRIL!P23+MAYO!P23+#REF!+#REF!+#REF!+#REF!+#REF!+#REF!+#REF!) -> #REF! | R23: =SUM(L23:Q23) -> #REF! | V23: =B25*I25 -> #REF! | W23: =C25*I25 -> #REF! | X23: =D25*I25 -> #REF! | Y23: =E25*I25 -> #REF! | Z23: =F25*I25 -> #REF! | AA23: =G25*I25 -> #REF! | AB23: =V23+X23+Y23+Z23+AA23 -> #REF!
A24: UREA | B24: =SUM(ENERO!B24+FEBRERO!B24+MARZO!B24+ABRIL!B24+MAYO!B24+#REF!+#REF!+#REF!+#REF!+#REF!+#REF!+#REF!) -> #REF! | C24: =SUM(ENERO!C24+FEBRERO!C24+MARZO!C24+ABRIL!C24+MAYO!C24+#REF!+#REF!+#REF!+#REF!+#REF!+#REF!+#REF!) -> #REF! | D24: =SUM(ENERO!D24+FEBRERO!D24+MARZO!D24+ABRIL!D24+MAYO!D24+#REF!+#REF!+#REF!+#REF!+#REF!+#REF!+#REF!) -> #REF! | E24: =SUM(ENERO!E24+FEBRERO!E24+MARZO!E24+ABRIL!E24+MAYO!E24+#REF!+#REF!+#REF!+#REF!+#REF!+#REF!+#REF!) -> #REF! | F24: =SUM(ENERO!F24+FEBRERO!F24+MARZO!F24+ABRIL!F24+MAYO!F24+#REF!+#REF!+#REF!+#REF!+#REF!+#REF!+#REF!) -> #REF! | G24: =SUM(ENERO!G24+FEBRERO!G24+MARZO!G24+ABRIL!G24+MAYO!G24+#REF!+#REF!+#REF!+#REF!+#REF!+#REF!+#REF!) -> #REF! | H24: =SUM(B24:G24) -> #REF! | I24: 2.91 | V24: =B26*I26 -> #REF! | W24: =C26*I26 -> #REF! | X24: =D26*I26 -> #REF! | Y24: =E26*I26 -> #REF! | Z24: =F26*I26 -> #REF! | AA24: =G26*I26 -> #REF! | AB24: =V24+X24+Y24+Z24+AA24 -> #REF!
A25: PROTEINURIA 24 HORAS | B25: =SUM(ENERO!B25+FEBRERO!B25+MARZO!B25+ABRIL!B25+MAYO!B25+#REF!+#REF!+#REF!+#REF!+#REF!+#REF!+#REF!) -> #REF! | C25: =SUM(ENERO!C25+FEBRERO!C25+MARZO!C25+ABRIL!C25+MAYO!C25+#REF!+#REF!+#REF!+#REF!+#REF!+#REF!+#REF!) -> #REF! | D25: =SUM(ENERO!D25+FEBRERO!D25+MARZO!D25+ABRIL!D25+MAYO!D25+#REF!+#REF!+#REF!+#REF!+#REF!+#REF!+#REF!) -> #REF! | E25: =SUM(ENERO!E25+FEBRERO!E25+MARZO!E25+ABRIL!E25+MAYO!E25+#REF!+#REF!+#REF!+#REF!+#REF!+#REF!+#REF!) -> #REF! | F25: =SUM(ENERO!F25+FEBRERO!F25+MARZO!F25+ABRIL!F25+MAYO!F25+#REF!+#REF!+#REF!+#REF!+#REF!+#REF!+#REF!) -> #REF! | G25: =SUM(ENERO!G25+FEBRERO!G25+MARZO!G25+ABRIL!G25+MAYO!G25+#REF!+#REF!+#REF!+#REF!+#REF!+#REF!+#REF!) -> #REF! | H25: =SUM(B25:G25) -> #REF! | I25: 3.32 | V25: =B27*I27 -> #REF! | W25: =C27*I27 -> #REF! | X25: =D27*I27 -> #REF! | Y25: =E27*I27 -> #REF! | Z25: =F27*I27 -> #REF! | AA25: =G27*I27 -> #REF! | AB25: =V25+X25+Y25+Z25+AA25 -> #REF!
A26: BILIRRUBINA TOTAL | B26: =SUM(ENERO!B26+FEBRERO!B26+MARZO!B26+ABRIL!B26+MAYO!B26+#REF!+#REF!+#REF!+#REF!+#REF!+#REF!+#REF!) -> #REF! | C26: =SUM(ENERO!C26+FEBRERO!C26+MARZO!C26+ABRIL!C26+MAYO!C26+#REF!+#REF!+#REF!+#REF!+#REF!+#REF!+#REF!) -> #REF! | D26: =SUM(ENERO!D26+FEBRERO!D26+MARZO!D26+ABRIL!D26+MAYO!D26+#REF!+#REF!+#REF!+#REF!+#REF!+#REF!+#REF!) -> #REF! | E26: =SUM(ENERO!E26+FEBRERO!E26+MARZO!E26+ABRIL!E26+MAYO!E26+#REF!+#REF!+#REF!+#REF!+#REF!+#REF!+#REF!) -> #REF! | F26: =SUM(ENERO!F26+FEBRERO!F26+MARZO!F26+ABRIL!F26+MAYO!F26+#REF!+#REF!+#REF!+#REF!+#REF!+#REF!+#REF!) -> #REF! | G26: =SUM(ENERO!G26+FEBRERO!G26+MARZO!G26+ABRIL!G26+MAYO!G26+#REF!+#REF!+#REF!+#REF!+#REF!+#REF!+#REF!) -> #REF! | H26: =SUM(B26:G26) -> #REF! | I26: 1.85 | K26: PROGRAMAS / METAXENICAS | L26: TOTAL | V26: =B28*I28 -> #REF! | W26: =C28*I28 -> #REF! | X26: =D28*I28 -> #REF! | Y26: =E28*I28 -> #REF! | Z26: =F28*I28 -> #REF! | AA26: =G28*I28 -> #REF! | AB26: =V26+X26+Y26+Z26+AA26 -> #REF!
A27: BILIRRUBINA DIRECTA | B27: =SUM(ENERO!B27+FEBRERO!B27+MARZO!B27+ABRIL!B27+MAYO!B27+#REF!+#REF!+#REF!+#REF!+#REF!+#REF!+#REF!) -> #REF! | C27: =SUM(ENERO!C27+FEBRERO!C27+MARZO!C27+ABRIL!C27+MAYO!C27+#REF!+#REF!+#REF!+#REF!+#REF!+#REF!+#REF!) -> #REF! | D27: =SUM(ENERO!D27+FEBRERO!D27+MARZO!D27+ABRIL!D27+MAYO!D27+#REF!+#REF!+#REF!+#REF!+#REF!+#REF!+#REF!) -> #REF! | E27: =SUM(ENERO!E27+FEBRERO!E27+MARZO!E27+ABRIL!E27+MAYO!E27+#REF!+#REF!+#REF!+#REF!+#REF!+#REF!+#REF!) -> #REF! | F27: =SUM(ENERO!F27+FEBRERO!F27+MARZO!F27+ABRIL!F27+MAYO!F27+#REF!+#REF!+#REF!+#REF!+#REF!+#REF!+#REF!) -> #REF! | G27: =SUM(ENERO!G27+FEBRERO!G27+MARZO!G27+ABRIL!G27+MAYO!G27+#REF!+#REF!+#REF!+#REF!+#REF!+#REF!+#REF!) -> #REF! | H27: =SUM(B27:G27) -> #REF! | I27: 1.85 | L27: Hospitaliz | M27: Emergenc | N27: Programa | O27: Privado | P27: Convenio | Q27: Insolvencia | R27: TOTAL | V27: =B29*I29 -> #REF! | W27: =C29*I29 -> #REF! | X27: =D29*I29 -> #REF! | Y27: =E29*I29 -> #REF! | Z27: =F29*I29 -> #REF! | AA27: =G29*I29 -> #REF! | AB27: =V27+X27+Y27+Z27+AA27 -> #REF!
A28: PROTEINAS TOTAL | B28: =SUM(ENERO!B28+FEBRERO!B28+MARZO!B28+ABRIL!B28+MAYO!B28+#REF!+#REF!+#REF!+#REF!+#REF!+#REF!+#REF!) -> #REF! | C28: =SUM(ENERO!C28+FEBRERO!C28+MARZO!C28+ABRIL!C28+MAYO!C28+#REF!+#REF!+#REF!+#REF!+#REF!+#REF!+#REF!) -> #REF! | D28: =SUM(ENERO!D28+FEBRERO!D28+MARZO!D28+ABRIL!D28+MAYO!D28+#REF!+#REF!+#REF!+#REF!+#REF!+#REF!+#REF!) -> #REF! | E28: =SUM(ENERO!E28+FEBRERO!E28+MARZO!E28+ABRIL!E28+MAYO!E28+#REF!+#REF!+#REF!+#REF!+#REF!+#REF!+#REF!) -> #REF! | F28: =SUM(ENERO!F28+FEBRERO!F28+MARZO!F28+ABRIL!F28+MAYO!F28+#REF!+#REF!+#REF!+#REF!+#REF!+#REF!+#REF!) -> #REF! | G28: =SUM(ENERO!G28+FEBRERO!G28+MARZO!G28+ABRIL!G28+MAYO!G28+#REF!+#REF!+#REF!+#REF!+#REF!+#REF!+#REF!) -> #REF! | H28: =SUM(B28:G28) -> #REF! | I28: 2.66 | K28: TOTAL DE EXAMENES | L28: =SUM(L29:L37) -> #REF! | M28: =SUM(M29:M37) -> #REF! | N28: =SUM(N29:N37) -> #REF! | O28: =SUM(O29:O37) -> #REF! | P28: =SUM(P29:P37) -> #REF! | Q28: =SUM(Q29:Q37) -> #REF! | R28: =SUM(L28:Q28) -> #REF! | V28: =B30*I30 -> #REF! | W28: =C30*I30 -> #REF! | X28: =D30*I30 -> #REF! | Y28: =E30*I30 -> #REF! | Z28: =F30*I30 -> #REF! | AA28: =G30*I30 -> #REF! | AB28: =V28+X28+Y28+Z28+AA28 -> #REF!
A29: ALBUMINA | B29: =SUM(ENERO!B29+FEBRERO!B29+MARZO!B29+ABRIL!B29+MAYO!B29+#REF!+#REF!+#REF!+#REF!+#REF!+#REF!+#REF!) -> #REF! | C29: =SUM(ENERO!C29+FEBRERO!C29+MARZO!C29+ABRIL!C29+MAYO!C29+#REF!+#REF!+#REF!+#REF!+#REF!+#REF!+#REF!) -> #REF! | D29: =SUM(ENERO!D29+FEBRERO!D29+MARZO!D29+ABRIL!D29+MAYO!D29+#REF!+#REF!+#REF!+#REF!+#REF!+#REF!+#REF!) -> #REF! | E29: =SUM(ENERO!E29+FEBRERO!E29+MARZO!E29+ABRIL!E29+MAYO!E29+#REF!+#REF!+#REF!+#REF!+#REF!+#REF!+#REF!) -> #REF! | F29: =SUM(ENERO!F29+FEBRERO!F29+MARZO!F29+ABRIL!F29+MAYO!F29+#REF!+#REF!+#REF!+#REF!+#REF!+#REF!+#REF!) -> #REF! | G29: =SUM(ENERO!G29+FEBRERO!G29+MARZO!G29+ABRIL!G29+MAYO!G29+#REF!+#REF!+#REF!+#REF!+#REF!+#REF!+#REF!) -> #REF! | H29: =SUM(B29:G29) -> #REF! | I29: 3.23 | K29: TUBERCULOSIS | L29: =SUM(ENERO!K29+FEBRERO!K29+MARZO!K29+ABRIL!K29+MAYO!K29+#REF!+#REF!+#REF!+#REF!+#REF!+#REF!+#REF!) -> #REF! | M29: =SUM(ENERO!L29+FEBRERO!L29+MARZO!L29+ABRIL!L29+MAYO!L29+#REF!+#REF!+#REF!+#REF!+#REF!+#REF!+#REF!) -> #REF! | N29: =SUM(ENERO!M29+FEBRERO!M29+MARZO!M29+ABRIL!M29+MAYO!M29+#REF!+#REF!+#REF!+#REF!+#REF!+#REF!+#REF!) -> #REF! | O29: =SUM(ENERO!N29+FEBRERO!N29+MARZO!N29+ABRIL!N29+MAYO!N29+#REF!+#REF!+#REF!+#REF!+#REF!+#REF!+#REF!) -> #REF! | P29: =SUM(ENERO!O29+FEBRERO!O29+MARZO!O29+ABRIL!O29+MAYO!O29+#REF!+#REF!+#REF!+#REF!+#REF!+#REF!+#REF!) -> #REF! | Q29: =SUM(ENERO!P29+FEBRERO!P29+MARZO!P29+ABRIL!P29+MAYO!P29+#REF!+#REF!+#REF!+#REF!+#REF!+#REF!+#REF!) -> #REF! | R29: =SUM(L29:Q29) -> #REF! | V29: =B31*I31 -> #REF! | W29: =C31*I31 -> #REF! | X29: =D31*I31 -> #REF! | Y29: =E31*I31 -> #REF! | Z29: =F31*I31 -> #REF! | AA29: =G31*I31 -> #REF! | AB29: =V29+X29+Y29+Z29+AA29 -> #REF!
A30: TGO | B30: =SUM(ENERO!B30+FEBRERO!B30+MARZO!B30+ABRIL!B30+MAYO!B30+#REF!+#REF!+#REF!+#REF!+#REF!+#REF!+#REF!) -> #REF! | C30: =SUM(ENERO!C30+FEBRERO!C30+MARZO!C30+ABRIL!C30+MAYO!C30+#REF!+#REF!+#REF!+#REF!+#REF!+#REF!+#REF!) -> #REF! | D30: =SUM(ENERO!D30+FEBRERO!D30+MARZO!D30+ABRIL!D30+MAYO!D30+#REF!+#REF!+#REF!+#REF!+#REF!+#REF!+#REF!) -> #REF! | E30: =SUM(ENERO!E30+FEBRERO!E30+MARZO!E30+ABRIL!E30+MAYO!E30+#REF!+#REF!+#REF!+#REF!+#REF!+#REF!+#REF!) -> #REF! | F30: =SUM(ENERO!F30+FEBRERO!F30+MARZO!F30+ABRIL!F30+MAYO!F30+#REF!+#REF!+#REF!+#REF!+#REF!+#REF!+#REF!) -> #REF! | G30: =SUM(ENERO!G30+FEBRERO!G30+MARZO!G30+ABRIL!G30+MAYO!G30+#REF!+#REF!+#REF!+#REF!+#REF!+#REF!+#REF!) -> #REF! | H30: =SUM(B30:G30) -> #REF! | I30: 1.83 | K30: LEISHMANIA | L30: =SUM(ENERO!K30+FEBRERO!K30+MARZO!K30+ABRIL!K30+MAYO!K30+#REF!+#REF!+#REF!+#REF!+#REF!+#REF!+#REF!) -> #REF! | M30: =SUM(ENERO!L30+FEBRERO!L30+MARZO!L30+ABRIL!L30+MAYO!L30+#REF!+#REF!+#REF!+#REF!+#REF!+#REF!+#REF!) -> #REF! | N30: =SUM(ENERO!M30+FEBRERO!M30+MARZO!M30+ABRIL!M30+MAYO!M30+#REF!+#REF!+#REF!+#REF!+#REF!+#REF!+#REF!) -> #REF! | O30: =SUM(ENERO!N30+FEBRERO!N30+MARZO!N30+ABRIL!N30+MAYO!N30+#REF!+#REF!+#REF!+#REF!+#REF!+#REF!+#REF!) -> #REF! | P30: =SUM(ENERO!O30+FEBRERO!O30+MARZO!O30+ABRIL!O30+MAYO!O30+#REF!+#REF!+#REF!+#REF!+#REF!+#REF!+#REF!) -> #REF! | Q30: =SUM(ENERO!P30+FEBRERO!P30+MARZO!P30+ABRIL!P30+MAYO!P30+#REF!+#REF!+#REF!+#REF!+#REF!+#REF!+#REF!) -> #REF! | R30: =SUM(L30:Q30) -> #REF! | V30: =B32*I32 -> #REF! | W30: =C32*I32 -> #REF! | X30: =D32*I32 -> #REF! | Y30: =E32*I32 -> #REF! | Z30: =F32*I32 -> #REF! | AA30: =G32*I32 -> #REF! | AB30: =V30+X30+Y30+Z30+AA30 -> #REF!
A31: TGP | B31: =SUM(ENERO!B31+FEBRERO!B31+MARZO!B31+ABRIL!B31+MAYO!B31+#REF!+#REF!+#REF!+#REF!+#REF!+#REF!+#REF!) -> #REF! | C31: =SUM(ENERO!C31+FEBRERO!C31+MARZO!C31+ABRIL!C31+MAYO!C31+#REF!+#REF!+#REF!+#REF!+#REF!+#REF!+#REF!) -> #REF! | D31: =SUM(ENERO!D31+FEBRERO!D31+MARZO!D31+ABRIL!D31+MAYO!D31+#REF!+#REF!+#REF!+#REF!+#REF!+#REF!+#REF!) -> #REF! | E31: =SUM(ENERO!E31+FEBRERO!E31+MARZO!E31+ABRIL!E31+MAYO!E31+#REF!+#REF!+#REF!+#REF!+#REF!+#REF!+#REF!) -> #REF! | F31: =SUM(ENERO!F31+FEBRERO!F31+MARZO!F31+ABRIL!F31+MAYO!F31+#REF!+#REF!+#REF!+#REF!+#REF!+#REF!+#REF!) -> #REF! | G31: =SUM(ENERO!G31+FEBRERO!G31+MARZO!G31+ABRIL!G31+MAYO!G31+#REF!+#REF!+#REF!+#REF!+#REF!+#REF!+#REF!) -> #REF! | H31: =SUM(B31:G31) -> #REF! | I31: 1.84 | K31: PROGRAMA LEPRAE | L31: =SUM(ENERO!K31+FEBRERO!K31+MARZO!K31+ABRIL!K31+MAYO!K31+#REF!+#REF!+#REF!+#REF!+#REF!+#REF!+#REF!) -> #REF! | M31: =SUM(ENERO!L31+FEBRERO!L31+MARZO!L31+ABRIL!L31+MAYO!L31+#REF!+#REF!+#REF!+#REF!+#REF!+#REF!+#REF!) -> #REF! | N31: =SUM(ENERO!M31+FEBRERO!M31+MARZO!M31+ABRIL!M31+MAYO!M31+#REF!+#REF!+#REF!+#REF!+#REF!+#REF!+#REF!) -> #REF! | O31: =SUM(ENERO!N31+FEBRERO!N31+MARZO!N31+ABRIL!N31+MAYO!N31+#REF!+#REF!+#REF!+#REF!+#REF!+#REF!+#REF!) -> #REF! | P31: =SUM(ENERO!O31+FEBRERO!O31+MARZO!O31+ABRIL!O31+MAYO!O31+#REF!+#REF!+#REF!+#REF!+#REF!+#REF!+#REF!) -> #REF! | Q31: =SUM(ENERO!P31+FEBRERO!P31+MARZO!P31+ABRIL!P31+MAYO!P31+#REF!+#REF!+#REF!+#REF!+#REF!+#REF!+#REF!) -> #REF! | R31: =SUM(L31:Q31) -> #REF! | V31: =B33*I33 -> #REF! | W31: =C33*I33 -> #REF! | X31: =D33*I33 -> #REF! | Y31: =E33*I33 -> #REF! | Z31: =F33*I33 -> #REF! | AA31: =G33*I33 -> #REF! | AB31: =V31+X31+Y31+Z31+AA31 -> #REF!
A32: GGTP | B32: =SUM(ENERO!B32+FEBRERO!B32+MARZO!B32+ABRIL!B32+MAYO!B32+#REF!+#REF!+#REF!+#REF!+#REF!+#REF!+#REF!) -> #REF! | C32: =SUM(ENERO!C32+FEBRERO!C32+MARZO!C32+ABRIL!C32+MAYO!C32+#REF!+#REF!+#REF!+#REF!+#REF!+#REF!+#REF!) -> #REF! | D32: =SUM(ENERO!D32+FEBRERO!D32+MARZO!D32+ABRIL!D32+MAYO!D32+#REF!+#REF!+#REF!+#REF!+#REF!+#REF!+#REF!) -> #REF! | E32: =SUM(ENERO!E32+FEBRERO!E32+MARZO!E32+ABRIL!E32+MAYO!E32+#REF!+#REF!+#REF!+#REF!+#REF!+#REF!+#REF!) -> #REF! | F32: =SUM(ENERO!F32+FEBRERO!F32+MARZO!F32+ABRIL!F32+MAYO!F32+#REF!+#REF!+#REF!+#REF!+#REF!+#REF!+#REF!) -> #REF! | G32: =SUM(ENERO!G32+FEBRERO!G32+MARZO!G32+ABRIL!G32+MAYO!G32+#REF!+#REF!+#REF!+#REF!+#REF!+#REF!+#REF!) -> #REF! | H32: =SUM(B32:G32) -> #REF! | I32: 4.55 | K32: MALARIA | L32: =SUM(ENERO!K32+FEBRERO!K32+MARZO!K32+ABRIL!K32+MAYO!K32+#REF!+#REF!+#REF!+#REF!+#REF!+#REF!+#REF!) -> #REF! | M32: =SUM(ENERO!L32+FEBRERO!L32+MARZO!L32+ABRIL!L32+MAYO!L32+#REF!+#REF!+#REF!+#REF!+#REF!+#REF!+#REF!) -> #REF! | N32: =SUM(ENERO!M32+FEBRERO!M32+MARZO!M32+ABRIL!M32+MAYO!M32+#REF!+#REF!+#REF!+#REF!+#REF!+#REF!+#REF!) -> #REF! | O32: =SUM(ENERO!N32+FEBRERO!N32+MARZO!N32+ABRIL!N32+MAYO!N32+#REF!+#REF!+#REF!+#REF!+#REF!+#REF!+#REF!) -> #REF! | P32: =SUM(ENERO!O32+FEBRERO!O32+MARZO!O32+ABRIL!O32+MAYO!O32+#REF!+#REF!+#REF!+#REF!+#REF!+#REF!+#REF!) -> #REF! | Q32: =SUM(ENERO!P32+FEBRERO!P32+MARZO!P32+ABRIL!P32+MAYO!P32+#REF!+#REF!+#REF!+#REF!+#REF!+#REF!+#REF!) -> #REF! | R32: =SUM(L32:Q32) -> #REF! | V32: =B34*I34 -> #REF! | W32: =C34*I34 -> #REF! | X32: =D34*I34 -> #REF! | Y32: =E34*I34 -> #REF! | Z32: =F34*I34 -> #REF! | AA32: =G34*I34 -> #REF! | AB32: =V32+X32+Y32+Z32+AA32 -> #REF!
A33: LACTATO DESHIDROGENASA (DHL) | B33: =SUM(ENERO!B33+FEBRERO!B33+MARZO!B33+ABRIL!B33+MAYO!B33+#REF!+#REF!+#REF!+#REF!+#REF!+#REF!+#REF!) -> #REF! | C33: =SUM(ENERO!C33+FEBRERO!C33+MARZO!C33+ABRIL!C33+MAYO!C33+#REF!+#REF!+#REF!+#REF!+#REF!+#REF!+#REF!) -> #REF! | D33: =SUM(ENERO!D33+FEBRERO!D33+MARZO!D33+ABRIL!D33+MAYO!D33+#REF!+#REF!+#REF!+#REF!+#REF!+#REF!+#REF!) -> #REF! | E33: =SUM(ENERO!E33+FEBRERO!E33+MARZO!E33+ABRIL!E33+MAYO!E33+#REF!+#REF!+#REF!+#REF!+#REF!+#REF!+#REF!) -> #REF! | F33: =SUM(ENERO!F33+FEBRERO!F33+MARZO!F33+ABRIL!F33+MAYO!F33+#REF!+#REF!+#REF!+#REF!+#REF!+#REF!+#REF!) -> #REF! | G33: =SUM(ENERO!G33+FEBRERO!G33+MARZO!G33+ABRIL!G33+MAYO!G33+#REF!+#REF!+#REF!+#REF!+#REF!+#REF!+#REF!) -> #REF! | H33: =SUM(B33:G33) -> #REF! | I33: 2.82 | K33: METAXENICAS (REFERENCIAL) | L33: =SUM(ENERO!K33+FEBRERO!K33+MARZO!K33+ABRIL!K33+MAYO!K33+#REF!+#REF!+#REF!+#REF!+#REF!+#REF!+#REF!) -> #REF! | M33: =SUM(ENERO!L33+FEBRERO!L33+MARZO!L33+ABRIL!L33+MAYO!L33+#REF!+#REF!+#REF!+#REF!+#REF!+#REF!+#REF!) -> #REF! | N33: =SUM(ENERO!M33+FEBRERO!M33+MARZO!M33+ABRIL!M33+MAYO!M33+#REF!+#REF!+#REF!+#REF!+#REF!+#REF!+#REF!) -> #REF! | O33: =SUM(ENERO!N33+FEBRERO!N33+MARZO!N33+ABRIL!N33+MAYO!N33+#REF!+#REF!+#REF!+#REF!+#REF!+#REF!+#REF!) -> #REF! | P33: =SUM(ENERO!O33+FEBRERO!O33+MARZO!O33+ABRIL!O33+MAYO!O33+#REF!+#REF!+#REF!+#REF!+#REF!+#REF!+#REF!) -> #REF! | Q33: =SUM(ENERO!P33+FEBRERO!P33+MARZO!P33+ABRIL!P33+MAYO!P33+#REF!+#REF!+#REF!+#REF!+#REF!+#REF!+#REF!) -> #REF! | R33: =SUM(L33:Q33) -> #REF! | V33: =B35*I35 -> #REF! | W33: =C35*I35 -> #REF! | X33: =D35*I35 -> #REF! | Y33: =E35*I35 -> #REF! | Z33: =F35*I35 -> #REF! | AA33: =G35*I35 -> #REF! | AB33: =V33+X33+Y33+Z33+AA33 -> #REF!
A34: PROTEINA C REACTIVA (CUANTITATIVO) | B34: =SUM(ENERO!B34+FEBRERO!B34+MARZO!B34+ABRIL!B34+MAYO!B34+#REF!+#REF!+#REF!+#REF!+#REF!+#REF!+#REF!) -> #REF! | C34: =SUM(ENERO!C34+FEBRERO!C34+MARZO!C34+ABRIL!C34+MAYO!C34+#REF!+#REF!+#REF!+#REF!+#REF!+#REF!+#REF!) -> #REF! | D34: =SUM(ENERO!D34+FEBRERO!D34+MARZO!D34+ABRIL!D34+MAYO!D34+#REF!+#REF!+#REF!+#REF!+#REF!+#REF!+#REF!) -> #REF! | E34: =SUM(ENERO!E34+FEBRERO!E34+MARZO!E34+ABRIL!E34+MAYO!E34+#REF!+#REF!+#REF!+#REF!+#REF!+#REF!+#REF!) -> #REF! | F34: =SUM(ENERO!F34+FEBRERO!F34+MARZO!F34+ABRIL!F34+MAYO!F34+#REF!+#REF!+#REF!+#REF!+#REF!+#REF!+#REF!) -> #REF! | G34: =SUM(ENERO!G34+FEBRERO!G34+MARZO!G34+ABRIL!G34+MAYO!G34+#REF!+#REF!+#REF!+#REF!+#REF!+#REF!+#REF!) -> #REF! | H34: =SUM(B34:G34) -> #REF! | I34: 9.33 | K34: CULTIVO DE TB (REFERENCIAL) | L34: =SUM(ENERO!K34+FEBRERO!K34+MARZO!K34+ABRIL!K34+MAYO!K34+#REF!+#REF!+#REF!+#REF!+#REF!+#REF!+#REF!) -> #REF! | M34: =SUM(ENERO!L34+FEBRERO!L34+MARZO!L34+ABRIL!L34+MAYO!L34+#REF!+#REF!+#REF!+#REF!+#REF!+#REF!+#REF!) -> #REF! | N34: =SUM(ENERO!M34+FEBRERO!M34+MARZO!M34+ABRIL!M34+MAYO!M34+#REF!+#REF!+#REF!+#REF!+#REF!+#REF!+#REF!) -> #REF! | O34: =SUM(ENERO!N34+FEBRERO!N34+MARZO!N34+ABRIL!N34+MAYO!N34+#REF!+#REF!+#REF!+#REF!+#REF!+#REF!+#REF!) -> #REF! | P34: =SUM(ENERO!O34+FEBRERO!O34+MARZO!O34+ABRIL!O34+MAYO!O34+#REF!+#REF!+#REF!+#REF!+#REF!+#REF!+#REF!) -> #REF! | Q34: =SUM(ENERO!P34+FEBRERO!P34+MARZO!P34+ABRIL!P34+MAYO!P34+#REF!+#REF!+#REF!+#REF!+#REF!+#REF!+#REF!) -> #REF! | R34: =SUM(L34:Q34) -> #REF! | V34: =B36*I36 -> #REF! | W34: =C36*I36 -> #REF! | X34: =D36*I36 -> #REF! | Y34: =E36*I36 -> #REF! | Z34: =F36*I36 -> #REF! | AA34: =G36*I36 -> #REF! | AB34: =V34+X34+Y34+Z34+AA34 -> #REF!
A35: FOSFATASA ALCALINA | B35: =SUM(ENERO!B35+FEBRERO!B35+MARZO!B35+ABRIL!B35+MAYO!B35+#REF!+#REF!+#REF!+#REF!+#REF!+#REF!+#REF!) -> #REF! | C35: =SUM(ENERO!C35+FEBRERO!C35+MARZO!C35+ABRIL!C35+MAYO!C35+#REF!+#REF!+#REF!+#REF!+#REF!+#REF!+#REF!) -> #REF! | D35: =SUM(ENERO!D35+FEBRERO!D35+MARZO!D35+ABRIL!D35+MAYO!D35+#REF!+#REF!+#REF!+#REF!+#REF!+#REF!+#REF!) -> #REF! | E35: =SUM(ENERO!E35+FEBRERO!E35+MARZO!E35+ABRIL!E35+MAYO!E35+#REF!+#REF!+#REF!+#REF!+#REF!+#REF!+#REF!) -> #REF! | F35: =SUM(ENERO!F35+FEBRERO!F35+MARZO!F35+ABRIL!F35+MAYO!F35+#REF!+#REF!+#REF!+#REF!+#REF!+#REF!+#REF!) -> #REF! | G35: =SUM(ENERO!G35+FEBRERO!G35+MARZO!G35+ABRIL!G35+MAYO!G35+#REF!+#REF!+#REF!+#REF!+#REF!+#REF!+#REF!) -> #REF! | H35: =SUM(B35:G35) -> #REF! | I35: 3.49 | K35: PRUEBA RAPIDA DE DENGUE | L35: =SUM(ENERO!K35+FEBRERO!K35+MARZO!K35+ABRIL!K35+MAYO!K35+#REF!+#REF!+#REF!+#REF!+#REF!+#REF!+#REF!) -> #REF! | M35: =SUM(ENERO!L35+FEBRERO!L35+MARZO!L35+ABRIL!L35+MAYO!L35+#REF!+#REF!+#REF!+#REF!+#REF!+#REF!+#REF!) -> #REF! | N35: =SUM(ENERO!M35+FEBRERO!M35+MARZO!M35+ABRIL!M35+MAYO!M35+#REF!+#REF!+#REF!+#REF!+#REF!+#REF!+#REF!) -> #REF! | O35: =SUM(ENERO!N35+FEBRERO!N35+MARZO!N35+ABRIL!N35+MAYO!N35+#REF!+#REF!+#REF!+#REF!+#REF!+#REF!+#REF!) -> #REF! | P35: =SUM(ENERO!O35+FEBRERO!O35+MARZO!O35+ABRIL!O35+MAYO!O35+#REF!+#REF!+#REF!+#REF!+#REF!+#REF!+#REF!) -> #REF! | Q35: =SUM(ENERO!P35+FEBRERO!P35+MARZO!P35+ABRIL!P35+MAYO!P35+#REF!+#REF!+#REF!+#REF!+#REF!+#REF!+#REF!) -> #REF! | R35: =SUM(L35:Q35) -> #REF! | V35: =B37*I37 -> #REF! | W35: =C37*I37 -> #REF! | X35: =D37*I37 -> #REF! | Y35: =E37*I37 -> #REF! | Z35: =F37*I37 -> #REF! | AA35: =G37*I37 -> #REF! | AB35: =V35+X35+Y35+Z35+AA35 -> #REF!
A36: CPK TOTAL | B36: =SUM(ENERO!B36+FEBRERO!B36+MARZO!B36+ABRIL!B36+MAYO!B36+#REF!+#REF!+#REF!+#REF!+#REF!+#REF!+#REF!) -> #REF! | C36: =SUM(ENERO!C36+FEBRERO!C36+MARZO!C36+ABRIL!C36+MAYO!C36+#REF!+#REF!+#REF!+#REF!+#REF!+#REF!+#REF!) -> #REF! | D36: =SUM(ENERO!D36+FEBRERO!D36+MARZO!D36+ABRIL!D36+MAYO!D36+#REF!+#REF!+#REF!+#REF!+#REF!+#REF!+#REF!) -> #REF! | E36: =SUM(ENERO!E36+FEBRERO!E36+MARZO!E36+ABRIL!E36+MAYO!E36+#REF!+#REF!+#REF!+#REF!+#REF!+#REF!+#REF!) -> #REF! | F36: =SUM(ENERO!F36+FEBRERO!F36+MARZO!F36+ABRIL!F36+MAYO!F36+#REF!+#REF!+#REF!+#REF!+#REF!+#REF!+#REF!) -> #REF! | G36: =SUM(ENERO!G36+FEBRERO!G36+MARZO!G36+ABRIL!G36+MAYO!G36+#REF!+#REF!+#REF!+#REF!+#REF!+#REF!+#REF!) -> #REF! | H36: =SUM(B36:G36) -> #REF! | I36: 8 | K36: PRUEBA RÁPIDA DE LEPTOSPIRA | L36: =SUM(ENERO!K36+FEBRERO!K37+MARZO!K37+ABRIL!K37+MAYO!K37+#REF!+#REF!+#REF!+#REF!+#REF!+#REF!+#REF!) -> #REF! | M36: =SUM(ENERO!L36+FEBRERO!L37+MARZO!L37+ABRIL!L37+MAYO!L37+#REF!+#REF!+#REF!+#REF!+#REF!+#REF!+#REF!) -> #REF! | N36: =SUM(ENERO!M36+FEBRERO!M37+MARZO!M37+ABRIL!M37+MAYO!M37+#REF!+#REF!+#REF!+#REF!+#REF!+#REF!+#REF!) -> #REF! | O36: =SUM(ENERO!N36+FEBRERO!N37+MARZO!N37+ABRIL!N37+MAYO!N37+#REF!+#REF!+#REF!+#REF!+#REF!+#REF!+#REF!) -> #REF! | P36: =SUM(ENERO!O36+FEBRERO!O37+MARZO!O37+ABRIL!O37+MAYO!O37+#REF!+#REF!+#REF!+#REF!+#REF!+#REF!+#REF!) -> #REF! | Q36: =SUM(ENERO!P36+FEBRERO!P37+MARZO!P37+ABRIL!P37+MAYO!P37+#REF!+#REF!+#REF!+#REF!+#REF!+#REF!+#REF!) -> #REF! | R36: =SUM(L36:Q36) -> #REF! | V36: =B38*I38 -> #REF! | W36: =C38*I38 -> #REF! | X36: =D38*I38 -> #REF! | Y36: =E38*I38 -> #REF! | Z36: =F38*I38 -> #REF! | AA36: =G38*I38 -> #REF! | AB36: =V36+X36+Y36+Z36+AA36 -> #REF!
A37: CPK MB | B37: =SUM(ENERO!B37+FEBRERO!B37+MARZO!B37+ABRIL!B37+MAYO!B37+#REF!+#REF!+#REF!+#REF!+#REF!+#REF!+#REF!) -> #REF! | C37: =SUM(ENERO!C37+FEBRERO!C37+MARZO!C37+ABRIL!C37+MAYO!C37+#REF!+#REF!+#REF!+#REF!+#REF!+#REF!+#REF!) -> #REF! | D37: =SUM(ENERO!D37+FEBRERO!D37+MARZO!D37+ABRIL!D37+MAYO!D37+#REF!+#REF!+#REF!+#REF!+#REF!+#REF!+#REF!) -> #REF! | E37: =SUM(ENERO!E37+FEBRERO!E37+MARZO!E37+ABRIL!E37+MAYO!E37+#REF!+#REF!+#REF!+#REF!+#REF!+#REF!+#REF!) -> #REF! | F37: =SUM(ENERO!F37+FEBRERO!F37+MARZO!F37+ABRIL!F37+MAYO!F37+#REF!+#REF!+#REF!+#REF!+#REF!+#REF!+#REF!) -> #REF! | G37: =SUM(ENERO!G37+FEBRERO!G37+MARZO!G37+ABRIL!G37+MAYO!G37+#REF!+#REF!+#REF!+#REF!+#REF!+#REF!+#REF!) -> #REF! | H37: =SUM(B37:G37) -> #REF! | I37: 7.74 | K37: PRUEBA RAPIDA DE COVID | L37: =SUM(ENERO!K37+FEBRERO!K37+MARZO!K37+ABRIL!K37+MAYO!K37+#REF!+#REF!+#REF!+#REF!+#REF!+#REF!+#REF!) -> #REF! | M37: =SUM(ENERO!L37+FEBRERO!L37+MARZO!L37+ABRIL!L37+MAYO!L37+#REF!+#REF!+#REF!+#REF!+#REF!+#REF!+#REF!) -> #REF! | N37: =SUM(ENERO!M37+FEBRERO!M37+MARZO!M37+ABRIL!M37+MAYO!M37+#REF!+#REF!+#REF!+#REF!+#REF!+#REF!+#REF!) -> #REF! | O37: =SUM(ENERO!N37+FEBRERO!N37+MARZO!N37+ABRIL!N37+MAYO!N37+#REF!+#REF!+#REF!+#REF!+#REF!+#REF!+#REF!) -> #REF! | P37: =SUM(ENERO!O37+FEBRERO!O37+MARZO!O37+ABRIL!O37+MAYO!O37+#REF!+#REF!+#REF!+#REF!+#REF!+#REF!+#REF!) -> #REF! | Q37: =SUM(ENERO!P37+FEBRERO!P37+MARZO!P37+ABRIL!P37+MAYO!P37+#REF!+#REF!+#REF!+#REF!+#REF!+#REF!+#REF!) -> #REF! | R37: =SUM(L37:Q37) -> #REF! | V37: =B39*I39 -> #REF! | W37: =C39*I39 -> #REF! | X37: =D39*I39 -> #REF! | Y37: =E39*I39 -> #REF! | Z37: =F39*I39 -> #REF! | AA37: =G39*I39 -> #REF! | AB37: =V37+X37+Y37+Z37+AA37 -> #REF!
A38: COLESTEROL | B38: =SUM(ENERO!B38+FEBRERO!B38+MARZO!B38+ABRIL!B38+MAYO!B38+#REF!+#REF!+#REF!+#REF!+#REF!+#REF!+#REF!) -> #REF! | C38: =SUM(ENERO!C38+FEBRERO!C38+MARZO!C38+ABRIL!C38+MAYO!C38+#REF!+#REF!+#REF!+#REF!+#REF!+#REF!+#REF!) -> #REF! | D38: =SUM(ENERO!D38+FEBRERO!D38+MARZO!D38+ABRIL!D38+MAYO!D38+#REF!+#REF!+#REF!+#REF!+#REF!+#REF!+#REF!) -> #REF! | E38: =SUM(ENERO!E38+FEBRERO!E38+MARZO!E38+ABRIL!E38+MAYO!E38+#REF!+#REF!+#REF!+#REF!+#REF!+#REF!+#REF!) -> #REF! | F38: =SUM(ENERO!F38+FEBRERO!F38+MARZO!F38+ABRIL!F38+MAYO!F38+#REF!+#REF!+#REF!+#REF!+#REF!+#REF!+#REF!) -> #REF! | G38: =SUM(ENERO!G38+FEBRERO!G38+MARZO!G38+ABRIL!G38+MAYO!G38+#REF!+#REF!+#REF!+#REF!+#REF!+#REF!+#REF!) -> #REF! | H38: =SUM(B38:G38) -> #REF! | I38: 2.58 | V38: =B40*I40 -> #REF! | W38: =C40*I40 -> #REF! | X38: =D40*I40 -> #REF! | Y38: =E40*I40 -> #REF! | Z38: =F40*I40 -> #REF! | AA38: =G40*I40 -> #REF! | AB38: =V38+X38+Y38+Z38+AA38 -> #REF!
