Workbook

Sheet ENERO
A4: Establecimiento de Salud informante: | B4: HOSPITAL REGIONAL DE LORETO | K4: Mes: | L4: ENERO
A6: Código Renaes: | B6: 3 | K6: Año: | L6: 2025
A9: PATOLOGÍA CLÍNICA | B9: TOTAL | J9: ANATOMÍA PATOLÓGICA | K9: TOTAL
B10: Hospitaliz | C10: Emergenc | D10: C. Externa | E10: Privado | F10: Convenio | G10: Insolvencia | H10: TOTAL | K10: Hospitaliz | L10: Emergenc | M10: C. Externa | N10: Privado | O10: Convenio | P10: Insolvencia | Q10: TOTAL
A11: TOTAL DE EXAMENES LABORATORIO | B11: =B12+B51+B69+B82+B95 -> 15115 | C11: =C12+C51+C69+C82+C95 -> 18132 | D11: =D12+D51+D69+D82+D95 -> 13395 | E11: =E12+E51+E69+E82+E95 -> 1085 | F11: =F12+F51+F69+F82+F95 -> 512 | G11: =G12+G51+G69+G82+G95 -> 0 | H11: =SUM(B11:G11) -> 48239 | J11: TOTAL EXAMENES ANATOMIA PATOLOGICA | K11: =SUM(K12:K23) -> 322 | L11: =SUM(L12:L23) -> 0 | M11: =SUM(M12:M23) -> 691 | N11: =SUM(N12:N23) -> 4 | O11: =SUM(O12:O23) -> 0 | P11: =SUM(P12:P23) -> 0 | Q11: =SUM(K11:P11) -> 1017
A12: TOTAL EXAMENES BIOQUÍMICOS | B12: =SUM(B13:B50) -> 8489 | C12: =SUM(C13:C50) -> 11118 | D12: =SUM(D13:D50) -> 7826 | E12: =SUM(E13:E50) -> 621 | F12: =SUM(F13:F50) -> 318 | G12: =SUM(G13:G50) -> 0 | H12: =SUM(B12:G12) -> 28372 | J12: TOTAL EXAMENES CITOLÓGICOS (PAP) | K12: 0 | L12: 0 | M12: 10 | N12: 1 | O12: 0 | P12: 0 | Q12: =SUM(K12:P12) -> 11
A13: ACIDO URICO | B13: 1 | C13: 0 | D13: 3 | E13: 7 | F13: 4 | G13: 0 | H13: =SUM(B13:G13) -> 15 | J13: TOTAL BAAF | K13: 0 | L13: 0 | M13: 10 | N13: 0 | O13: 0 | P13: 0 | Q13: =SUM(K13:P13) -> 10
A14: CALCIO | B14: 37 | C14: 1 | D14: 40 | E14: 3 | F14: 1 | G14: 0 | H14: =SUM(B14:G14) -> 82 | J14: TOTAL EXAMENES HISTOPATOLÓGICOS (Biopsia) | K14: 2 | L14: 0 | M14: 20 | N14: 2 | O14: 0 | P14: 0 | Q14: =SUM(K14:P14) -> 24
A15: AMILASA | B15: 18 | C15: 134 | D15: 12 | E15: 6 | F15: 0 | G15: 0 | H15: =SUM(B15:G15) -> 170 | J15: TOTAL PIEZA QUIRURGICA (HISTOLOGIA) | K15: 54 | L15: 0 | M15: 30 | N15: 1 | O15: 0 | P15: 0 | Q15: =SUM(K15:P15) -> 85
A16: GLUCOSA | B16: 750 | C16: 1554 | D16: 860 | E16: 63 | F16: 39 | G16: 0 | H16: =SUM(B16:G16) -> 3266 | J16: TOTAL CITOLOGIA ESPECIAL | K16: 0 | L16: 0 | M16: 5 | N16: 0 | O16: 0 | P16: 0 | Q16: =SUM(K16:P16) -> 5
A17: GLUCOSA POST PRANDIAL | B17: 0 | C17: 0 | D17: 10 | E17: 0 | F17: 1 | G17: 0 | H17: =SUM(B17:G17) -> 11 | J17: TOTAL DE TEJIDOS INCLUIDOS | K17: 86 | L17: 0 | M17: 200 | N17: 0 | O17: 0 | P17: 0 | Q17: =SUM(K17:P17) -> 286
A18: FOSFORO | B18: 18 | C18: 1 | D18: 19 | E18: 2 | F18: 0 | G18: 0 | H18: =SUM(B18:G18) -> 40 | J18: TOTAL DE CORTES DE TEJIDOS | K18: 90 | L18: 0 | M18: 200 | N18: 0 | O18: 0 | P18: 0 | Q18: =SUM(K18:P18) -> 290
A19: HEMOGLOBINA GLICOSILADA | B19: 97 | C19: 11 | D19: 177 | E19: 11 | F19: 14 | G19: 0 | H19: =SUM(B19:G19) -> 310 | J19: TOTAL DE LÁMINAS MONTADAS | K19: 90 | L19: 0 | M19: 200 | N19: 0 | O19: 0 | P19: 0 | Q19: =SUM(K19:P19) -> 290
A20: TOLERANCIA A LA GLUCOSA | B20: 0 | C20: 0 | D20: 10 | E20: 4 | F20: 2 | G20: 0 | H20: =SUM(B20:G20) -> 16 | J20: TOTAL DE HISTOQUIMICA | K20: 0 | L20: 0 | M20: 16 | N20: 0 | O20: 0 | P20: 0 | Q20: =SUM(K20:P20) -> 16
A21: CREATININA | B21: 806 | C21: 1589 | D21: 810 | E21: 63 | F21: 39 | G21: 0 | H21: =SUM(B21:G21) -> 3307 | J21: TOTAL DE INMUNOHISTOQUIMICA
A22: DEPURACION DE CREATININA | B22: 8 | C22: 0 | D22: 7 | E22: 0 | F22: 2 | G22: 0 | H22: =SUM(B22:G22) -> 17 | J22: TOTAL AUTOPSIA MÉDICO LEGAL | K22: 0 | L22: 0 | M22: 0 | N22: 0 | O22: 0 | P22: 0 | Q22: =SUM(K22:P22) -> 0
A23: MICROALBUMINURIA | J23: TOTAL AUTOPSIA CLÍNICA | K23: 0 | L23: 0 | M23: 0 | N23: 0 | O23: 0 | P23: 0 | Q23: =SUM(K23:P23) -> 0
A24: UREA | B24: 827 | C24: 1587 | D24: 792 | E24: 58 | F24: 39 | G24: 0 | H24: =SUM(B24:G24) -> 3303
A25: PROTEINURIA 24 HORAS | B25: 60 | C25: 8 | D25: 81 | E25: 7 | F25: 2 | G25: 0 | H25: =SUM(B25:G25) -> 158
A26: BILIRRUBINA TOTAL | B26: 608 | C26: 500 | D26: 302 | E26: 26 | F26: 10 | G26: 0 | H26: =SUM(B26:G26) -> 1446 | J26: PROGRAMAS / METAXENICAS | K26: TOTAL
A27: BILIRRUBINA DIRECTA | B27: 608 | C27: 500 | D27: 302 | E27: 26 | F27: 10 | G27: 0 | H27: =SUM(B27:G27) -> 1446 | K27: Hospitaliz | L27: Emergenc | M27: C. Externa | N27: Privado | O27: Convenio | P27: Insolvencia | Q27: TOTAL
A28: PROTEINAS TOTAL | B28: 563 | C28: 547 | D28: 380 | E28: 31 | F28: 13 | G28: 0 | H28: =SUM(B28:G28) -> 1534 | J28: TOTAL DE EXAMENES | K28: =SUM(K29:K37) -> 172 | L28: =SUM(L29:L37) -> 491 | M28: =SUM(M29:M37) -> 274 | N28: =SUM(N29:N37) -> 0 | O28: =SUM(O29:O37) -> 0 | P28: =SUM(P29:P37) -> 0 | Q28: =SUM(K28:P28) -> 937
A29: ALBUMINA | B29: 560 | C29: 539 | D29: 375 | E29: 8 | F29: 0 | G29: 0 | H29: =SUM(B29:G29) -> 1482 | J29: TUBERCULOSIS | K29: 168 | L29: 41 | M29: 126 | N29: 0 | O29: 0 | P29: 0 | Q29: =SUM(K29:P29) -> 335
A30: TGO | B30: 593 | C30: 606 | D30: 586 | E30: 44 | F30: 20 | G30: 0 | H30: =SUM(B30:G30) -> 1849 | J30: LEISHMANIA | K30: 0 | L30: 0 | M30: 0 | N30: 0 | O30: 0 | P30: 0 | Q30: =SUM(K30:P30) -> 0
A31: TGP | B31: 593 | C31: 606 | D31: 580 | E31: 43 | F31: 20 | G31: 0 | H31: =SUM(B31:G31) -> 1842 | J31: PROGRAMA LEPRAE | K31: 0 | L31: 0 | M31: 20 | N31: 0 | O31: 0 | P31: 0 | Q31: =SUM(K31:P31) -> 20
A32: GGTP | B32: 0 | C32: 0 | D32: 2 | E32: 3 | F32: 1 | G32: 0 | H32: =SUM(B32:G32) -> 6 | J32: MALARIA | K32: 0 | L32: 274 | M32: 65 | N32: 0 | O32: 0 | P32: 0 | Q32: =SUM(K32:P32) -> 339
A33: LACTATO DESHIDROGENASA (DHL) | B33: 244 | C33: 179 | D33: 73 | E33: 3 | F33: 2 | G33: 0 | H33: =SUM(B33:G33) -> 501 | J33: METAXENICAS (REFERENCIAL) | K33: 0 | L33: 0 | M33: 40 | N33: 0 | O33: 0 | P33: 0 | Q33: =SUM(K33:P33) -> 40
A34: PROTEINA C REACTIVA (CUANTITATIVO) | B34: 887 | C34: 1210 | D34: 710 | E34: 40 | F34: 6 | G34: 0 | H34: =SUM(B34:G34) -> 2853 | J34: CULTIVO DE TB (REFERENCIAL) | K34: 0 | L34: 0 | M34: 22 | N34: 0 | O34: 0 | P34: 0 | Q34: =SUM(K34:P34) -> 22
A35: FOSFATASA ALCALINA | B35: 419 | C35: 363 | D35: 310 | E35: 24 | F35: 9 | G35: 0 | H35: =SUM(B35:G35) -> 1125 | J35: PRUEBA RAPIDA DE DENGUE | K35: 1 | L35: 124 | M35: 1 | N35: 0 | O35: 0 | P35: 0 | Q35: =SUM(K35:P35) -> 126
A36: CPK TOTAL | B36: 0 | C36: 0 | D36: 0 | E36: 0 | F36: 0 | G36: 0 | H36: =SUM(B36:G36) -> 0 | J36: PRUEBA RÁPIDA DE LEPTOSPIRA | K36: 3 | L36: 17 | M36: 0 | N36: 0 | O36: 0 | P36: 0 | Q36: =SUM(K36:P36) -> 20
A37: CPK MB | B37: 5 | C37: 17 | D37: 2 | E37: 1 | F37: 0 | G37: 0 | H37: =SUM(B37:G37) -> 25 | J37: PRUEBA RAPIDA DE COVID + INFLUENZA | K37: 0 | L37: 35 | M37: 0 | N37: 0 | O37: 0 | P37: 0 | Q37: =SUM(K37:P37) -> 35
A38: COLESTEROL | B38: 190 | C38: 10 | D38: 356 | E38: 37 | F38: 17 | G38: 0 | H38: =SUM(B38:G38) -> 610
A39: TRIGLICERIDOS | B39: 193 | C39: 8 | D39: 359 | E39: 38 | F39: 18 | G39: 0 | H39: =SUM(B39:G39) -> 616 | J39: BANCO DE SANGRE | K39: TOTAL
A40: HDLc | B40: 122 | C40: 3 | D40: 225 | E40: 20 | F40: 16 | G40: 0 | H40: =SUM(B40:G40) -> 386 | K40: Hospitaliz | L40: Emergenc | M40: C. Externa | N40: Privado | O40: Convenio | P40: Insolvencia | Q40: TOTAL
A41: LDLc | B41: 123 | C41: 3 | D41: 237 | E41: 21 | F41: 16 | G41: 0 | H41: =SUM(B41:G41) -> 400 | J41: TOTAL DE UNIDADES ENTREGADAS | K41: =SUM(K42:K49) -> 530 | L41: =SUM(L42:L49) -> 172 | M41: =SUM(M42:M49) -> 57 | N41: =SUM(N42:N49) -> 10 | O41: =SUM(O42:O49) -> 0 | P41: =SUM(P42:P49) -> 0 | Q41: =SUM(K41:P41) -> 769
A42: ASO | B42: 5 | C42: 0 | D42: 4 | E42: 0 | F42: 0 | G42: 0 | H42: =SUM(B42:G42) -> 9 | J42: SANGRE TOTAL | K42: 0 | L42: 0 | M42: 0 | N42: 0 | O42: 0 | P42: 0 | Q42: =SUM(K42:P42) -> 0
A43: FACTOR REUMATOIDEO | B43: 7 | C43: 0 | D43: 56 | E43: 6 | F43: 0 | G43: 0 | H43: =SUM(B43:G43) -> 69 | J43: GLOBULOS ROJOS | K43: 158 | L43: 50 | M43: 19 | N43: 5 | O43: 0 | P43: 0 | Q43: =SUM(K43:P43) -> 232
A44: HIERRO | B44: 7 | C44: 0 | D44: 10 | E44: 1 | F44: 0 | G44: 0 | H44: =SUM(B44:G44) -> 18 | J44: PLASMA FRESCO CONGELADO | K44: 11 | L44: 1 | M44: 0 | N44: 0 | O44: 0 | P44: 0 | Q44: =SUM(K44:P44) -> 12
A45: LIPASA | B45: 30 | C45: 120 | D45: 18 | E45: 9 | F45: 0 | G45: 0 | H45: =SUM(B45:G45) -> 177 | J45: CRIOPRECIPITADO | K45: 0 | L45: 0 | M45: 0 | N45: 0 | O45: 0 | P45: 0 | Q45: =SUM(K45:P45) -> 0
A46: TRANSFERRINA | B46: 4 | C46: 1 | D46: 4 | E46: 0 | F46: 0 | G46: 0 | H46: =SUM(B46:G46) -> 9 | J46: PLAQUETAS | K46: 21 | L46: 0 | M46: 0 | N46: 0 | O46: 0 | P46: 0 | Q46: =SUM(K46:P46) -> 21
A47: COMPLEMENTO C3 | B47: 22 | C47: 5 | D47: 32 | E47: 2 | F47: 2 | G47: 0 | H47: =SUM(B47:G47) -> 63 | J47: GRUPO SANGUINEO ABO EN GEL | K47: 94 | L47: 55 | M47: 19 | N47: 0 | O47: 0 | P47: 0 | Q47: =SUM(K47:P47) -> 168
A48: COMPLEMENTO C4 | B48: 22 | C48: 5 | D48: 32 | E48: 2 | F48: 2 | G48: 0 | H48: =SUM(B48:G48) -> 63 | J48: PRUEBA CRUZADA MAYOR | K48: 223 | L48: 63 | M48: 19 | N48: 5 | O48: 0 | P48: 0 | Q48: =SUM(K48:P48) -> 310
A49: GASES ARTERIALES | B49: 0 | C49: 894 | D49: 0 | E49: 5 | F49: 0 | G49: 0 | H49: =SUM(B49:G49) -> 899 | J49: PRUEBA CRUZADA MENOR | K49: 23 | L49: 3 | M49: 0 | N49: 0 | O49: 0 | P49: 0 | Q49: =SUM(K49:P49) -> 26
A50: ELECTROLITOS | B50: 62 | C50: 117 | D50: 50 | E50: 7 | F50: 13 | G50: 0 | H50: =SUM(B50:G50) -> 249
A51: TOTAL EXAMENES HEMATOLÓGICOS -HEMOSTASICOS | B51: =SUM(B52:B68) -> 4763 | C51: =SUM(C52:C68) -> 5132 | D51: =SUM(D52:D68) -> 2544 | E51: =SUM(E52:E68) -> 217 | F51: =SUM(F52:F68) -> 105 | G51: =SUM(G52:G68) -> 0 | H51: =SUM(B51:G51) -> 12761
A52: HEMATOCRITO | B52: 434 | C52: 96 | D52: 18 | E52: 3 | F52: 3 | G52: 0 | H52: =SUM(B52:G52) -> 554 | J52: TOTAL DE ATENCIONES EN EL DEPARTAMENTO DE PATOLOGIA CLÍNICA Y ANATOMIA PATOLOGICA
A53: HEMOGLOBINA | B53: 8 | C53: 0 | D53: 23 | E53: 2 | F53: 3 | G53: 0 | H53: =SUM(B53:G53) -> 36 | J53: PROGRAMAS DE SALUD OPORTUNOS PARA LA POBLACION | Q53: TOTAL
A54: HEMOGRAMA AUTOMATIZADO | B54: 1246 | C54: 2333 | D54: 949 | E54: 114 | F54: 39 | G54: 0 | H54: =SUM(B54:G54) -> 4681 | J54: PROGRAMACION, SEGUIMIENTO Y EVALUACION DE ACTIVIDADES | Q54: 3
A55: PLAQUETAS | B55: 11 | C55: 13 | D55: 4 | E55: 1 | F55: 2 | G55: 0 | H55: =SUM(B55:G55) -> 31 | J55: EXAMEN DE PROCEDIMIENTO BIOQUÍMICO | Q55: =(H12) -> 28372
A56: TC & TS | B56: 360 | C56: 757 | D56: 308 | E56: 19 | F56: 8 | G56: 0 | H56: =SUM(B56:G56) -> 1452 | J56: EXAMEN DE PROCEDIMIENTO HEMATOLÓGICO - HEMOSTASICOS | Q56: =(H51) -> 12761
A57: VSG | B57: 165 | C57: 1 | D57: 45 | E57: 2 | F57: 1 | G57: 0 | H57: =SUM(B57:G57) -> 214 | J57: EXAMEN DE PROCEDIMIENTOS MICROBIOLÓGICOS | Q57: =(H69) -> 734
A58: TEST COOMBS DIRECTO | B58: 14 | C58: 0 | D58: 6 | E58: 0 | F58: 0 | G58: 0 | H58: =SUM(B58:G58) -> 20 | J58: EXAMEN DE PROCEDIMIENTOS UROPARASITOLÓGICOS | Q58: =H82 -> 1914
A59: TEST DE COOMBS INDIRECTO | B59: 6 | C59: 0 | D59: 1 | E59: 1 | F59: 0 | G59: 0 | H59: =SUM(B59:G59) -> 8 | J59: EXAMEN DE PROCEDIMIENTOS INMUNOLÓGICOS | Q59: =H95 -> 4458
A60: GRUPO Y FACTOR | B60: 554 | C60: 832 | D60: 320 | E60: 17 | F60: 11 | G60: 0 | H60: =SUM(B60:G60) -> 1734 | J60: EXAMEN DE PROCEDIMIENTO ANATOMO PATOLÓGICO | Q60: =Q11 -> 1017
A61: LAMINA PERIFERICA | B61: 41 | C61: 2 | D61: 20 | E61: 2 | F61: 1 | G61: 0 | H61: =SUM(B61:G61) -> 66 | J61: EXAMEN DE PROGRAMAS | Q61: =Q28 -> 937
A62: CONSTANTES CORPUSCULARES | B62: 0 | C62: 0 | D62: 0 | E62: 0 | F62: 0 | G62: 0 | H62: =SUM(B62:G62) -> 0 | J62: UNIDADES DE BANCO DE SANGRE | Q62: =Q41 -> 769
A63: RETICULOCITOS | B63: 16 | C63: 0 | D63: 4 | E63: 1 | F63: 1 | G63: 0 | H63: =SUM(B63:G63) -> 22 | P63: TOTAL | Q63: =SUM(Q54:Q62) -> 50965
A64: TIEMPO DE TROMBOPLASTINA | B64: 279 | C64: 144 | D64: 75 | E64: 7 | F64: 9 | G64: 0 | H64: =SUM(B64:G64) -> 514
A65: TIEMPO DE PROTROMBINA | B65: 673 | C65: 390 | D65: 362 | E65: 23 | F65: 12 | G65: 0 | H65: =SUM(B65:G65) -> 1460
A66: INR | B66: 673 | C66: 390 | D66: 362 | E66: 23 | F66: 12 | G66: 0 | H66: =SUM(B66:G66) -> 1460
A67: FIBRINOGENO | B67: 256 | C67: 163 | D67: 38 | E67: 2 | F67: 2 | G67: 0 | H67: =SUM(B67:G67) -> 461
A68: DIMERO D | B68: 27 | C68: 11 | D68: 9 | E68: 0 | F68: 1 | G68: 0 | H68: =SUM(B68:G68) -> 48
A69: TOTAL EXAMENES MICROBIOLOGIA | B69: =SUM(B70:B81) -> 469 | C69: =SUM(C70:C81) -> 73 | D69: =SUM(D70:D81) -> 128 | E69: =SUM(E70:E81) -> 64 | F69: =SUM(F70:F81) -> 0 | G69: =SUM(G70:G81) -> 0 | H69: =SUM(B69:G69) -> 734
A70: UROCULTIVO | B70: 86 | C70: 12 | D70: 82 | E70: 6 | F70: 0 | G70: 0 | H70: =SUM(B70:G70) -> 186
A71: HEMOCULTIVO | B71: 156 | C71: 30 | D71: 10 | E71: 0 | F71: 0 | G71: 0 | H71: =SUM(B71:G71) -> 196
A72: CULTIVO DE CATETER | B72: 5 | C72: 0 | D72: 0 | E72: 0 | F72: 0 | G72: 0 | H72: =SUM(B72:G72) -> 5
A73: CULTIVO DE SECRECION | B73: 60 | C73: 6 | D73: 13 | E73: 5 | F73: 0 | G73: 0 | H73: =SUM(B73:G73) -> 84
A74: CITOQUIMICO | B74: 21 | C74: 4 | D74: 1 | E74: 0 | F74: 0 | G74: 0 | H74: =SUM(B74:G74) -> 26
A75: COPROCULTIVO | B75: 4 | C75: 0 | D75: 2 | E75: 23 | F75: 0 | G75: 0 | H75: =SUM(B75:G75) -> 29
A76: COLORACIÓN GRAM (Secrec.Vaginal y Otros) | B76: 32 | C76: 5 | D76: 7 | E76: 3 | F76: 0 | G76: 0 | H76: =SUM(B76:G76) -> 47
A77: KOH -HONGOS | B77: 3 | C77: 0 | D77: 1 | E77: 23 | F77: 0 | G77: 0 | H77: =SUM(B77:G77) -> 27
A78: CULTIVO DE HONGOS | B78: 32 | C78: 4 | D78: 5 | E78: 2 | F78: 0 | G78: 0 | H78: =SUM(B78:G78) -> 43
A79: TINTA CHINA | B79: 21 | C79: 4 | D79: 1 | E79: 0 | F79: 0 | G79: 0 | H79: =SUM(B79:G79) -> 26
A80: PH LÍQUIDOS CORPORALES | B80: 21 | C80: 4 | D80: 1 | E80: 0 | F80: 0 | G80: 0 | H80: =SUM(B80:G80) -> 26
A81: BACILOSCOPIA DE LÍQUIDOS CORPORALES | B81: 28 | C81: 4 | D81: 5 | E81: 2 | F81: 0 | G81: 0 | H81: =SUM(B81:G81) -> 39
A82: TOTAL EXAMENES URO -PARASITOLÓGICOS | B82: =SUM(B83:B94) -> 246 | C82: =SUM(C83:C94) -> 770 | D82: =SUM(D83:D94) -> 843 | E82: =SUM(E83:E94) -> 49 | F82: =SUM(F83:F94) -> 6 | G82: =SUM(G83:G94) -> 0 | H82: =SUM(B82:G82) -> 1914
A83: HECES SERIADO | B83: 46 | C83: 0 | D83: 73 | E83: 3 | F83: 0 | G83: 0 | H83: =SUM(B83:G83) -> 122
A84: COPROPARASITOLOGICO FUNCIONAL | B84: 30 | C84: 0 | D84: 67 | E84: 6 | F84: 0 | G84: 0 | H84: =SUM(B84:G84) -> 103
A85: RX INFLAMATORIA | B85: 5 | C85: 32 | D85: 7 | E85: 1 | F85: 0 | G85: 0 | H85: =SUM(B85:G85) -> 45
A86: THEVENON HECES | B86: 16 | C86: 1 | D86: 126 | E86: 4 | F86: 2 | G86: 0 | H86: =SUM(B86:G86) -> 149
A87: SUDAN | B87: 0 | C87: 0 | D87: 0 | E87: 0 | F87: 0 | G87: 0 | H87: =SUM(B87:G87) -> 0
A88: BENEDICT | B88: 0 | C88: 0 | D88: 0 | E88: 0 | F88: 0 | G88: 0 | H88: =SUM(B88:G88) -> 0
A89: EXÁMEN COMPLETO DE ORINA | B89: 128 | C89: 689 | D89: 452 | E89: 25 | F89: 1 | G89: 0 | H89: =SUM(B89:G89) -> 1295
A90: TEST GRAHAM | B90: 1 | C90: 0 | D90: 2 | E90: 0 | F90: 0 | G90: 0 | H90: =SUM(B90:G90) -> 3
A91: METODO DE CONCENTRACIÓN (BAERMANN) | B91: 1 | C91: 0 | D91: 1 | E91: 0 | F91: 0 | G91: 0 | H91: =SUM(B91:G91) -> 2
A92: EXAMEN DIRECTO DE HECES | B92: 18 | C92: 48 | D92: 108 | E92: 8 | F92: 2 | G92: 0 | H92: =SUM(B92:G92) -> 184
A93: ANTIGENO H. PYLORI EN HECES | B93: 0 | C93: 0 | D93: 6 | E93: 2 | F93: 1 | G93: 0 | H93: =SUM(B93:G93) -> 9
A94: ADENOVIRUS & ROTAVIRUS | B94: 1 | C94: 0 | D94: 1 | E94: 0 | F94: 0 | G94: 0 | H94: =SUM(B94:G94) -> 2
A95: TOTAL EXAMENES INMUNO SEROLÓGICOS | B95: =SUM(B96:B155) -> 1148 | C95: =SUM(C96:C155) -> 1039 | D95: =SUM(D96:D155) -> 2054 | E95: =SUM(E96:E155) -> 134 | F95: =SUM(F96:F155) -> 83 | G95: =SUM(G96:G155) -> 0 | H95: =SUM(B95:G95) -> 4458
A96: RPR | B96: 109 | C96: 341 | D96: 256 | E96: 5 | F96: 10 | G96: 0 | H96: =SUM(B96:G96) -> 721
A97: VDRL | B97: 0 | C97: 0 | D97: 0 | E97: 0 | F97: 0 | G97: 0 | H97: =SUM(B97:G97) -> 0
A98: AGLUTINACIONES | B98: 2 | C98: 0 | D98: 2 | E98: 0 | F98: 0 | G98: 0 | H98: =SUM(B98:G98) -> 4
A99: ROSA DE BENGALA | B99: 1 | C99: 0 | D99: 3 | E99: 0 | F99: 0 | G99: 0 | H99: =SUM(B99:G99) -> 4
A100: ANTI MIELOPEROXIDASA (MPO)
A101: ANTI PROTEINASA 3 (PR3)
A102: ANTI CARDIOLIPINA
A105: ANA (ELISA)
A106: HELICOBACTER PILORY IGM | B106: 0 | C106: 0 | D106: 1 | E106: 0 | F106: 0 | G106: 0 | H106: =SUM(B106:G106) -> 1
A107: HELICOBACTER PILORY IGG | B107: 0 | C107: 0 | D107: 6 | E107: 0 | F107: 0 | G107: 0 | H107: =SUM(B107:G107) -> 6
A108: PRUEBAS RAPIDAS
...

Sheet FEBRERO
A4: Establecimiento de Salud informante: | B4: HOSPITAL REGIONAL DE LORETO | K4: Mes: | L4: FEBRERO
A6: Código Renaes: | B6: 3 | K6: Año: | L6: 2025
A9: PATOLOGÍA CLÍNICA | B9: TOTAL | J9: ANATOMÍA PATOLÓGICA | K9: TOTAL
B10: Hospitaliz | C10: Emergenc | D10: C. Externa | E10: Privado | F10: Convenio | G10: Insolvencia | H10: TOTAL | K10: Hospitaliz | L10: Emergenc | M10: C. Externa | N10: Privado | O10: Convenio | P10: Insolvencia | Q10: TOTAL
A11: TOTAL DE EXAMENES LABORATORIO | B11: =B12+B51+B69+B82+B95 -> 15088 | C11: =C12+C51+C69+C82+C95 -> 17316 | D11: =D12+D51+D69+D82+D95 -> 12251 | E11: =E12+E51+E69+E82+E95 -> 813 | F11: =F12+F51+F69+F82+F95 -> 515 | G11: =G12+G51+G69+G82+G95 -> 49 | H11: =SUM(B11:G11) -> 46032 | J11: TOTAL EXAMENES ANATOMIA PATOLOGICA | K11: =SUM(K12:K23) -> 265 | L11: =SUM(L12:L23) -> 0 | M11: =SUM(M12:M23) -> 737 | N11: =SUM(N12:N23) -> 9 | O11: =SUM(O12:O23) -> 0 | P11: =SUM(P12:P23) -> 0 | Q11: =SUM(K11:P11) -> 1011
A12: TOTAL EXAMENES BIOQUÍMICOS | B12: =SUM(B13:B50) -> 8323 | C12: =SUM(C13:C50) -> 11060 | D12: =SUM(D13:D50) -> 7051 | E12: =SUM(E13:E50) -> 514 | F12: =SUM(F13:F50) -> 318 | G12: =SUM(G13:G50) -> 49 | H12: =SUM(B12:G12) -> 27315 | J12: TOTAL EXAMENES CITOLÓGICOS (PAP) | K12: 0 | L12: 0 | M12: 44 | N12: 9 | O12: 0 | P12: 0 | Q12: =SUM(K12:P12) -> 53
A13: ACIDO URICO | B13: 30 | C13: 2 | D13: 55 | E13: 8 | F13: 4 | G13: 0 | H13: =SUM(B13:G13) -> 99 | J13: TOTAL BAAF | K13: 0 | L13: 0 | M13: 7 | N13: 0 | O13: 0 | P13: 0 | Q13: =SUM(K13:P13) -> 7
A14: CALCIO | B14: 51 | C14: 10 | D14: 73 | E14: 3 | F14: 1 | G14: 0 | H14: =SUM(B14:G14) -> 138 | J14: TOTAL EXAMENES HISTOPATOLÓGICOS (Biopsia) | K14: 2 | L14: 0 | M14: 42 | N14: 0 | O14: 0 | P14: 0 | Q14: =SUM(K14:P14) -> 44
A15: AMILASA | B15: 40 | C15: 130 | D15: 16 | E15: 2 | F15: 0 | G15: 0 | H15: =SUM(B15:G15) -> 188 | J15: TOTAL PIEZA QUIRURGICA (HISTOLOGIA) | K15: 45 | L15: 0 | M15: 27 | N15: 0 | O15: 0 | P15: 0 | Q15: =SUM(K15:P15) -> 72
A16: GLUCOSA | B16: 642 | C16: 1498 | D16: 790 | E16: 66 | F16: 39 | G16: 8 | H16: =SUM(B16:G16) -> 3043 | J16: TOTAL CITOLOGIA ESPECIAL | K16: 0 | L16: 0 | M16: 5 | N16: 0 | O16: 0 | P16: 0 | Q16: =SUM(K16:P16) -> 5
A17: GLUCOSA POST PRANDIAL | B17: 0 | C17: 0 | D17: 15 | E17: 1 | F17: 1 | G17: 0 | H17: =SUM(B17:G17) -> 17 | J17: TOTAL DE TEJIDOS INCLUIDOS | K17: 70 | L17: 0 | M17: 200 | N17: 0 | O17: 0 | P17: 0 | Q17: =SUM(K17:P17) -> 270
A18: FOSFORO | B18: 32 | C18: 5 | D18: 56 | E18: 1 | F18: 0 | G18: 0 | H18: =SUM(B18:G18) -> 94 | J18: TOTAL DE CORTES DE TEJIDOS | K18: 74 | L18: 0 | M18: 200 | N18: 0 | O18: 0 | P18: 0 | Q18: =SUM(K18:P18) -> 274
A19: HEMOGLOBINA GLICOSILADA | B19: 87 | C19: 17 | D19: 106 | E19: 11 | F19: 14 | G19: 0 | H19: =SUM(B19:G19) -> 235 | J19: TOTAL DE LÁMINAS MONTADAS | K19: 74 | L19: 0 | M19: 200 | N19: 0 | O19: 0 | P19: 0 | Q19: =SUM(K19:P19) -> 274
A20: TOLERANCIA A LA GLUCOSA | B20: 1 | C20: 0 | D20: 7 | E20: 2 | F20: 2 | G20: 0 | H20: =SUM(B20:G20) -> 12 | J20: TOTAL DE HISTOQUIMICA | K20: 0 | L20: 0 | M20: 12 | N20: 0 | O20: 0 | P20: 0 | Q20: =SUM(K20:P20) -> 12
A21: CREATININA | B21: 780 | C21: 1523 | D21: 749 | E21: 63 | F21: 39 | G21: 8 | H21: =SUM(B21:G21) -> 3162 | J21: TOTAL DE INMUNOHISTOQUIMICA
A22: DEPURACION DE CREATININA | B22: 7 | C22: 0 | D22: 14 | E22: 1 | F22: 2 | G22: 0 | H22: =SUM(B22:G22) -> 24 | J22: TOTAL AUTOPSIA MÉDICO LEGAL | K22: 0 | L22: 0 | M22: 0 | N22: 0 | O22: 0 | P22: 0 | Q22: =SUM(K22:P22) -> 0
A23: MICROALBUMINURIA | H23: =SUM(B23:G23) -> 0 | J23: TOTAL AUTOPSIA CLÍNICA | K23: 0 | L23: 0 | M23: 0 | N23: 0 | O23: 0 | P23: 0 | Q23: =SUM(K23:P23) -> 0
A24: UREA | B24: 757 | C24: 1520 | D24: 750 | E24: 59 | F24: 39 | G24: 8 | H24: =SUM(B24:G24) -> 3133
A25: PROTEINURIA 24 HORAS | B25: 0 | C25: 0 | D25: 0 | E25: 0 | F25: 2 | G25: 0 | H25: =SUM(B25:G25) -> 2
A26: BILIRRUBINA TOTAL | B26: 578 | C26: 536 | D26: 331 | E26: 14 | F26: 8 | G26: 0 | H26: =SUM(B26:G26) -> 1467 | J26: PROGRAMAS / METAXENICAS | K26: TOTAL
A27: BILIRRUBINA DIRECTA | B27: 571 | C27: 536 | D27: 331 | E27: 20 | F27: 8 | G27: 0 | H27: =SUM(B27:G27) -> 1466 | K27: Hospitaliz | L27: Emergenc | M27: Programa | N27: Privado | O27: Convenio | P27: Insolvencia | Q27: TOTAL
A28: PROTEINAS TOTAL | B28: 582 | C28: 575 | D28: 397 | E28: 28 | F28: 13 | G28: 0 | H28: =SUM(B28:G28) -> 1595 | J28: TOTAL DE EXAMENES | K28: =SUM(K29:K37) -> 220 | L28: =SUM(L29:L37) -> 433 | M28: =SUM(M29:M37) -> 197 | N28: =SUM(N29:N37) -> 0 | O28: =SUM(O29:O37) -> 0 | P28: =SUM(P29:P37) -> 0 | Q28: =SUM(K28:P28) -> 850
A29: ALBUMINA | B29: 588 | C29: 575 | D29: 398 | E29: 8 | F29: 0 | G29: 0 | H29: =SUM(B29:G29) -> 1569 | J29: TUBERCULOSIS | K29: 139 | L29: 12 | M29: 134 | N29: 0 | O29: 0 | P29: 0 | Q29: =SUM(K29:P29) -> 285
A30: TGO | B30: 621 | C30: 632 | D30: 480 | E30: 44 | F30: 22 | G30: 0 | H30: =SUM(B30:G30) -> 1799 | J30: LEISHMANIA | K30: 0 | L30: 0 | M30: 0 | N30: 0 | O30: 0 | P30: 0 | Q30: =SUM(K30:P30) -> 0
A31: TGP | B31: 621 | C31: 632 | D31: 481 | E31: 44 | F31: 22 | G31: 0 | H31: =SUM(B31:G31) -> 1800 | J31: PROGRAMA LEPRAE | K31: 0 | L31: 0 | M31: 30 | N31: 0 | O31: 0 | P31: 0 | Q31: =SUM(K31:P31) -> 30
A32: GGTP | B32: 0 | C32: 1 | D32: 3 | E32: 0 | F32: 1 | G32: 0 | H32: =SUM(B32:G32) -> 5 | J32: MALARIA | K32: 59 | L32: 247 | M32: 21 | N32: 0 | O32: 0 | P32: 0 | Q32: =SUM(K32:P32) -> 327
A33: LACTATO DESHIDROGENASA (DHL) | B33: 194 | C33: 181 | D33: 58 | E33: 0 | F33: 2 | G33: 0 | H33: =SUM(B33:G33) -> 435 | J33: METAXENICAS (REFERENCIAL) | K33: 0 | L33: 0 | M33: 0 | N33: 0 | O33: 0 | P33: 0 | Q33: =SUM(K33:P33) -> 0
A34: PROTEINA C REACTIVA (CUANTITATIVO) | B34: 823 | C34: 1141 | D34: 124 | E34: 50 | F34: 6 | G34: 0 | H34: =SUM(B34:G34) -> 2144 | J34: CULTIVO DE TB (REFERENCIAL) | K34: 0 | L34: 0 | M34: 12 | N34: 0 | O34: 0 | P34: 0 | Q34: =SUM(K34:P34) -> 12
A35: FOSFATASA ALCALINA | B35: 525 | C35: 304 | D35: 305 | E35: 11 | F35: 9 | G35: 0 | H35: =SUM(B35:G35) -> 1154 | J35: PRUEBA RAPIDA DE DENGUE | K35: 16 | L35: 107 | M35: 0 | N35: 0 | O35: 0 | P35: 0 | Q35: =SUM(K35:P35) -> 123
A36: CPK TOTAL | B36: 0 | C36: 0 | D36: 0 | E36: 0 | F36: 0 | G36: 0 | H36: =SUM(B36:G36) -> 0 | J36: PRUEBA RAPIDA DE LEPTOSPIRA | K36: 6 | L36: 39 | M36: 0 | N36: 0 | O36: 0 | P36: 0 | Q36: =SUM(K36:P36) -> 45
A37: CPK MB | B37: 0 | C37: 3 | D37: 0 | E37: 0 | F37: 0 | G37: 0 | H37: =SUM(B37:G37) -> 3 | J37: PRUEBA RAPIDA DE COVID + INFLUENZA | K37: 0 | L37: 28 | M37: 0 | N37: 0 | O37: 0 | P37: 0 | Q37: =SUM(K37:P37) -> 28
A38: COLESTEROL | B38: 180 | C38: 13 | D38: 265 | E38: 23 | F38: 17 | G38: 5 | H38: =SUM(B38:G38) -> 503
A39: TRIGLICERIDOS | B39: 180 | C39: 13 | D39: 160 | E39: 23 | F39: 18 | G39: 5 | H39: =SUM(B39:G39) -> 399 | J39: BANCO DE SANGRE | K39: TOTAL
A40: HDLc | B40: 125 | C40: 8 | D40: 140 | E40: 10 | F40: 16 | G40: 8 | H40: =SUM(B40:G40) -> 307 | K40: Hospitaliz | L40: Emergenc | M40: C. Externa | N40: Privado | O40: Convenio | P40: Insolvencia | Q40: TOTAL
A41: LDLc | B41: 125 | C41: 8 | D41: 146 | E41: 10 | F41: 16 | G41: 7 | H41: =SUM(B41:G41) -> 312 | J41: TOTAL DE UNIDADES ENTREGADAS | K41: =SUM(K42:K49) -> 780 | L41: =SUM(L42:L49) -> 245 | M41: =SUM(M42:M49) -> 42 | N41: =SUM(N42:N49) -> 0 | O41: =SUM(O42:O49) -> 0 | P41: =SUM(P42:P49) -> 0 | Q41: =SUM(K41:P41) -> 1067
A42: ASO | B42: 7 | C42: 5 | D42: 4 | E42: 0 | F42: 0 | G42: 0 | H42: =SUM(B42:G42) -> 16 | J42: SANGRE TOTAL | K42: 0 | L42: 0 | M42: 0 | N42: 0 | O42: 0 | P42: 0 | Q42: =SUM(K42:P42) -> 0
A43: FACTOR REUMATOIDEO | B43: 8 | C43: 4 | D43: 55 | E43: 5 | F43: 0 | G43: 0 | H43: =SUM(B43:G43) -> 72 | J43: GLOBULOS ROJOS | K43: 199 | L43: 81 | M43: 12 | N43: 0 | O43: 0 | P43: 0 | Q43: =SUM(K43:P43) -> 292
A44: HIERRO | B44: 34 | D44: 54 | E44: 1 | F44: 0 | G44: 0 | H44: =SUM(B44:G44) -> 89 | J44: PLASMA FRESCO CONGELADO | K44: 42 | L44: 8 | M44: 0 | N44: 0 | O44: 0 | P44: 0 | Q44: =SUM(K44:P44) -> 50
A45: LIPASA | B45: 49 | C45: 101 | D45: 27 | E45: 3 | F45: 0 | G45: 0 | H45: =SUM(B45:G45) -> 180 | J45: CRIOPRECIPITADO | K45: 41 | L45: 5 | M45: 0 | N45: 0 | O45: 0 | P45: 0 | Q45: =SUM(K45:P45) -> 46
A46: TRANSFERRINA | B46: 35 | C46: 1 | D46: 47 | E46: 0 | F46: 0 | G46: 0 | H46: =SUM(B46:G46) -> 83 | J46: PLAQUETAS | K46: 28 | L46: 0 | M46: 0 | N46: 0 | O46: 0 | P46: 0 | Q46: =SUM(K46:P46) -> 28
A47: COMPLEMENTO C3 | B47: 25 | C47: 1 | D47: 19 | E47: 0 | F47: 2 | G47: 0 | H47: =SUM(B47:G47) -> 47 | J47: GRUPO SANGUINEO ABO EN GEL | K47: 175 | L47: 51 | M47: 12 | N47: 0 | O47: 0 | P47: 0 | Q47: =SUM(K47:P47) -> 238
A48: COMPLEMENTO C4 | B48: 25 | C48: 1 | D48: 19 | E48: 0 | F48: 2 | G48: 0 | H48: =SUM(B48:G48) -> 47 | J48: PRUEBA CRUZADA MAYOR | K48: 245 | L48: 88 | M48: 18 | N48: 0 | O48: 0 | P48: 0 | Q48: =SUM(K48:P48) -> 351
A49: GASES ARTERIALES | B49: 0 | C49: 859 | D49: 0 | E49: 1 | F49: 0 | G49: 0 | H49: =SUM(B49:G49) -> 860 | J49: PRUEBA CRUZADA MENOR | K49: 50 | L49: 12 | M49: 0 | N49: 0 | O49: 0 | P49: 0 | Q49: =SUM(K49:P49) -> 62
A50: ELECTROLITOS | B50: 0 | C50: 225 | D50: 576 | E50: 2 | F50: 13 | G50: 0 | H50: =SUM(B50:G50) -> 816
A51: TOTAL EXAMENES HEMATOLÓGICOS -HEMOSTASICOS | B51: =SUM(B52:B68) -> 4792 | C51: =SUM(C52:C68) -> 4726 | D51: =SUM(D52:D68) -> 2489 | E51: =SUM(E52:E68) -> 168 | F51: =SUM(F52:F68) -> 105 | G51: =SUM(G52:G68) -> 0 | H51: =SUM(B51:G51) -> 12280
A52: HEMATOCRITO | B52: 464 | C52: 110 | D52: 45 | E52: 0 | F52: 3 | G52: 0 | H52: =SUM(B52:G52) -> 622 | J52: TOTAL DE ATENCIONES EN EL DEPARTAMENTO DE PATOLOGIA CLÍNICA Y ANATOMIA PATOLOGICA
A53: HEMOGLOBINA | B53: 1 | C53: 2 | D53: 65 | E53: 9 | F53: 3 | G53: 0 | H53: =SUM(B53:G53) -> 80 | J53: PROGRAMAS DE SALUD OPORTUNOS PARA LA POBLACION | Q53: TOTAL
A54: HEMOGRAMA AUTOMATIZADO | B54: 1279 | C54: 2160 | D54: 883 | E54: 87 | F54: 39 | G54: 0 | H54: =SUM(B54:G54) -> 4448 | J54: PROGRAMACION, SEGUIMIENTO Y EVALUACION DE ACTIVIDADES | Q54: 4
A55: PLAQUETAS | B55: 6 | C55: 6 | D55: 8 | E55: 0 | F55: 2 | G55: 0 | H55: =SUM(B55:G55) -> 22 | J55: EXAMEN DE PROCEDIMIENTO BIOQUÍMICO | Q55: =(H12) -> 27315
A56: TC & TS | B56: 433 | C56: 746 | D56: 342 | E56: 15 | F56: 8 | G56: 0 | H56: =SUM(B56:G56) -> 1544 | J56: EXAMEN DE PROCEDIMIENTO HEMATOLÓGICO - HEMOSTASICOS | Q56: =(H51) -> 12280
A57: VSG | B57: 78 | C57: 1 | D57: 25 | E57: 4 | F57: 1 | G57: 0 | H57: =SUM(B57:G57) -> 109 | J57: EXAMEN DE PROCEDIMIENTOS MICROBIOLÓGICOS | Q57: =(H69) -> 684
A58: TEST COOMBS DIRECTO | B58: 16 | C58: 0 | D58: 6 | E58: 0 | F58: 0 | G58: 0 | H58: =SUM(B58:G58) -> 22 | J58: EXAMEN DE PROCEDIMIENTOS UROPARASITOLÓGICOS | Q58: =H82 -> 1684
A59: TEST DE COOMBS INDIRECTO | B59: 1 | C59: 0 | D59: 2 | E59: 0 | F59: 0 | G59: 0 | H59: =SUM(B59:G59) -> 3 | J59: EXAMEN DE PROCEDIMIENTOS INMUNOLÓGICOS | Q59: =H95 -> 4069
A60: GRUPO Y FACTOR | B60: 589 | C60: 860 | D60: 371 | E60: 20 | F60: 11 | G60: 0 | H60: =SUM(B60:G60) -> 1851 | J60: EXAMEN DE PROCEDIMIENTO ANATOMO PATOLÓGICO | Q60: =Q11 -> 1011
A61: LAMINA PERIFERICA | B61: 18 | C61: 4 | D61: 10 | E61: 0 | F61: 1 | G61: 0 | H61: =SUM(B61:G61) -> 33 | J61: EXAMEN DE PROGRAMAS | Q61: =Q28 -> 850
A62: CONSTANTES CORPUSCULARES | B62: 0 | C62: 0 | D62: 0 | E62: 0 | F62: 0 | G62: 0 | H62: =SUM(B62:G62) -> 0 | J62: UNIDADES DE BANCO DE SANGRE | Q62: =Q41 -> 1067
A63: RETICULOCITOS | B63: 18 | C63: 0 | D63: 7 | E63: 1 | F63: 1 | G63: 0 | H63: =SUM(B63:G63) -> 27 | P63: TOTAL | Q63: =SUM(Q54:Q62) -> 48964
A64: TIEMPO DE TROMBOPLASTINA | B64: 284 | C64: 98 | D64: 57 | E64: 3 | F64: 9 | G64: 0 | H64: =SUM(B64:G64) -> 451
A65: TIEMPO DE PROTROMBINA | B65: 656 | C65: 310 | D65: 308 | E65: 13 | F65: 12 | G65: 0 | H65: =SUM(B65:G65) -> 1299
A66: INR | B66: 656 | C66: 310 | D66: 308 | E66: 13 | F66: 12 | G66: 0 | H66: =SUM(B66:G66) -> 1299
A67: FIBRINOGENO | B67: 288 | C67: 113 | D67: 37 | E67: 3 | F67: 2 | G67: 0 | H67: =SUM(B67:G67) -> 443
A68: DIMERO D | B68: 5 | C68: 6 | D68: 15 | E68: 0 | F68: 1 | G68: 0 | H68: =SUM(B68:G68) -> 27
A69: TOTAL EXAMENES MICROBIOLOGIA | B69: =SUM(B70:B81) -> 434 | C69: =SUM(C70:C81) -> 81 | D69: =SUM(D70:D81) -> 154 | E69: =SUM(E70:E81) -> 15 | F69: =SUM(F70:F81) -> 0 | G69: =SUM(G70:G81) -> 0 | H69: =SUM(B69:G69) -> 684
A70: UROCULTIVO | B70: 73 | C70: 13 | D70: 112 | E70: 10 | F70: 0 | G70: 0 | H70: =SUM(B70:G70) -> 208
A71: HEMOCULTIVO | B71: 133 | C71: 45 | D71: 9 | E71: 0 | F71: 0 | G71: 0 | H71: =SUM(B71:G71) -> 187
A72: CULTIVO DE CATETER | B72: 7 | C72: 0 | D72: 0 | E72: 0 | F72: 0 | G72: 0 | H72: =SUM(B72:G72) -> 7
A73: CULTIVO DE SECRECION | B73: 64 | C73: 4 | D73: 8 | E73: 4 | F73: 0 | G73: 0 | H73: =SUM(B73:G73) -> 80
A74: CITOQUIMICO | B74: 14 | C74: 1 | D74: 1 | E74: 0 | F74: 0 | G74: 0 | H74: =SUM(B74:G74) -> 16
A75: COPROCULTIVO | B75: 10 | C75: 2 | D75: 2 | E75: 1 | F75: 0 | G75: 0 | H75: =SUM(B75:G75) -> 15
A76: COLORACIÓN GRAM (Secrec.Vaginal y Otros) | B76: 42 | C76: 6 | D76: 7 | E76: 0 | F76: 0 | G76: 0 | H76: =SUM(B76:G76) -> 55
A77: KOH -HONGOS | B77: 16 | C77: 3 | D77: 6 | E77: 0 | F77: 0 | G77: 0 | H77: =SUM(B77:G77) -> 25
A78: CULTIVO DE HONGOS | B78: 31 | C78: 4 | D78: 5 | E78: 0 | F78: 0 | G78: 0 | H78: =SUM(B78:G78) -> 40
A79: TINTA CHINA | B79: 14 | C79: 1 | D79: 1 | E79: 0 | F79: 0 | G79: 0 | H79: =SUM(B79:G79) -> 16
A80: PH LÍQUIDOS CORPORALES | B80: 14 | C80: 1 | D80: 1 | E80: 0 | F80: 0 | G80: 0 | H80: =SUM(B80:G80) -> 16
A81: BACILOSCOPIA DE LÍQUIDOS CORPORALES | B81: 16 | C81: 1 | D81: 2 | E81: 0 | F81: 0 | G81: 0 | H81: =SUM(B81:G81) -> 19
A82: TOTAL EXAMENES URO -PARASITOLÓGICOS | B82: =SUM(B83:B92) -> 265 | C82: =SUM(C83:C92) -> 625 | D82: =SUM(D83:D92) -> 722 | E82: =SUM(E83:E92) -> 60 | F82: =SUM(F83:F92) -> 12 | G82: =SUM(G83:G92) -> 0 | H82: =SUM(B82:G82) -> 1684
A83: HECES SERIADO | B83: 21 | C83: 0 | D83: 31 | E83: 8 | F83: 3 | G83: 0 | H83: =SUM(B83:G83) -> 63
A84: COPROPARASITOLOGICO FUNCIONAL | B84: 38 | C84: 0 | D84: 35 | E84: 7 | F84: 3 | G84: 0 | H84: =SUM(B84:G84) -> 83
A85: RX INFLAMATORIA | B85: 3 | C85: 13 | D85: 5 | E85: 0 | F85: 0 | G85: 0 | H85: =SUM(B85:G85) -> 21
A86: THEVENON HECES | B86: 15 | C86: 1 | D86: 146 | E86: 4 | F86: 2 | G86: 0 | H86: =SUM(B86:G86) -> 168
A87: SUDAN | B87: 0 | C87: 0 | D87: 0 | E87: 0 | F87: 0 | G87: 0 | H87: =SUM(B87:G87) -> 0
A88: BENEDICT | B88: 0 | C88: 0 | D88: 0 | E88: 0 | F88: 0 | G88: 0 | H88: =SUM(B88:G88) -> 0
A89: EXÁMEN COMPLETO DE ORINA | B89: 151 | C89: 593 | D89: 375 | E89: 35 | F89: 2 | G89: 0 | H89: =SUM(B89:G89) -> 1156
A90: TEST GRAHAM | B90: 0 | C90: 0 | D90: 1 | E90: 0 | F90: 0 | G90: 0 | H90: =SUM(B90:G90) -> 1
A91: METODO DE CONCENTRACIÓN (BAERMANN) | B91: 5 | C91: 0 | D91: 17 | E91: 1 | F91: 1 | G91: 0 | H91: =SUM(B91:G91) -> 24
A92: EXAMEN DIRECTO DE HECES | B92: 32 | C92: 18 | D92: 112 | E92: 5 | F92: 1 | G92: 0 | H92: =SUM(B92:G92) -> 168
A93: ANTIGENO H. PYLORI EN HECES | B93: 0 | C93: 0 | D93: 14 | E93: 0 | F93: 0 | G93: 0 | H93: =SUM(B93:G93) -> 14
A94: ADENOVIRUS & ROTAVIRUS | B94: 0 | C94: 0 | D94: 1 | E94: 0 | F94: 0 | G94: 0 | H94: =SUM(B94:G94) -> 1
A95: TOTAL EXAMENES INMUNO SEROLÓGICOS | B95: =SUM(B96:B155) -> 1274 | C95: =SUM(C96:C155) -> 824 | D95: =SUM(D96:D155) -> 1835 | E95: =SUM(E96:E155) -> 56 | F95: =SUM(F96:F155) -> 80 | G95: =SUM(G96:G155) -> 0 | H95: =SUM(B95:G95) -> 4069
A96: RPR | B96: 107 | C96: 213 | D96: 230 | E96: 2 | F96: 7 | G96: 0 | H96: =SUM(B96:G96) -> 559
A97: VDRL | B97: 0 | C97: 0 | D97: 0 | E97: 0 | F97: 0 | G97: 0 | H97: =SUM(B97:G97) -> 0
A98: AGLUTINACIONES | B98: 1 | C98: 0 | D98: 0 | E98: 0 | F98: 0 | G98: 0 | H98: =SUM(B98:G98) -> 1
A99: ROSA DE BENGALA | B99: 1 | C99: 0 | D99: 0 | E99: 0 | F99: 0 | G99: 0 | H99: =SUM(B99:G99) -> 1
A100: ANTI MIELOPEROXIDASA (MPO)
A101: ANTI PROTEINASA 3 (PR3)
A102: ANTI CARDIOLIPINA
A105: ANA (ELISA)
A106: HELICOBACTER PILORY IGM | B106: 0 | C106: 0 | D106: 15 | E106: 4 | F106: 0 | G106: 0 | H106: =SUM(B106:G106) -> 19
A107: HELICOBACTER PILORY IGG | B107: 0 | C107: 0 | D107: 0 | E107: 0 | F107: 0 | G107: 0 | H107: =SUM(B107:G107) -> 0
A108: PRUEBAS RAPIDAS
...

Sheet MARZO
A4: Establecimiento de Salud informante: | B4: HOSPITAL REGIONAL DE LORETO | K4: Mes: | L4: MARZO
A6: Código Renaes: | B6: 3 | K6: Año: | L6: 2025
A9: PATOLOGÍA CLÍNICA | B9: TOTAL | J9: ANATOMÍA PATOLÓGICA | K9: TOTAL
B10: Hospitaliz | C10: Emergenc | D10: C. Externa | E10: Privado | F10: Convenio | G10: Insolvencia | H10: TOTAL | K10: Hospitaliz | L10: Emergenc | M10: C. Externa | N10: Privado | O10: Convenio | P10: Insolvencia | Q10: TOTAL
A11: TOTAL DE EXAMENES LABORATORIO | B11: =B12+B51+B69+B82+B95 -> 15039 | C11: =C12+C51+C69+C82+C95 -> 17147 | D11: =D12+D51+D69+D82+D95 -> 14878 | E11: =E12+E51+E69+E82+E95 -> 786 | F11: =F12+F51+F69+F82+F95 -> 551 | G11: =G12+G51+G69+G82+G95 -> 20 | H11: =SUM(B11:G11) -> 48421 | J11: TOTAL EXAMENES ANATOMIA PATOLOGICA | K11: =SUM(K12:K23) -> 1037 | L11: =SUM(L12:L23) -> 0 | M11: =SUM(M12:M23) -> 422 | N11: =SUM(N12:N23) -> 7 | O11: =SUM(O12:O23) -> 1 | P11: =SUM(P12:P23) -> 0 | Q11: =SUM(K11:P11) -> 1467
A12: TOTAL EXAMENES BIOQUÍMICOS | B12: =SUM(B13:B50) -> 8844 | C12: =SUM(C13:C50) -> 10835 | D12: =SUM(D13:D50) -> 8499 | E12: =SUM(E13:E50) -> 509 | F12: =SUM(F13:F50) -> 351 | G12: =SUM(G13:G50) -> 20 | H12: =SUM(B12:G12) -> 29058 | J12: TOTAL EXAMENES CITOLÓGICOS (PAP) | K12: 0 | L12: 0 | M12: 45 | N12: 6 | O12: 0 | P12: 0 | Q12: =SUM(K12:P12) -> 51
A13: ACIDO URICO | B13: 31 | C13: 2 | D13: 69 | E13: 0 | F13: 3 | G13: 4 | H13: =SUM(B13:G13) -> 109 | J13: TOTAL BAAF | K13: 4 | L13: 0 | M13: 3 | N13: 0 | O13: 0 | P13: 0 | Q13: =SUM(K13:P13) -> 7
A14: CALCIO | B14: 30 | C14: 1 | D14: 39 | E14: 5 | F14: 1 | G14: 0 | H14: =SUM(B14:G14) -> 76 | J14: TOTAL EXAMENES HISTOPATOLÓGICOS (Biopsia) | K14: 3 | L14: 0 | M14: 46 | N14: 0 | O14: 1 | P14: 0 | Q14: =SUM(K14:P14) -> 50
A15: AMILASA | B15: 10 | C15: 116 | D15: 31 | E15: 2 | F15: 0 | G15: 2 | H15: =SUM(B15:G15) -> 161 | J15: TOTAL PIEZA QUIRURGICA (HISTOLOGIA) | K15: 81 | L15: 0 | M15: 26 | N15: 1 | O15: 0 | P15: 0 | Q15: =SUM(K15:P15) -> 108
A16: GLUCOSA | B16: 780 | C16: 1566 | D16: 960 | E16: 72 | F16: 35 | G16: 3 | H16: =SUM(B16:G16) -> 3416 | J16: TOTAL CITOLOGIA ESPECIAL | K16: 0 | L16: 0 | M16: 2 | N16: 0 | O16: 0 | P16: 0 | Q16: =SUM(K16:P16) -> 2
A17: GLUCOSA POST PRANDIAL | B17: 0 | C17: 0 | D17: 12 | E17: 0 | F17: 1 | G17: 0 | H17: =SUM(B17:G17) -> 13 | J17: TOTAL DE TEJIDOS INCLUIDOS | K17: 313 | L17: 0 | M17: 100 | N17: 0 | O17: 0 | P17: 0 | Q17: =SUM(K17:P17) -> 413
A18: FOSFORO | B18: 18 | C18: 0 | D18: 23 | E18: 0 | F18: 0 | G18: 0 | H18: =SUM(B18:G18) -> 41 | J18: TOTAL DE CORTES DE TEJIDOS | K18: 315 | L18: 0 | M18: 100 | N18: 0 | O18: 0 | P18: 0 | Q18: =SUM(K18:P18) -> 415
A19: HEMOGLOBINA GLICOSILADA | B19: 102 | C19: 62 | D19: 210 | E19: 9 | F19: 11 | G19: 0 | H19: =SUM(B19:G19) -> 394 | J19: TOTAL DE LÁMINAS MONTADAS | K19: 315 | L19: 0 | M19: 100 | N19: 0 | O19: 0 | P19: 0 | Q19: =SUM(K19:P19) -> 415
A20: TOLERANCIA A LA GLUCOSA | B20: 2 | C20: 1 | D20: 33 | E20: 1 | F20: 1 | G20: 0 | H20: =SUM(B20:G20) -> 38 | J20: TOTAL DE HISTOQUIMICA | K20: 6 | L20: 0 | M20: 0 | N20: 0 | O20: 0 | P20: 0 | Q20: =SUM(K20:P20) -> 6
A21: CREATININA | B21: 801 | C21: 1554 | D21: 980 | E21: 68 | F21: 40 | G21: 0 | H21: =SUM(B21:G21) -> 3443 | J21: TOTAL DE INMUNOHISTOQUIMICA
A22: DEPURACION DE CREATININA | B22: 2 | C22: 0 | D22: 5 | E22: 0 | F22: 0 | G22: 0 | H22: =SUM(B22:G22) -> 7 | J22: TOTAL AUTOPSIA MÉDICO LEGAL | K22: 0 | L22: 0 | M22: 0 | N22: 0 | O22: 0 | P22: 0 | Q22: =SUM(K22:P22) -> 0
J23: TOTAL AUTOPSIA CLÍNICA | K23: 0 | L23: 0 | M23: 0 | N23: 0 | O23: 0 | P23: 0 | Q23: =SUM(K23:P23) -> 0
A24: UREA | B24: 860 | C24: 1552 | D24: 954 | E24: 66 | F24: 40 | G24: 0 | H24: =SUM(B24:G24) -> 3472
A25: PROTEINURIA 24 HORAS | B25: 8 | C25: 0 | D25: 15 | E25: 0 | F25: 0 | G25: 0 | H25: =SUM(B25:G25) -> 23
A26: BILIRRUBINA TOTAL | B26: 621 | C26: 470 | D26: 405 | E26: 13 | F26: 17 | G26: 0 | H26: =SUM(B26:G26) -> 1526 | J26: PROGRAMAS / METAXENICAS | K26: TOTAL
A27: BILIRRUBINA DIRECTA | B27: 618 | C27: 470 | D27: 401 | E27: 13 | F27: 17 | G27: 0 | H27: =SUM(B27:G27) -> 1519 | K27: Hospitaliz | L27: Emergenc | M27: Programa | N27: Privado | O27: Convenio | P27: Insolvencia | Q27: TOTAL
A28: PROTEINAS TOTAL | B28: 558 | C28: 451 | D28: 481 | E28: 14 | F28: 18 | G28: 0 | H28: =SUM(B28:G28) -> 1522 | J28: TOTAL DE EXAMENES | K28: =SUM(K29:K37) -> 161 | L28: =SUM(L29:L37) -> 495 | M28: =SUM(M29:M37) -> 207 | N28: =SUM(N29:N37) -> 3 | O28: =SUM(O29:O37) -> 0 | P28: =SUM(P29:P37) -> 0 | Q28: =SUM(K28:P28) -> 866
A29: ALBUMINA | B29: 545 | C29: 458 | D29: 475 | E29: 6 | F29: 18 | G29: 0 | H29: =SUM(B29:G29) -> 1502 | J29: TUBERCULOSIS | K29: 114 | L29: 27 | M29: 125 | N29: 0 | O29: 0 | P29: 0 | Q29: =SUM(K29:P29) -> 266
A30: TGO | B30: 615 | C30: 538 | D30: 672 | E30: 33 | F30: 27 | G30: 0 | H30: =SUM(B30:G30) -> 1885 | J30: LEISHMANIA | K30: 0 | L30: 0 | M30: 4 | N30: 0 | O30: 0 | P30: 0 | Q30: =SUM(K30:P30) -> 4
A31: TGP | B31: 612 | C31: 538 | D31: 672 | E31: 32 | F31: 27 | G31: 0 | H31: =SUM(B31:G31) -> 1881 | J31: PROGRAMA LEPRAE | K31: 0 | L31: 0 | M31: 6 | N31: 0 | O31: 0 | P31: 0 | Q31: =SUM(K31:P31) -> 6
A32: GGTP | B32: 0 | C32: 2 | D32: 2 | E32: 1 | F32: 0 | G32: 0 | H32: =SUM(B32:G32) -> 5 | J32: MALARIA | K32: 35 | L32: 367 | M32: 40 | N32: 0 | O32: 0 | P32: 0 | Q32: =SUM(K32:P32) -> 442
A33: LACTATO DESHIDROGENASA (DHL) | B33: 147 | C33: 115 | D33: 65 | E33: 5 | F33: 3 | G33: 0 | H33: =SUM(B33:G33) -> 335 | J33: METAXENICAS (REFERENCIAL) | K33: 0 | L33: 27 | M33: 0 | N33: 0 | O33: 0 | P33: 0 | Q33: =SUM(K33:P33) -> 27
A34: PROTEINA C REACTIVA (CUANTITATIVO) | B34: 787 | C34: 1297 | D34: 148 | E34: 40 | F34: 8 | G34: 0 | H34: =SUM(B34:G34) -> 2280 | J34: CULTIVO DE TB (REFERENCIAL) | K34: 0 | L34: 0 | M34: 28 | N34: 0 | O34: 0 | P34: 0 | Q34: =SUM(K34:P34) -> 28
A35: FOSFATASA ALCALINA | B35: 478 | C35: 314 | D35: 367 | E35: 9 | F35: 17 | G35: 0 | H35: =SUM(B35:G35) -> 1185 | J35: PRUEBA RAPIDA DE DENGUE | K35: 0 | L35: 0 | M35: 0 | N35: 0 | O35: 0 | P35: 0 | Q35: =SUM(K35:P35) -> 0
A36: CPK TOTAL | B36: 0 | C36: 0 | D36: 0 | E36: 0 | F36: 0 | G36: 0 | H36: =SUM(B36:G36) -> 0 | J36: PRUEBA RAPIDA DE LEPTOSPIRA | K36: 12 | L36: 51 | M36: 4 | N36: 3 | O36: 0 | P36: 0 | Q36: =SUM(K36:P36) -> 70
A37: CPK MB | B37: 0 | C37: 4 | D37: 0 | E37: 0 | F37: 0 | G37: 0 | H37: =SUM(B37:G37) -> 4 | J37: PRUEBA RAPIDA DE COVID + INFLUENZA | K37: 0 | L37: 23 | M37: 0 | N37: 0 | O37: 0 | P37: 0 | Q37: =SUM(K37:P37) -> 23
A38: COLESTEROL | B38: 131 | C38: 18 | D38: 420 | E38: 28 | F38: 17 | G38: 3 | H38: =SUM(B38:G38) -> 617
A39: TRIGLICERIDOS | B39: 135 | C39: 18 | D39: 421 | E39: 27 | F39: 17 | G39: 0 | H39: =SUM(B39:G39) -> 618 | J39: BANCO DE SANGRE | K39: TOTAL
A40: HDLc | B40: 269 | C40: 2 | D40: 113 | E40: 20 | F40: 14 | G40: 4 | H40: =SUM(B40:G40) -> 422 | K40: Hospitaliz | L40: Emergenc | M40: C. Externa | N40: Privado | O40: Convenio | P40: Insolvencia | Q40: TOTAL
A41: LDLc | B41: 110 | C41: 2 | D41: 279 | E41: 20 | F41: 14 | G41: 4 | H41: =SUM(B41:G41) -> 429 | J41: TOTAL DE UNIDADES ENTREGADAS | K41: =SUM(K42:K49) -> 671 | L41: =SUM(L42:L49) -> 146 | M41: =SUM(M42:M49) -> 0 | N41: =SUM(N42:N49) -> 0 | O41: =SUM(O42:O49) -> 5 | P41: =SUM(P42:P49) -> 0 | Q41: =SUM(K41:P41) -> 822
A42: ASO | B42: 4 | C42: 0 | D42: 7 | E42: 0 | F42: 0 | G42: 0 | H42: =SUM(B42:G42) -> 11 | J42: SANGRE TOTAL | K42: 0 | L42: 0 | M42: 0 | N42: 0 | O42: 0 | P42: 0 | Q42: =SUM(K42:P42) -> 0
A43: FACTOR REUMATOIDEO | B43: 6 | C43: 2 | D43: 11 | E43: 2 | F43: 1 | G43: 0 | H43: =SUM(B43:G43) -> 22 | J43: GLOBULOS ROJOS | K43: 186 | L43: 56 | M43: 0 | N43: 0 | O43: 2 | P43: 0 | Q43: =SUM(K43:P43) -> 244
A44: HIERRO | B44: 26 | C44: 1 | D44: 21 | E44: 0 | F44: 1 | G44: 0 | H44: =SUM(B44:G44) -> 49 | J44: PLASMA FRESCO CONGELADO | K44: 17 | L44: 0 | M44: 0 | N44: 0 | O44: 0 | P44: 0 | Q44: =SUM(K44:P44) -> 17
A45: LIPASA | B45: 16 | C45: 94 | D45: 29 | E45: 1 | F45: 0 | G45: 0 | H45: =SUM(B45:G45) -> 140 | J45: CRIOPRECIPITADO | K45: 5 | L45: 0 | M45: 0 | N45: 0 | O45: 0 | P45: 0 | Q45: =SUM(K45:P45) -> 5
A46: TRANSFERRINA | B46: 18 | C46: 1 | D46: 9 | E46: 0 | F46: 1 | G46: 0 | H46: =SUM(B46:G46) -> 29 | J46: PLAQUETAS | K46: 44 | L46: 1 | M46: 0 | N46: 0 | O46: 0 | P46: 0 | Q46: =SUM(K46:P46) -> 45
A47: COMPLEMENTO C3 | B47: 37 | C47: 0 | D47: 34 | E47: 0 | F47: 0 | G47: 0 | H47: =SUM(B47:G47) -> 71 | J47: GRUPO SANGUINEO ABO EN GEL | K47: 140 | L47: 22 | M47: 0 | N47: 0 | O47: 1 | P47: 0 | Q47: =SUM(K47:P47) -> 163
A48: COMPLEMENTO C4 | B48: 37 | C48: 0 | D48: 34 | E48: 0 | F48: 0 | G48: 0 | H48: =SUM(B48:G48) -> 71 | J48: PRUEBA CRUZADA MAYOR | K48: 257 | L48: 67 | M48: 0 | N48: 0 | O48: 2 | P48: 0 | Q48: =SUM(K48:P48) -> 326
A49: GASES ARTERIALES | B49: 0 | C49: 794 | D49: 0 | E49: 5 | F49: 0 | G49: 0 | H49: =SUM(B49:G49) -> 799 | J49: PRUEBA CRUZADA MENOR | K49: 22 | L49: 0 | M49: 0 | N49: 0 | O49: 0 | P49: 0 | Q49: =SUM(K49:P49) -> 22
A50: ELECTROLITOS | B50: 430 | C50: 392 | D50: 102 | E50: 17 | F50: 2 | G50: 0 | H50: =SUM(B50:G50) -> 943
A51: TOTAL EXAMENES HEMATOLÓGICOS -HEMOSTASICOS | B51: =SUM(B52:B68) -> 4267 | C51: =SUM(C52:C68) -> 4667 | D51: =SUM(D52:D68) -> 3205 | E51: =SUM(E52:E68) -> 139 | F51: =SUM(F52:F68) -> 93 | G51: =SUM(G52:G68) -> 0 | H51: =SUM(B51:G51) -> 12371
A52: HEMATOCRITO | B52: 32 | C52: 118 | D52: 548 | E52: 3 | F52: 0 | G52: 0 | H52: =SUM(B52:G52) -> 701 | J52: TOTAL DE ATENCIONES EN EL DEPARTAMENTO DE PATOLOGIA CLÍNICA Y ANATOMIA PATOLOGICA
A53: HEMOGLOBINA | B53: 10 | C53: 0 | D53: 36 | E53: 6 | F53: 1 | G53: 0 | H53: =SUM(B53:G53) -> 53 | J53: PROGRAMAS DE SALUD OPORTUNOS PARA LA POBLACION | Q53: TOTAL
A54: HEMOGRAMA AUTOMATIZADO | B54: 1346 | C54: 2461 | D54: 1041 | E54: 81 | F54: 37 | G54: 0 | H54: =SUM(B54:G54) -> 4966 | J54: PROGRAMACION, SEGUIMIENTO Y EVALUACION DE ACTIVIDADES | Q54: 4
A55: PLAQUETAS | B55: 1 | C55: 5 | D55: 1 | E55: 2 | F55: 0 | G55: 0 | H55: =SUM(B55:G55) -> 9 | J55: EXAMEN DE PROCEDIMIENTO BIOQUÍMICO | Q55: =(H12) -> 29058
A56: TC & TS | B56: 387 | C56: 715 | D56: 342 | E56: 14 | F56: 10 | G56: 0 | H56: =SUM(B56:G56) -> 1468 | J56: EXAMEN DE PROCEDIMIENTO HEMATOLÓGICO - HEMOSTASICOS | Q56: =(H51) -> 12371
A57: VSG | B57: 116 | C57: 3 | D57: 40 | E57: 2 | F57: 3 | G57: 0 | H57: =SUM(B57:G57) -> 164 | J57: EXAMEN DE PROCEDIMIENTOS MICROBIOLÓGICOS | Q57: =(H69) -> 785
A58: TEST COOMBS DIRECTO | B58: 28 | C58: 0 | D58: 12 | E58: 0 | F58: 0 | G58: 0 | H58: =SUM(B58:G58) -> 40 | J58: EXAMEN DE PROCEDIMIENTOS UROPARASITOLÓGICOS | Q58: =H82 -> 1661
A59: TEST DE COOMBS INDIRECTO | B59: 5 | C59: 0 | D59: 2 | E59: 0 | F59: 0 | G59: 0 | H59: =SUM(B59:G59) -> 7 | J59: EXAMEN DE PROCEDIMIENTOS INMUNOLÓGICOS | Q59: =H95 -> 4546
A60: GRUPO Y FACTOR | B60: 575 | C60: 881 | D60: 354 | E60: 12 | F60: 8 | G60: 0 | H60: =SUM(B60:G60) -> 1830 | J60: EXAMEN DE PROCEDIMIENTO ANATOMO PATOLÓGICO | Q60: =Q11 -> 1467
A61: LAMINA PERIFERICA | B61: 38 | C61: 5 | D61: 20 | E61: 0 | F61: 1 | G61: 0 | H61: =SUM(B61:G61) -> 64 | J61: EXAMEN DE PROGRAMAS | Q61: =Q28 -> 866
A62: CONSTANTES CORPUSCULARES | B62: 0 | C62: 0 | D62: 0 | E62: 0 | F62: 0 | G62: 0 | H62: =SUM(B62:G62) -> 0 | J62: UNIDADES DE BANCO DE SANGRE | Q62: =Q41 -> 822
A63: RETICULOCITOS | B63: 29 | C63: 1 | D63: 7 | E63: 0 | F63: 0 | G63: 0 | H63: =SUM(B63:G63) -> 37 | P63: TOTAL | Q63: =SUM(Q54:Q62) -> 51580
A64: TIEMPO DE TROMBOPLASTINA | B64: 231 | C64: 66 | D64: 61 | E64: 3 | F64: 5 | G64: 0 | H64: =SUM(B64:G64) -> 366
A65: TIEMPO DE PROTROMBINA | B65: 621 | C65: 156 | D65: 342 | E65: 6 | F65: 14 | G65: 0 | H65: =SUM(B65:G65) -> 1139
A66: INR | B66: 621 | C66: 156 | D66: 342 | E66: 6 | F66: 14 | G66: 0 | H66: =SUM(B66:G66) -> 1139
A67: FIBRINOGENO | B67: 217 | C67: 97 | D67: 47 | E67: 3 | F67: 0 | G67: 0 | H67: =SUM(B67:G67) -> 364
A68: DIMERO D | B68: 10 | C68: 3 | D68: 10 | E68: 1 | F68: 0 | G68: 0 | H68: =SUM(B68:G68) -> 24
A69: TOTAL EXAMENES MICROBIOLOGIA | B69: =SUM(B70:B81) -> 551 | C69: =SUM(C70:C81) -> 72 | D69: =SUM(D70:D81) -> 151 | E69: =SUM(E70:E81) -> 11 | F69: =SUM(F70:F81) -> 0 | G69: =SUM(G70:G81) -> 0 | H69: =SUM(B69:G69) -> 785
A70: UROCULTIVO | B70: 91 | C70: 13 | D70: 107 | E70: 6 | F70: 0 | G70: 0 | H70: =SUM(B70:G70) -> 217
A71: HEMOCULTIVO | B71: 146 | C71: 51 | D71: 12 | E71: 1 | F71: 0 | G71: 0 | H71: =SUM(B71:G71) -> 210
A72: CULTIVO DE CATETER | B72: 10 | C72: 0 | D72: 0 | E72: 0 | F72: 0 | G72: 0 | H72: =SUM(B72:G72) -> 10
A73: CULTIVO DE SECRECION | B73: 77 | C73: 4 | D73: 7 | E73: 3 | F73: 0 | G73: 0 | H73: =SUM(B73:G73) -> 91
A74: CITOQUIMICO | B74: 21 | C74: 1 | D74: 2 | E74: 0 | F74: 0 | G74: 0 | H74: =SUM(B74:G74) -> 24
A75: COPROCULTIVO | B75: 11 | C75: 1 | D75: 5 | E75: 0 | F75: 0 | G75: 0 | H75: =SUM(B75:G75) -> 17
A76: COLORACIÓN GRAM (Secrec.Vaginal y Otros) | B76: 55 | C76: 0 | D76: 5 | E76: 0 | F76: 0 | G76: 0 | H76: =SUM(B76:G76) -> 60
A77: KOH -HONGOS | B77: 26 | C77: 0 | D77: 9 | E77: 1 | F77: 0 | G77: 0 | H77: =SUM(B77:G77) -> 36
A78: CULTIVO DE HONGOS | B78: 46 | C78: 0 | D78: 0 | E78: 0 | F78: 0 | G78: 0 | H78: =SUM(B78:G78) -> 46
A79: TINTA CHINA | B79: 21 | C79: 1 | D79: 2 | E79: 0 | F79: 0 | G79: 0 | H79: =SUM(B79:G79) -> 24
A80: PH LÍQUIDOS CORPORALES | B80: 21 | C80: 1 | D80: 2 | E80: 0 | F80: 0 | G80: 0 | H80: =SUM(B80:G80) -> 24
A81: BACILOSCOPIA DE LÍQUIDOS CORPORALES | B81: 26 | C81: 0 | D81: 0 | E81: 0 | F81: 0 | G81: 0 | H81: =SUM(B81:G81) -> 26
A82: TOTAL EXAMENES URO -PARASITOLÓGICOS | B82: =SUM(B83:B94) -> 157 | C82: =SUM(C83:C94) -> 750 | D82: =SUM(D83:D94) -> 672 | E82: =SUM(E83:E94) -> 75 | F82: =SUM(F83:F94) -> 7 | G82: =SUM(G83:G94) -> 0 | H82: =SUM(B82:G82) -> 1661
A83: HECES SERIADO | B83: 29 | C83: 0 | D83: 69 | E83: 5 | F83: 0 | G83: 0 | H83: =SUM(B83:G83) -> 103
A84: COPROPARASITOLOGICO FUNCIONAL | B84: 20 | C84: 0 | D84: 66 | E84: 8 | F84: 1 | G84: 0 | H84: =SUM(B84:G84) -> 95
A85: RX INFLAMATORIA | B85: 5 | C85: 27 | D85: 10 | E85: 0 | F85: 0 | G85: 0 | H85: =SUM(B85:G85) -> 42
A86: THEVENON HECES | B86: 33 | C86: 0 | D86: 175 | E86: 10 | F86: 0 | G86: 0 | H86: =SUM(B86:G86) -> 218
A87: SUDAN | B87: 0 | C87: 0 | D87: 0 | E87: 0 | F87: 0 | G87: 0 | H87: =SUM(B87:G87) -> 0
A88: BENEDICT | B88: 0 | C88: 0 | D88: 0 | E88: 0 | F88: 0 | G88: 0 | H88: =SUM(B88:G88) -> 0
A89: EXÁMEN COMPLETO DE ORINA | B89: 51 | C89: 683 | D89: 226 | E89: 39 | F89: 4 | G89: 0 | H89: =SUM(B89:G89) -> 1003
A90: TEST GRAHAM | B90: 0 | C90: 0 | D90: 2 | E90: 0 | F90: 0 | G90: 0 | H90: =SUM(B90:G90) -> 2
A91: METODO DE CONCENTRACIÓN (BAERMANN) | B91: 0 | C91: 0 | D91: 8 | E91: 0 | F91: 2 | G91: 0 | H91: =SUM(B91:G91) -> 10
A92: EXAMEN DIRECTO DE HECES | B92: 19 | C92: 40 | D92: 109 | E92: 12 | F92: 0 | G92: 0 | H92: =SUM(B92:G92) -> 180
A93: ANTIGENO H. PYLORI EN HECES | B93: 0 | C93: 0 | D93: 6 | E93: 1 | F93: 0 | G93: 0 | H93: =SUM(B93:G93) -> 7
A94: ADENOVIRUS & ROTAVIRUS | B94: 0 | C94: 0 | D94: 1 | E94: 0 | F94: 0 | G94: 0 | H94: =SUM(B94:G94) -> 1
A95: TOTAL EXAMENES INMUNO SEROLÓGICOS | B95: =SUM(B96:B155) -> 1220 | C95: =SUM(C96:C155) -> 823 | D95: =SUM(D96:D155) -> 2351 | E95: =SUM(E96:E155) -> 52 | F95: =SUM(F96:F155) -> 100 | G95: =SUM(G96:G155) -> 0 | H95: =SUM(B95:G95) -> 4546
A96: RPR | B96: 111 | C96: 225 | D96: 274 | E96: 2 | F96: 13 | G96: 0 | H96: =SUM(B96:G96) -> 625
A97: VDRL | B97: 0 | C97: 0 | D97: 0 | E97: 0 | F97: 0 | G97: 0 | H97: =SUM(B97:G97) -> 0
A98: AGLUTINACIONES | B98: 0 | C98: 0 | D98: 2 | E98: 0 | F98: 0 | G98: 0 | H98: =SUM(B98:G98) -> 2
A99: ROSA DE BENGALA | B99: 0 | C99: 0 | D99: 0 | E99: 0 | F99: 0 | G99: 0 | H99: =SUM(B99:G99) -> 0
A100: ANTI MIELOPEROXIDASA (MPO) | H100: =SUM(B100:G100) -> 0
A101: ANTI PROTEINASA 3 (PR3) | H101: =SUM(B101:G101) -> 0
A102: ANTI CARDIOLIPINA | H102: =SUM(B102:G102) -> 0
H103: =SUM(B103:G103) -> 0
A105: ANA (ELISA) | H105: =SUM(B105:G105) -> 0
A106: HELICOBACTER PILORY IGM | B106: 1 | C106: 18 | D106: 1 | E106: 1 | F106: 1 | G106: 0 | H106: =SUM(B106:G106) -> 22
A107: HELICOBACTER PILORY IGG | B107: 1 | C107: 18 | D107: 1 | E107: 1 | F107: 1 | G107: 0 | H107: =SUM(B107:G107) -> 22
...

Sheet ABRIL
A4: Establecimiento de Salud informante: | B4: HOSPITAL REGIONAL DE LORETO | K4: Mes: | L4: ABRIL
A6: Código Renaes: | B6: 3 | K6: Año: | L6: 2025
A9: PATOLOGÍA CLÍNICA | B9: TOTAL | J9: ANATOMÍA PATOLÓGICA | K9: TOTAL
B10: Hospitaliz | C10: Emergenc | D10: C. Externa | E10: Privado | F10: Convenio | G10: Insolvencia | H10: TOTAL | K10: Hospitaliz | L10: Emergenc | M10: C. Externa | N10: Privado | O10: Convenio | P10: Insolvencia | Q10: TOTAL
A11: TOTAL DE EXAMENES LABORATORIO | B11: =B12+B51+B69+B82+B95 -> 13221 | C11: =C12+C51+C69+C82+C95 -> 18027 | D11: =D12+D51+D69+D82+D95 -> 13422 | E11: =E12+E51+E69+E82+E95 -> 775 | F11: =F12+F51+F69+F82+F95 -> 581 | G11: =G12+G51+G69+G82+G95 -> 105 | H11: =SUM(B11:G11) -> 46131 | J11: TOTAL EXAMENES ANATOMIA PATOLOGICA | K11: =SUM(K12:K23) -> 971 | L11: =SUM(L12:L23) -> 0 | M11: =SUM(M12:M23) -> 1048 | N11: =SUM(N12:N23) -> 8 | O11: =SUM(O12:O23) -> 1 | P11: =SUM(P12:P23) -> 0 | Q11: =SUM(K11:P11) -> 2028
A12: TOTAL EXAMENES BIOQUÍMICOS | B12: =SUM(B13:B50) -> 8887 | C12: =SUM(C13:C50) -> 11331 | D12: =SUM(D13:D50) -> 7985 | E12: =SUM(E13:E50) -> 481 | F12: =SUM(F13:F50) -> 401 | G12: =SUM(G13:G50) -> 68 | H12: =SUM(B12:G12) -> 29153 | J12: TOTAL EXAMENES CITOLÓGICOS (PAP) | K12: 1 | L12: 0 | M12: 24 | N12: 3 | O12: 0 | P12: 0 | Q12: =SUM(K12:P12) -> 28
A13: ACIDO URICO | B13: 30 | C13: 7 | D13: 100 | E13: 2 | F13: 7 | G13: 1 | H13: =SUM(B13:G13) -> 147 | J13: TOTAL BAAF | K13: 0 | L13: 0 | M13: 5 | N13: 0 | O13: 0 | P13: 0 | Q13: =SUM(K13:P13) -> 5
A14: CALCIO | B14: 36 | C14: 2 | D14: 77 | E14: 2 | F14: 6 | G14: 0 | H14: =SUM(B14:G14) -> 123 | J14: TOTAL EXAMENES HISTOPATOLÓGICOS (Biopsia) | K14: 3 | L14: 0 | M14: 69 | N14: 4 | O14: 1 | P14: 0 | Q14: =SUM(K14:P14) -> 77
A15: AMILASA | B15: 86 | C15: 104 | D15: 26 | E15: 1 | F15: 0 | G15: 0 | H15: =SUM(B15:G15) -> 217 | J15: TOTAL PIEZA QUIRURGICA (HISTOLOGIA) | K15: 54 | L15: 0 | M15: 35 | N15: 1 | O15: 0 | P15: 0 | Q15: =SUM(K15:P15) -> 90
A16: GLUCOSA | B16: 760 | C16: 1586 | D16: 840 | E16: 72 | F16: 43 | G16: 17 | H16: =SUM(B16:G16) -> 3318 | J16: TOTAL CITOLOGIA ESPECIAL | K16: 5 | L16: 0 | M16: 0 | N16: 0 | O16: 0 | P16: 0 | Q16: =SUM(K16:P16) -> 5
A17: GLUCOSA POST PRANDIAL | B17: 0 | C17: 0 | D17: 10 | E17: 0 | F17: 0 | G17: 0 | H17: =SUM(B17:G17) -> 10 | J17: TOTAL DE TEJIDOS INCLUIDOS | K17: 300 | L17: 0 | M17: 305 | N17: 0 | O17: 0 | P17: 0 | Q17: =SUM(K17:P17) -> 605
A18: FOSFORO | B18: 19 | C18: 2 | D18: 66 | E18: 2 | F18: 5 | G18: 0 | H18: =SUM(B18:G18) -> 94 | J18: TOTAL DE CORTES DE TEJIDOS | K18: 300 | L18: 0 | M18: 305 | N18: 0 | O18: 0 | P18: 0 | Q18: =SUM(K18:P18) -> 605
A19: HEMOGLOBINA GLICOSILADA | B19: 90 | C19: 29 | D19: 166 | E19: 12 | F19: 13 | G19: 0 | H19: =SUM(B19:G19) -> 310 | J19: TOTAL DE LÁMINAS MONTADAS | K19: 300 | L19: 0 | M19: 305 | N19: 0 | O19: 0 | P19: 0 | Q19: =SUM(K19:P19) -> 605
A20: TOLERANCIA A LA GLUCOSA | B20: 2 | C20: 0 | D20: 25 | E20: 0 | F20: 0 | G20: 0 | H20: =SUM(B20:G20) -> 27 | J20: TOTAL DE HISTOQUIMICA | K20: 8 | L20: 0 | M20: 0 | N20: 0 | O20: 0 | P20: 0 | Q20: =SUM(K20:P20) -> 8
A21: CREATININA | B21: 812 | C21: 1573 | D21: 901 | E21: 63 | F21: 48 | G21: 1 | H21: =SUM(B21:G21) -> 3398 | J21: TOTAL DE INMUNOHISTOQUIMICA
A22: DEPURACION DE CREATININA | B22: 1 | C22: 0 | D22: 4 | E22: 1 | F22: 0 | G22: 0 | H22: =SUM(B22:G22) -> 6 | J22: TOTAL AUTOPSIA MÉDICO LEGAL | K22: 0 | L22: 0 | M22: 0 | N22: 0 | O22: 0 | P22: 0 | Q22: =SUM(K22:P22) -> 0
A23: MICROALBUMINURIA | B23: 2 | C23: 0 | D23: 23 | E23: 0 | F23: 4 | G23: 0 | H23: =SUM(B23:G23) -> 29 | J23: TOTAL AUTOPSIA CLÍNICA | K23: 0 | L23: 0 | M23: 0 | N23: 0 | O23: 0 | P23: 0 | Q23: =SUM(K23:P23) -> 0
A24: UREA | B24: 810 | C24: 1571 | D24: 884 | E24: 58 | F24: 43 | G24: 2 | H24: =SUM(B24:G24) -> 3368
A25: PROTEINURIA 24 HORAS | B25: 19 | C25: 7 | D25: 42 | E25: 0 | F25: 3 | G25: 0 | H25: =SUM(B25:G25) -> 71
A26: BILIRRUBINA TOTAL | B26: 555 | C26: 572 | D26: 412 | E26: 18 | F26: 11 | G26: 1 | H26: =SUM(B26:G26) -> 1569 | J26: PROGRAMAS / METAXENICAS | K26: TOTAL
A27: BILIRRUBINA DIRECTA | B27: 555 | C27: 572 | D27: 412 | E27: 18 | F27: 11 | G27: 1 | H27: =SUM(B27:G27) -> 1569 | K27: Hospitaliz | L27: Emergenc | M27: Programa | N27: Privado | O27: Convenio | P27: Insolvencia | Q27: TOTAL
A28: PROTEINAS TOTAL | B28: 601 | C28: 621 | D28: 459 | E28: 20 | F28: 20 | G28: 3 | H28: =SUM(B28:G28) -> 1724 | J28: TOTAL DE EXAMENES | K28: =SUM(K29:K37) -> 177 | L28: =SUM(L29:L37) -> 558 | M28: =SUM(M29:M37) -> 362 | N28: =SUM(N29:N37) -> 0 | O28: =SUM(O29:O37) -> 0 | P28: =SUM(P29:P37) -> 0 | Q28: =SUM(K28:P28) -> 1097
A29: ALBUMINA | B29: 605 | C29: 621 | D29: 458 | E29: 10 | F29: 20 | G29: 3 | H29: =SUM(B29:G29) -> 1717 | J29: TUBERCULOSIS | K29: 117 | L29: 4 | M29: 103 | N29: 0 | O29: 0 | P29: 0 | Q29: =SUM(K29:P29) -> 224
A30: TGO | B30: 639 | C30: 651 | D30: 626 | E30: 31 | F30: 32 | G30: 2 | H30: =SUM(B30:G30) -> 1981 | J30: LEISHMANIA | K30: 0 | L30: 0 | M30: 1 | N30: 0 | O30: 0 | P30: 0 | Q30: =SUM(K30:P30) -> 1
A31: TGP | B31: 639 | C31: 651 | D31: 625 | E31: 31 | F31: 32 | G31: 2 | H31: =SUM(B31:G31) -> 1980 | J31: PROGRAMA LEPRAE | K31: 0 | L31: 0 | M31: 30 | N31: 0 | O31: 0 | P31: 0 | Q31: =SUM(K31:P31) -> 30
A32: GGTP | B32: 0 | C32: 0 | D32: 1 | E32: 0 | F32: 0 | G32: 0 | H32: =SUM(B32:G32) -> 1 | J32: MALARIA | K32: 42 | L32: 375 | M32: 34 | N32: 0 | O32: 0 | P32: 0 | Q32: =SUM(K32:P32) -> 451
A33: LACTATO DESHIDROGENASA (DHL) | B33: 263 | C33: 157 | D33: 58 | E33: 0 | F33: 0 | G33: 0 | H33: =SUM(B33:G33) -> 478 | J33: METAXENICAS (REFERENCIAL) | K33: 0 | L33: 0 | M33: 167 | N33: 0 | O33: 0 | P33: 0 | Q33: =SUM(K33:P33) -> 167
A34: PROTEINA C REACTIVA (CUANTITATIVO) | B34: 812 | C34: 1265 | D34: 151 | E34: 38 | F34: 11 | G34: 2 | H34: =SUM(B34:G34) -> 2279 | J34: CULTIVO DE TB (REFERENCIAL) | K34: 0 | L34: 0 | M34: 19 | N34: 0 | O34: 0 | P34: 0 | Q34: =SUM(K34:P34) -> 19
A35: FOSFATASA ALCALINA | B35: 493 | C35: 0 | D35: 353 | E35: 14 | F35: 8 | G35: 1 | H35: =SUM(B35:G35) -> 869 | J35: PRUEBA RAPIDA DE DENGUE | K35: 0 | L35: 174 | M35: 0 | N35: 0 | O35: 0 | P35: 0 | Q35: =SUM(K35:P35) -> 174
A36: CPK TOTAL | B36: 0 | C36: 0 | D36: 0 | E36: 0 | F36: 0 | G36: 0 | H36: =SUM(B36:G36) -> 0 | J36: PRUEBA RAPIDA DE LEPTOSPIRA | K36: 18 | L36: 5 | M36: 8 | N36: 0 | O36: 0 | P36: 0 | Q36: =SUM(K36:P36) -> 31
A37: CPK MB | B37: 29 | C37: 21 | D37: 2 | E37: 0 | F37: 2 | G37: 0 | H37: =SUM(B37:G37) -> 54 | J37: PRUEBA RAPIDA DE COVID | K37: 0 | L37: 0 | M37: 0 | N37: 0 | O37: 0 | P37: 0 | Q37: =SUM(K37:P37) -> 0
A38: COLESTEROL | B38: 106 | C38: 36 | D38: 316 | E38: 22 | F38: 26 | G38: 15 | H38: =SUM(B38:G38) -> 521
A39: TRIGLICERIDOS | B39: 107 | C39: 38 | D39: 320 | E39: 25 | F39: 26 | G39: 15 | H39: =SUM(B39:G39) -> 531 | J39: BANCO DE SANGRE | K39: TOTAL
A40: HDLc | B40: 72 | C40: 5 | D40: 186 | E40: 11 | F40: 8 | G40: 1 | H40: =SUM(B40:G40) -> 283 | K40: Hospitaliz | L40: Emergenc | M40: C. Externa | N40: Privado | O40: Convenio | P40: Insolvencia | Q40: TOTAL
A41: LDLc | B41: 73 | C41: 5 | D41: 194 | E41: 11 | F41: 8 | G41: 1 | H41: =SUM(B41:G41) -> 292 | J41: TOTAL DE UNIDADES ENTREGADAS | K41: =SUM(K42:K49) -> 596 | L41: =SUM(L42:L49) -> 299 | M41: =SUM(M42:M49) -> 0 | N41: =SUM(N42:N49) -> 4 | O41: =SUM(O42:O49) -> 2 | P41: =SUM(P42:P49) -> 0 | Q41: =SUM(K41:P41) -> 901
A42: ASO | B42: 3 | C42: 0 | D42: 4 | E42: 0 | F42: 0 | G42: 0 | H42: =SUM(B42:G42) -> 7 | J42: SANGRE TOTAL | K42: 0 | L42: 0 | M42: 0 | N42: 0 | O42: 0 | P42: 0 | Q42: =SUM(K42:P42) -> 0
A43: FACTOR REUMATOIDEO | B43: 11 | C43: 0 | D43: 52 | E43: 2 | F43: 2 | G43: 0 | H43: =SUM(B43:G43) -> 67 | J43: GLOBULOS ROJOS | K43: 153 | L43: 89 | M43: 0 | N43: 2 | O43: 1 | P43: 0 | Q43: =SUM(K43:P43) -> 245
A44: HIERRO | B44: 19 | C44: 0 | D44: 14 | E44: 0 | F44: 2 | G44: 0 | H44: =SUM(B44:G44) -> 35 | J44: PLASMA FRESCO CONGELADO | K44: 6 | L44: 8 | M44: 0 | N44: 0 | O44: 0 | P44: 0 | Q44: =SUM(K44:P44) -> 14
A45: LIPASA | B45: 75 | C45: 93 | D45: 29 | E45: 1 | F45: 0 | G45: 0 | H45: =SUM(B45:G45) -> 198 | J45: CRIOPRECIPITADO | K45: 4 | L45: 0 | M45: 0 | N45: 0 | O45: 0 | P45: 0 | Q45: =SUM(K45:P45) -> 4
A46: TRANSFERRINA | B46: 23 | C46: 0 | D46: 8 | E46: 0 | F46: 1 | G46: 0 | H46: =SUM(B46:G46) -> 32 | J46: PLAQUETAS | K46: 5 | L46: 4 | M46: 0 | N46: 0 | O46: 0 | P46: 0 | Q46: =SUM(K46:P46) -> 9
A47: COMPLEMENTO C3 | B47: 21 | C47: 15 | D47: 25 | E47: 1 | F47: 0 | G47: 0 | H47: =SUM(B47:G47) -> 62 | J47: GRUPO SANGUINEO ABO EN GEL | K47: 167 | L47: 96 | M47: 0 | N47: 0 | O47: 0 | P47: 0 | Q47: =SUM(K47:P47) -> 263
A48: COMPLEMENTO C4 | B48: 21 | C48: 15 | D48: 25 | E48: 1 | F48: 0 | G48: 0 | H48: =SUM(B48:G48) -> 62 | J48: PRUEBA CRUZADA MAYOR | K48: 244 | L48: 93 | M48: 0 | N48: 2 | O48: 1 | P48: 0 | Q48: =SUM(K48:P48) -> 340
A49: GASES ARTERIALES | B49: 0 | C49: 615 | D49: 0 | E49: 1 | F49: 0 | G49: 0 | H49: =SUM(B49:G49) -> 616 | J49: PRUEBA CRUZADA MENOR | K49: 17 | L49: 9 | M49: 0 | N49: 0 | O49: 0 | P49: 0 | Q49: =SUM(K49:P49) -> 26
A50: ELECTROLITOS | B50: 498 | C50: 497 | D50: 91 | E50: 13 | F50: 9 | G50: 0 | H50: =SUM(B50:G50) -> 1108
A51: TOTAL EXAMENES HEMATOLÓGICOS -HEMOSTASICOS | B51: =SUM(B52:B68) -> 2399 | C51: =SUM(C52:C68) -> 4969 | D51: =SUM(D52:D68) -> 2430 | E51: =SUM(E52:E68) -> 154 | F51: =SUM(F52:F68) -> 98 | G51: =SUM(G52:G68) -> 37 | H51: =SUM(B51:G51) -> 10087
A52: HEMATOCRITO | B52: 382 | C52: 102 | D52: 153 | E52: 1 | F52: 2 | G52: 0 | H52: =SUM(B52:G52) -> 640 | J52: TOTAL DE ATENCIONES EN EL DEPARTAMENTO DE PATOLOGIA CLÍNICA Y ANATOMIA PATOLOGICA
A53: HEMOGLOBINA | B53: 8 | C53: 0 | D53: 33 | E53: 2 | F53: 1 | G53: 0 | H53: =SUM(B53:G53) -> 44 | J53: PROGRAMAS DE SALUD OPORTUNOS PARA LA POBLACION | Q53: TOTAL
A54: HEMOGRAMA AUTOMATIZADO | B54: 776 | C54: 2442 | D54: 1025 | E54: 44 | F54: 49 | G54: 20 | H54: =SUM(B54:G54) -> 4356 | J54: PROGRAMACION, SEGUIMIENTO Y EVALUACION DE ACTIVIDADES | Q54: 4
A55: PLAQUETAS | B55: 17 | C55: 7 | D55: 106 | E55: 1 | F55: 1 | G55: 0 | H55: =SUM(B55:G55) -> 132 | J55: EXAMEN DE PROCEDIMIENTO BIOQUÍMICO | Q55: =(H12) -> 29153
A56: T COAGULACIÓN & T SANGRÍA | B56: 139 | C56: 703 | D56: 204 | E56: 37 | F56: 6 | G56: 1 | H56: =SUM(B56:G56) -> 1090 | J56: EXAMEN DE PROCEDIMIENTO HEMATOLÓGICO - HEMOSTASICOS | Q56: =(H51) -> 10087
A57: VELOCIDAD DE SEDIMENTACIÓN GLOBULAR | B57: 31 | C57: 0 | D57: 28 | E57: 1 | F57: 0 | G57: 0 | H57: =SUM(B57:G57) -> 60 | J57: EXAMEN DE PROCEDIMIENTOS MICROBIOLÓGICOS | Q57: =(H69) -> 711
A58: TEST COOMBS DIRECTO | B58: 11 | C58: 2 | D58: 13 | E58: 1 | F58: 0 | G58: 0 | H58: =SUM(B58:G58) -> 27 | J58: EXAMEN DE PROCEDIMIENTOS UROPARASITOLÓGICOS | Q58: =H82 -> 1983
A59: TEST DE COOMBS INDIRECTO | B59: 7 | C59: 0 | D59: 6 | E59: 0 | F59: 0 | G59: 0 | H59: =SUM(B59:G59) -> 13 | J59: EXAMEN DE PROCEDIMIENTOS INMUNOLÓGICOS | Q59: =H95 -> 4197
A60: GRUPO SANGUINEO Y FACTOR RH | B60: 286 | C60: 807 | D60: 294 | E60: 6 | F60: 9 | G60: 16 | H60: =SUM(B60:G60) -> 1418 | J60: EXAMEN DE PROCEDIMIENTO ANATOMO PATOLÓGICO | Q60: =Q11 -> 2028
A61: LAMINA PERIFERICA | B61: 20 | C61: 0 | D61: 14 | E61: 0 | F61: 0 | G61: 0 | H61: =SUM(B61:G61) -> 34 | J61: EXAMEN DE PROGRAMAS | Q61: =Q28 -> 1097
A62: CONSTANTES CORPUSCULARES | B62: 0 | C62: 0 | D62: 0 | E62: 0 | F62: 0 | G62: 0 | H62: =SUM(B62:G62) -> 0 | J62: UNIDADES DE BANCO DE SANGRE | Q62: =Q41 -> 901
A63: RETICULOCITOS | B63: 15 | C63: 2 | D63: 16 | E63: 0 | F63: 0 | G63: 0 | H63: =SUM(B63:G63) -> 33 | P63: TOTAL | Q63: =SUM(Q54:Q62) -> 50161
A64: TIEMPO DE TROMBOPLASTINA | B64: 100 | C64: 91 | D64: 43 | E64: 7 | F64: 1 | G64: 0 | H64: =SUM(B64:G64) -> 242
A65: TIEMPO DE PROTROMBINA | B65: 242 | C65: 340 | D65: 231 | E65: 25 | F65: 14 | G65: 0 | H65: =SUM(B65:G65) -> 852
A66: INR | B66: 242 | C66: 340 | D66: 231 | E66: 25 | F66: 14 | G66: 0 | H66: =SUM(B66:G66) -> 852
A67: FIBRINOGENO | B67: 114 | C67: 114 | D67: 32 | E67: 4 | F67: 1 | G67: 0 | H67: =SUM(B67:G67) -> 265
A68: DIMERO D | B68: 9 | C68: 19 | D68: 1 | E68: 0 | F68: 0 | G68: 0 | H68: =SUM(B68:G68) -> 29
A69: TOTAL EXAMENES MICROBIOLOGIA | B69: =SUM(B70:B81) -> 517 | C69: =SUM(C70:C81) -> 55 | D69: =SUM(D70:D81) -> 122 | E69: =SUM(E70:E81) -> 17 | F69: =SUM(F70:F81) -> 0 | G69: =SUM(G70:G81) -> 0 | H69: =SUM(B69:G69) -> 711
A70: UROCULTIVO | B70: 48 | C70: 10 | D70: 93 | E70: 11 | F70: 0 | G70: 0 | H70: =SUM(B70:G70) -> 162
A71: HEMOCULTIVO | B71: 140 | C71: 38 | D71: 9 | E71: 3 | F71: 0 | G71: 0 | H71: =SUM(B71:G71) -> 190
A72: CULTIVO DE CATETER | B72: 10 | C72: 0 | D72: 0 | E72: 0 | F72: 0 | G72: 0 | H72: =SUM(B72:G72) -> 10
A73: CULTIVO DE SECRECION | B73: 76 | C73: 3 | D73: 6 | E73: 2 | F73: 0 | G73: 0 | H73: =SUM(B73:G73) -> 87
A74: CITOQUIMICO | B74: 28 | C74: 0 | D74: 0 | E74: 0 | F74: 0 | G74: 0 | H74: =SUM(B74:G74) -> 28
A75: COPROCULTIVO | B75: 12 | C75: 0 | D75: 0 | E75: 1 | F75: 0 | G75: 0 | H75: =SUM(B75:G75) -> 13
A76: COLORACIÓN GRAM (Secrec.Vaginal y Otros) | B76: 52 | C76: 3 | D76: 4 | E76: 0 | F76: 0 | G76: 0 | H76: =SUM(B76:G76) -> 59
A77: KOH -HONGOS | B77: 21 | C77: 0 | D77: 7 | E77: 0 | F77: 0 | G77: 0 | H77: =SUM(B77:G77) -> 28
A78: CULTIVO DE HONGOS | B78: 46 | C78: 1 | D78: 3 | E78: 0 | F78: 0 | G78: 0 | H78: =SUM(B78:G78) -> 50
A79: TINTA CHINA | B79: 28 | C79: 0 | D79: 0 | E79: 0 | F79: 0 | G79: 0 | H79: =SUM(B79:G79) -> 28
A80: PH LÍQUIDOS CORPORALES | B80: 28 | C80: 0 | D80: 0 | E80: 0 | F80: 0 | G80: 0 | H80: =SUM(B80:G80) -> 28
A81: BACILOSCOPIA DE LÍQUIDOS CORPORALES | B81: 28 | C81: 0 | D81: 0 | E81: 0 | F81: 0 | G81: 0 | H81: =SUM(B81:G81) -> 28
A82: TOTAL EXAMENES URO -PARASITOLÓGICOS | B82: =SUM(B83:B94) -> 221 | C82: =SUM(C83:C94) -> 772 | D82: =SUM(D83:D94) -> 933 | E82: =SUM(E83:E94) -> 57 | F82: =SUM(F83:F94) -> 0 | G82: =SUM(G83:G94) -> 0 | H82: =SUM(B82:G82) -> 1983
A83: HECES SERIADO | B83: 26 | C83: 0 | D83: 70 | E83: 4 | F83: 0 | G83: 0 | H83: =SUM(B83:G83) -> 100
A84: COPROPARASITOLOGICO FUNCIONAL | B84: 28 | C84: 0 | D84: 80 | E84: 3 | F84: 0 | G84: 0 | H84: =SUM(B84:G84) -> 111
A85: RX INFLAMATORIA | B85: 6 | C85: 40 | D85: 1 | E85: 1 | F85: 0 | G85: 0 | H85: =SUM(B85:G85) -> 48
A86: THEVENON HECES | B86: 33 | C86: 2 | D86: 194 | E86: 3 | F86: 0 | G86: 0 | H86: =SUM(B86:G86) -> 232
A87: SUDAN | B87: 1 | C87: 0 | D87: 0 | E87: 0 | F87: 0 | G87: 0 | H87: =SUM(B87:G87) -> 1
A88: BENEDICT | B88: 0 | C88: 0 | D88: 0 | E88: 0 | F88: 0 | G88: 0 | H88: =SUM(B88:G88) -> 0
A89: EXÁMEN COMPLETO DE ORINA | B89: 81 | C89: 693 | D89: 440 | E89: 37 | H89: =SUM(B89:G89) -> 1251
A90: TEST GRAHAM | B90: 4 | C90: 0 | D90: 1 | E90: 1 | F90: 0 | G90: 0 | H90: =SUM(B90:G90) -> 6
A91: METODO DE CONCENTRACIÓN (BAERMANN) | B91: 0 | C91: 0 | D91: 0 | E91: 0 | F91: 0 | G91: 0 | H91: =SUM(B91:G91) -> 0
A92: EXAMEN DIRECTO DE HECES | B92: 27 | C92: 37 | D92: 121 | E92: 5 | F92: 0 | G92: 0 | H92: =SUM(B92:G92) -> 190
A93: ANTIGENO H. PYLORI EN HECES | B93: 8 | C93: 0 | D93: 25 | E93: 3 | F93: 0 | G93: 0 | H93: =SUM(B93:G93) -> 36
A94: ADENOVIRUS & ROTAVIRUS | B94: 7 | C94: 0 | D94: 1 | E94: 0 | F94: 0 | G94: 0 | H94: =SUM(B94:G94) -> 8
A95: TOTAL EXAMENES INMUNO SEROLÓGICOS | B95: =SUM(B96:B155) -> 1197 | C95: =SUM(C96:C155) -> 900 | D95: =SUM(D96:D155) -> 1952 | E95: =SUM(E96:E155) -> 66 | F95: =SUM(F96:F155) -> 82 | G95: =SUM(G96:G155) -> 0 | H95: =SUM(B95:G95) -> 4197
A96: RPR | B96: 90 | C96: 221 | D96: 241 | E96: 6 | F96: 12 | G96: 0 | H96: =SUM(B96:G96) -> 570
A97: VDRL | B97: 0 | C97: 0 | D97: 0 | E97: 0 | F97: 0 | G97: 0 | H97: =SUM(B97:G97) -> 0
A98: AGLUTINACIONES | B98: 0 | C98: 0 | D98: 0 | E98: 0 | F98: 0 | G98: 0 | H98: =SUM(B98:G98) -> 0
A99: ROSA DE BENGALA | B99: 0 | C99: 0 | D99: 0 | E99: 0 | F99: 0 | G99: 0 | H99: =SUM(B99:G99) -> 0
A100: ANTI MIELOPEROXIDASA (MPO) | B100: 6 | C100: 0 | D100: 4 | E100: 0 | F100: 0 | G100: 0 | H100: =SUM(B100:G100) -> 10
A101: ANTI PROTEINASA 3 (PR3) | B101: 6 | C101: 0 | D101: 4 | E101: 0 | F101: 0 | G101: 0 | H101: =SUM(B101:G101) -> 10
A102: ANTI CARDIOLIPINA | B102: 0 | C102: 0 | D102: 1 | E102: 0 | F102: 0 | G102: 0 | H102: =SUM(B102:G102) -> 1
H103: =SUM(B103:G103) -> 0
A105: ANA (ELISA) | B105: 20 | C105: 0 | D105: 31 | E105: 0 | F105: 1 | G105: 0 | H105: =SUM(B105:G105) -> 52
A106: HELICOBACTER PILORY IGM | B106: 0 | C106: 0 | D106: 38 | E106: 2 | F106: 0 | G106: 0 | H106: =SUM(B106:G106) -> 40
A107: HELICOBACTER PILORY IGG | B107: 0 | C107: 0 | D107: 38 | E107: 2 | F107: 0 | G107: 0 | H107: =SUM(B107:G107) -> 40
...

Sheet MAYO
A4: Establecimiento de Salud informante: | B4: HOSPITAL REGIONAL DE LORETO | K4: Mes: | L4: MAYO
A6: Código Renaes: | B6: 3 | K6: Año: | L6: 2025
A9: PATOLOGÍA CLÍNICA | B9: TOTAL | J9: ANATOMÍA PATOLÓGICA | K9: TOTAL
B10: Hospitaliz | C10: Emergenc | D10: C. Externa | E10: Privado | F10: Convenio | G10: Insolvencia | H10: TOTAL | K10: Hospitaliz | L10: Emergenc | M10: C. Externa | N10: Privado | O10: Convenio | P10: Insolvencia | Q10: TOTAL
A11: TOTAL DE EXAMENES LABORATORIO | B11: =B12+B51+B69+B82+B95 -> 13313 | C11: =C12+C51+C69+C82+C95 -> 17733 | D11: =D12+D51+D69+D82+D95 -> 13544 | E11: =E12+E51+E69+E82+E95 -> 760 | F11: =F12+F51+F69+F82+F95 -> 525 | G11: =G12+G51+G69+G82+G95 -> 7 | H11: =SUM(B11:G11) -> 45882 | J11: TOTAL EXAMENES ANATOMIA PATOLOGICA | K11: =SUM(K12:K23) -> 664 | L11: =SUM(L12:L23) -> 0 | M11: =SUM(M12:M23) -> 879 | N11: =SUM(N12:N23) -> 4 | O11: =SUM(O12:O23) -> 1 | P11: =SUM(P12:P23) -> 0 | Q11: =SUM(K11:P11) -> 1548
A12: TOTAL EXAMENES BIOQUÍMICOS | B12: =SUM(B13:B50) -> 8810 | C12: =SUM(C13:C50) -> 11473 | D12: =SUM(D13:D50) -> 8363 | E12: =SUM(E13:E50) -> 466 | F12: =SUM(F13:F50) -> 372 | G12: =SUM(G13:G50) -> 0 | H12: =SUM(B12:G12) -> 29484 | J12: TOTAL EXAMENES CITOLÓGICOS (PAP) | K12: 0 | L12: 0 | M12: 41 | N12: 3 | O12: 0 | P12: 0 | Q12: =SUM(K12:P12) -> 44
A13: ACIDO URICO | B13: 31 | C13: 0 | D13: 58 | E13: 2 | F13: 4 | G13: 0 | H13: =SUM(B13:G13) -> 95 | J13: TOTAL BAAF | K13: 0 | L13: 0 | M13: 5 | N13: 0 | O13: 0 | P13: 0 | Q13: =SUM(K13:P13) -> 5
A14: CALCIO | B14: 41 | C14: 1 | D14: 26 | E14: 1 | F14: 2 | G14: 0 | H14: =SUM(B14:G14) -> 71 | J14: TOTAL EXAMENES HISTOPATOLÓGICOS (Biopsia) | K14: 11 | L14: 0 | M14: 61 | N14: 1 | O14: 1 | P14: 0 | Q14: =SUM(K14:P14) -> 74
A15: AMILASA | B15: 65 | C15: 129 | D15: 15 | E15: 6 | F15: 1 | G15: 0 | H15: =SUM(B15:G15) -> 216 | J15: TOTAL PIEZA QUIRURGICA (HISTOLOGIA) | K15: 48 | L15: 0 | M15: 41 | N15: 0 | O15: 0 | P15: 0 | Q15: =SUM(K15:P15) -> 89
A16: GLUCOSA | B16: 733 | C16: 1572 | D16: 911 | E16: 66 | F16: 36 | G16: 0 | H16: =SUM(B16:G16) -> 3318 | J16: TOTAL CITOLOGIA ESPECIAL | K16: 5 | L16: 0 | M16: 0 | N16: 0 | O16: 0 | P16: 0 | Q16: =SUM(K16:P16) -> 5
A17: GLUCOSA POST PRANDIAL | B17: 0 | C17: 0 | D17: 13 | E17: 0 | F17: 1 | G17: 0 | H17: =SUM(B17:G17) -> 14 | J17: TOTAL DE TEJIDOS INCLUIDOS | K17: 200 | L17: 0 | M17: 239 | N17: 0 | O17: 0 | P17: 0 | Q17: =SUM(K17:P17) -> 439
A18: FOSFORO | B18: 23 | C18: 0 | D18: 19 | E18: 0 | F18: 1 | G18: 0 | H18: =SUM(B18:G18) -> 43 | J18: TOTAL DE CORTES DE TEJIDOS | K18: 200 | L18: 0 | M18: 243 | N18: 0 | O18: 0 | P18: 0 | Q18: =SUM(K18:P18) -> 443
A19: HEMOGLOBINA GLICOSILADA | B19: 97 | C19: 43 | D19: 195 | E19: 8 | F19: 7 | G19: 0 | H19: =SUM(B19:G19) -> 350 | J19: TOTAL DE LÁMINAS MONTADAS | K19: 200 | L19: 0 | M19: 243 | N19: 0 | O19: 0 | P19: 0 | Q19: =SUM(K19:P19) -> 443
A20: TOLERANCIA A LA GLUCOSA | B20: 0 | C20: 0 | D20: 31 | E20: 2 | F20: 4 | G20: 0 | H20: =SUM(B20:G20) -> 37 | J20: TOTAL DE HISTOQUIMICA | K20: 0 | L20: 0 | M20: 6 | N20: 0 | O20: 0 | P20: 0 | Q20: =SUM(K20:P20) -> 6
A21: CREATININA | B21: 918 | C21: 1598 | D21: 912 | E21: 62 | F21: 40 | G21: 0 | H21: =SUM(B21:G21) -> 3530
A22: DEPURACION DE CREATININA | B22: 1 | C22: 0 | D22: 15 | E22: 0 | F22: 1 | G22: 0 | H22: =SUM(B22:G22) -> 17 | J22: TOTAL AUTOPSIA MÉDICO LEGAL | K22: 0 | L22: 0 | M22: 0 | N22: 0 | O22: 0 | P22: 0 | Q22: =SUM(K22:P22) -> 0
A23: MICROALBUMINURIA | B23: 0 | C23: 0 | D23: 48 | E23: 0 | F23: 1 | G23: 0 | H23: =SUM(B23:G23) -> 49 | J23: TOTAL AUTOPSIA CLÍNICA | K23: 0 | L23: 0 | M23: 0 | N23: 0 | O23: 0 | P23: 0 | Q23: =SUM(K23:P23) -> 0
A24: UREA | B24: 918 | C24: 1600 | D24: 908 | E24: 61 | F24: 40 | G24: 0 | H24: =SUM(B24:G24) -> 3527
A25: PROTEINURIA 24 HORAS | B25: 28 | C25: 1 | D25: 45 | E25: 0 | F25: 1 | G25: 0 | H25: =SUM(B25:G25) -> 75
A26: BILIRRUBINA TOTAL | B26: 591 | C26: 540 | D26: 410 | E26: 15 | F26: 19 | G26: 0 | H26: =SUM(B26:G26) -> 1575 | J26: PROGRAMAS / METAXENICAS | K26: TOTAL
A27: BILIRRUBINA DIRECTA | B27: 591 | C27: 540 | D27: 410 | E27: 15 | F27: 19 | G27: 0 | H27: =SUM(B27:G27) -> 1575 | K27: Hospitaliz | L27: Emergenc | M27: Programa | N27: Privado | O27: Convenio | P27: Insolvencia | Q27: TOTAL
A28: PROTEINAS TOTAL | B28: 632 | C28: 600 | D28: 486 | E28: 23 | F28: 24 | G28: 0 | H28: =SUM(B28:G28) -> 1765 | J28: TOTAL DE EXAMENES | K28: =SUM(K29:K37) -> 89 | L28: =SUM(L29:L37) -> 409 | M28: =SUM(M29:M37) -> 340 | N28: =SUM(N29:N37) -> 0 | O28: =SUM(O29:O37) -> 0 | P28: =SUM(P29:P37) -> 0 | Q28: =SUM(K28:P28) -> 838
A29: ALBUMINA | B29: 633 | C29: 600 | D29: 486 | E29: 8 | F29: 24 | G29: 0 | H29: =SUM(B29:G29) -> 1751 | J29: TUBERCULOSIS | K29: 73 | L29: 23 | M29: 57 | N29: 0 | O29: 0 | P29: 0 | Q29: =SUM(K29:P29) -> 153
A30: TGO | B30: 561 | C30: 599 | D30: 633 | E30: 34 | F30: 31 | G30: 0 | H30: =SUM(B30:G30) -> 1858 | J30: LEISHMANIA | K30: 1 | L30: 0 | M30: 1 | N30: 0 | O30: 0 | P30: 0 | Q30: =SUM(K30:P30) -> 2
A31: TGP | B31: 561 | C31: 599 | D31: 633 | E31: 34 | F31: 31 | G31: 0 | H31: =SUM(B31:G31) -> 1858 | J31: PROGRAMA LEPRAE | K31: 0 | L31: 0 | M31: 12 | N31: 0 | O31: 0 | P31: 0 | Q31: =SUM(K31:P31) -> 12
A32: GGTP | B32: 0 | C32: 1 | D32: 4 | E32: 0 | F32: 2 | G32: 0 | H32: =SUM(B32:G32) -> 7 | J32: MALARIA | K32: 15 | L32: 275 | M32: 30 | N32: 0 | O32: 0 | P32: 0 | Q32: =SUM(K32:P32) -> 320
A33: LACTATO DESHIDROGENASA (DHL) | B33: 276 | C33: 154 | D33: 80 | E33: 0 | F33: 6 | G33: 0 | H33: =SUM(B33:G33) -> 516 | J33: METAXENICAS (REFERENCIAL) | K33: 0 | L33: 0 | M33: 203 | N33: 0 | O33: 0 | P33: 0 | Q33: =SUM(K33:P33) -> 203
A34: PROTEINA C REACTIVA (CUANTITATIVO) | B34: 606 | C34: 911 | D34: 149 | E34: 33 | F34: 5 | G34: 0 | H34: =SUM(B34:G34) -> 1704 | J34: CULTIVO DE TB (REFERENCIAL) | K34: 0 | L34: 0 | M34: 35 | N34: 0 | O34: 0 | P34: 0 | Q34: =SUM(K34:P34) -> 35
A35: FOSFATASA ALCALINA | B35: 410 | C35: 334 | D35: 380 | E35: 16 | F35: 15 | G35: 0 | H35: =SUM(B35:G35) -> 1155 | J35: PRUEBA RAPIDA DE DENGUE | K35: 0 | L35: 109 | N35: 0 | O35: 0 | P35: 0 | Q35: =SUM(K35:P35) -> 109
A36: CPK TOTAL | B36: 0 | C36: 0 | D36: 0 | E36: 0 | F36: 0 | G36: 0 | H36: =SUM(B36:G36) -> 0 | J36: PRUEBA RAPIDA DE LEPTOSPIRA | K36: 0 | L36: 2 | M36: 2 | N36: 0 | O36: 0 | P36: 0 | Q36: =SUM(K36:P36) -> 4
A37: CPK MB | B37: 27 | C37: 23 | D37: 5 | E37: 0 | F37: 0 | G37: 0 | H37: =SUM(B37:G37) -> 55 | J37: PRUEBA RAPIDA DE COVID | K37: 0 | L37: 0 | M37: 0 | N37: 0 | O37: 0 | P37: 0 | Q37: =SUM(K37:P37) -> 0
A38: COLESTEROL | B38: 111 | C38: 51 | D38: 331 | E38: 17 | F38: 15 | G38: 0 | H38: =SUM(B38:G38) -> 525
A39: TRIGLICERIDOS | B39: 118 | C39: 50 | D39: 333 | E39: 17 | F39: 6 | G39: 0 | H39: =SUM(B39:G39) -> 524 | J39: BANCO DE SANGRE | K39: TOTAL
A40: HDLc | B40: 68 | C40: 0 | D40: 239 | E40: 8 | F40: 11 | G40: 0 | H40: =SUM(B40:G40) -> 326 | K40: Hospitaliz | L40: Emergenc | M40: C. Externa | N40: Privado | O40: Convenio | P40: Insolvencia | Q40: TOTAL
A41: LDLc | B41: 68 | C41: 0 | D41: 251 | E41: 7 | F41: 11 | G41: 0 | H41: =SUM(B41:G41) -> 337 | J41: TOTAL DE UNIDADES ENTREGADAS | K41: =SUM(K42:K49) -> 882 | L41: =SUM(L42:L49) -> 306 | M41: =SUM(M42:M49) -> 0 | N41: =SUM(N42:N49) -> 3 | O41: =SUM(O42:O49) -> 0 | P41: =SUM(P42:P49) -> 0 | Q41: =SUM(K41:P41) -> 1191
A42: ASO | B42: 6 | C42: 0 | D42: 3 | E42: 0 | F42: 0 | G42: 0 | H42: =SUM(B42:G42) -> 9 | J42: SANGRE TOTAL | K42: 0 | L42: 0 | M42: 0 | N42: 0 | O42: 0 | P42: 0 | Q42: =SUM(K42:P42) -> 0
A43: FACTOR REUMATOIDEO | B43: 12 | C43: 3 | D43: 34 | E43: 1 | F43: 1 | G43: 0 | H43: =SUM(B43:G43) -> 51 | J43: GLOBULOS ROJOS | K43: 212 | L43: 89 | M43: 0 | N43: 1 | O43: 0 | P43: 0 | Q43: =SUM(K43:P43) -> 302
A44: HIERRO | B44: 22 | C44: 0 | D44: 53 | E44: 0 | F44: 2 | G44: 0 | H44: =SUM(B44:G44) -> 77 | J44: PLASMA FRESCO CONGELADO | K44: 32 | L44: 4 | M44: 0 | N44: 0 | O44: 0 | P44: 0 | Q44: =SUM(K44:P44) -> 36
A45: LIPASA | B45: 73 | C45: 127 | D45: 21 | E45: 4 | F45: 1 | G45: 0 | H45: =SUM(B45:G45) -> 226 | J45: CRIOPRECIPITADO | K45: 14 | L45: 0 | M45: 0 | N45: 0 | O45: 0 | P45: 0 | Q45: =SUM(K45:P45) -> 14
A46: TRANSFERRINA | B46: 16 | C46: 0 | D46: 47 | E46: 0 | F46: 1 | G46: 0 | H46: =SUM(B46:G46) -> 64 | J46: PLAQUETAS | K46: 74 | L46: 5 | M46: 0 | N46: 0 | O46: 0 | P46: 0 | Q46: =SUM(K46:P46) -> 79
A47: COMPLEMENTO C3 | B47: 19 | C47: 10 | D47: 30 | E47: 1 | F47: 1 | G47: 0 | H47: =SUM(B47:G47) -> 61 | J47: GRUPO SANGUINEO ABO EN GEL | K47: 221 | L47: 98 | M47: 0 | N47: 1 | O47: 0 | P47: 0 | Q47: =SUM(K47:P47) -> 320
A48: COMPLEMENTO C4 | B48: 19 | C48: 10 | D48: 30 | E48: 1 | F48: 1 | G48: 0 | H48: =SUM(B48:G48) -> 61 | J48: PRUEBA CRUZADA MAYOR | K48: 253 | L48: 102 | M48: 0 | N48: 1 | O48: 0 | P48: 0 | Q48: =SUM(K48:P48) -> 356
A49: GASES ARTERIALES | B49: 0 | C49: 814 | D49: 2 | E49: 2 | F49: 0 | G49: 0 | H49: =SUM(B49:G49) -> 818 | J49: PRUEBA CRUZADA MENOR | K49: 76 | L49: 8 | M49: 0 | N49: 0 | O49: 0 | P49: 0 | Q49: =SUM(K49:P49) -> 84
A50: ELECTROLITOS | B50: 535 | C50: 563 | D50: 117 | E50: 22 | F50: 7 | G50: 0 | H50: =SUM(B50:G50) -> 1244
A51: TOTAL EXAMENES HEMATOLÓGICOS -HEMOSTASICOS | B51: =SUM(B52:B68) -> 2761 | C51: =SUM(C52:C68) -> 4871 | D51: =SUM(D52:D68) -> 1969 | E51: =SUM(E52:E68) -> 166 | F51: =SUM(F52:F68) -> 94 | G51: =SUM(G52:G68) -> 7 | H51: =SUM(B51:G51) -> 9868
A52: HEMATOCRITO | B52: 387 | C52: 83 | D52: 101 | E52: 0 | F52: 5 | G52: 0 | H52: =SUM(B52:G52) -> 576 | J52: TOTAL DE ATENCIONES EN EL DEPARTAMENTO DE PATOLOGIA CLÍNICA Y ANATOMIA PATOLOGICA
A53: HEMOGLOBINA | B53: 10 | C53: 0 | D53: 39 | E53: 2 | F53: 0 | G53: 0 | H53: =SUM(B53:G53) -> 51 | J53: PROGRAMAS DE SALUD OPORTUNOS PARA LA POBLACION | Q53: TOTAL
A54: HEMOGRAMA AUTOMATIZADO | B54: 848 | C54: 2338 | D54: 1003 | E54: 72 | F54: 33 | G54: 7 | H54: =SUM(B54:G54) -> 4301 | J54: PROGRAMACION, SEGUIMIENTO Y EVALUACION DE ACTIVIDADES
A55: PLAQUETAS | B55: 12 | C55: 4 | D55: 59 | E55: 2 | F55: 3 | G55: 0 | H55: =SUM(B55:G55) -> 80 | J55: EXAMEN DE PROCEDIMIENTO BIOQUÍMICO | Q55: =(H12) -> 29484
A56: T COAGULACIÓN & T SANGRÍA | B56: 145 | C56: 707 | D56: 278 | E56: 35 | F56: 10 | G56: 0 | H56: =SUM(B56:G56) -> 1175 | J56: EXAMEN DE PROCEDIMIENTO HEMATOLÓGICO - HEMOSTASICOS | Q56: =(H51) -> 9868
A57: VELOCIDAD DE SEDIMENTACIÓN GLOBULAR | B57: 61 | C57: 3 | D57: 39 | E57: 1 | F57: 2 | G57: 0 | H57: =SUM(B57:G57) -> 106 | J57: EXAMEN DE PROCEDIMIENTOS MICROBIOLÓGICOS | Q57: =(H69) -> 784
A58: TEST COOMBS DIRECTO | B58: 11 | C58: 0 | D58: 17 | E58: 0 | F58: 3 | G58: 0 | H58: =SUM(B58:G58) -> 31 | J58: EXAMEN DE PROCEDIMIENTOS UROPARASITOLÓGICOS | Q58: =H82 -> 1950
A59: TEST DE COOMBS INDIRECTO | B59: 6 | C59: 0 | D59: 8 | E59: 0 | F59: 1 | G59: 0 | H59: =SUM(B59:G59) -> 15 | J59: EXAMEN DE PROCEDIMIENTOS INMUNOLÓGICOS | Q59: =H95 -> 3796
A60: GRUPO SANGUINEO Y FACTOR RH | B60: 287 | C60: 849 | D60: 293 | E60: 22 | F60: 7 | G60: 0 | H60: =SUM(B60:G60) -> 1458 | J60: EXAMEN DE PROCEDIMIENTO ANATOMO PATOLÓGICO | Q60: =Q11 -> 1548
A61: LAMINA PERIFERICA | B61: 22 | C61: 2 | D61: 16 | E61: 2 | F61: 2 | G61: 0 | H61: =SUM(B61:G61) -> 44 | J61: EXAMEN DE PROGRAMAS | Q61: =Q28 -> 838
A62: CONSTANTES CORPUSCULARES | B62: 0 | C62: 0 | D62: 0 | E62: 0 | F62: 0 | G62: 0 | H62: =SUM(B62:G62) -> 0 | J62: UNIDADES DE BANCO DE SANGRE | Q62: =Q41 -> 1191
A63: RETICULOCITOS | B63: 14 | C63: 1 | D63: 16 | E63: 1 | F63: 1 | G63: 0 | H63: =SUM(B63:G63) -> 33 | P63: TOTAL | Q63: =SUM(Q54:Q62) -> 49459
A64: TIEMPO DE TROMBOPLASTINA | B64: 119 | C64: 92 | D64: 35 | E64: 6 | F64: 3 | G64: 0 | H64: =SUM(B64:G64) -> 255
A65: TIEMPO DE PROTROMBINA | B65: 364 | C65: 338 | D65: 23 | E65: 9 | F65: 12 | G65: 0 | H65: =SUM(B65:G65) -> 746
A66: INR | B66: 364 | C66: 338 | D66: 23 | E66: 9 | F66: 12 | G66: 0 | H66: =SUM(B66:G66) -> 746
A67: FIBRINOGENO | B67: 108 | C67: 114 | D67: 17 | E67: 5 | F67: 0 | G67: 0 | H67: =SUM(B67:G67) -> 244
A68: DIMERO D | B68: 3 | C68: 2 | D68: 2 | E68: 0 | F68: 0 | G68: 0 | H68: =SUM(B68:G68) -> 7
A69: TOTAL EXAMENES MICROBIOLOGIA | B69: =SUM(B70:B81) -> 526 | C69: =SUM(C70:C81) -> 63 | D69: =SUM(D70:D81) -> 183 | E69: =SUM(E70:E81) -> 12 | F69: =SUM(F70:F81) -> 0 | G69: =SUM(G70:G81) -> 0 | H69: =SUM(B69:G69) -> 784
A70: UROCULTIVO | B70: 70 | C70: 12 | D70: 96 | E70: 10 | F70: 0 | G70: 0 | H70: =SUM(B70:G70) -> 188
A71: HEMOCULTIVO | B71: 135 | C71: 19 | D71: 16 | E71: 0 | F71: 0 | G71: 0 | H71: =SUM(B71:G71) -> 170
A72: CULTIVO DE CATETER | B72: 8 | C72: 0 | D72: 0 | E72: 0 | F72: 0 | G72: 0 | H72: =SUM(B72:G72) -> 8
A73: CULTIVO DE SECRECION | B73: 50 | C73: 6 | D73: 13 | E73: 1 | F73: 0 | G73: 0 | H73: =SUM(B73:G73) -> 70
A74: CITOQUIMICO | B74: 22 | C74: 1 | D74: 2 | E74: 0 | F74: 0 | G74: 0 | H74: =SUM(B74:G74) -> 25
A75: COPROCULTIVO | B75: 9 | C75: 0 | D75: 1 | E75: 0 | F75: 0 | G75: 0 | H75: =SUM(B75:G75) -> 10
A76: COLORACIÓN GRAM (Secrec.Vaginal y Otros) | B76: 119 | C76: 20 | D76: 22 | E76: 0 | F76: 0 | G76: 0 | H76: =SUM(B76:G76) -> 161
A77: KOH -HONGOS | B77: 8 | C77: 0 | D77: 9 | E77: 1 | F77: 0 | G77: 0 | H77: =SUM(B77:G77) -> 18
A78: CULTIVO DE HONGOS | B78: 33 | C78: 1 | D78: 13 | E78: 0 | F78: 0 | G78: 0 | H78: =SUM(B78:G78) -> 47
A79: TINTA CHINA | B79: 22 | C79: 1 | D79: 3 | E79: 0 | F79: 0 | G79: 0 | H79: =SUM(B79:G79) -> 26
A80: PH LÍQUIDOS CORPORALES | B80: 22 | C80: 1 | D80: 3 | E80: 0 | F80: 0 | G80: 0 | H80: =SUM(B80:G80) -> 26
A81: BACILOSCOPIA DE LÍQUIDOS CORPORALES | B81: 28 | C81: 2 | D81: 5 | G81: 0 | H81: =SUM(B81:G81) -> 35
A82: TOTAL EXAMENES URO -PARASITOLÓGICOS | B82: =SUM(B83:B94) -> 154 | C82: =SUM(C83:C94) -> 727 | D82: =SUM(D83:D94) -> 998 | E82: =SUM(E83:E94) -> 57 | F82: =SUM(F83:F94) -> 14 | G82: =SUM(G83:G94) -> 0 | H82: =SUM(B82:G82) -> 1950
A83: HECES SERIADO | B83: 16 | C83: 0 | D83: 90 | E83: 7 | F83: 1 | G83: 0 | H83: =SUM(B83:G83) -> 114
A84: COPROPARASITOLOGICO FUNCIONAL | B84: 13 | C84: 0 | D84: 70 | E84: 10 | F84: 1 | G84: 0 | H84: =SUM(B84:G84) -> 94
A85: RX INFLAMATORIA | B85: 2 | C85: 43 | D85: 6 | E85: 3 | F85: 0 | G85: 0 | H85: =SUM(B85:G85) -> 54
A86: THEVENON HECES | B86: 17 | C86: 0 | D86: 181 | E86: 5 | F86: 3 | G86: 0 | H86: =SUM(B86:G86) -> 206
A87: SUDAN | B87: 0 | C87: 0 | D87: 0 | E87: 0 | F87: 0 | G87: 0 | H87: =SUM(B87:G87) -> 0
A88: BENEDICT | B88: 0 | C88: 0 | D88: 0 | E88: 0 | F88: 0 | G88: 0 | H88: =SUM(B88:G88) -> 0
A89: EXÁMEN COMPLETO DE ORINA | B89: 88 | C89: 638 | D89: 428 | E89: 24 | F89: 4 | G89: 0 | H89: =SUM(B89:G89) -> 1182
A90: TEST GRAHAM | B90: 2 | C90: 0 | D90: 2 | E90: 0 | F90: 0 | G90: 0 | H90: =SUM(B90:G90) -> 4
A91: METODO DE CONCENTRACIÓN (BAERMANN) | B91: 4 | C91: 0 | D91: 15 | E91: 0 | F91: 1 | G91: 0 | H91: =SUM(B91:G91) -> 20
A92: EXAMEN DIRECTO DE HECES | B92: 6 | C92: 46 | D92: 95 | E92: 3 | F92: 2 | G92: 0 | H92: =SUM(B92:G92) -> 152
A93: ANTIGENO H. PYLORI EN HECES | B93: 4 | C93: 0 | D93: 111 | E93: 5 | F93: 2 | G93: 0 | H93: =SUM(B93:G93) -> 122
A94: ADENOVIRUS & ROTAVIRUS | B94: 2 | C94: 0 | D94: 0 | E94: 0 | F94: 0 | G94: 0 | H94: =SUM(B94:G94) -> 2
A95: TOTAL EXAMENES INMUNO SEROLÓGICOS | B95: =SUM(B96:B155) -> 1062 | C95: =SUM(C96:C155) -> 599 | D95: =SUM(D96:D155) -> 2031 | E95: =SUM(E96:E155) -> 59 | F95: =SUM(F96:F155) -> 45 | G95: =SUM(G96:G155) -> 0 | H95: =SUM(B95:G95) -> 3796
A96: RPR | B96: 78 | C96: 2 | D96: 278 | E96: 2 | F96: 4 | G96: 0 | H96: =SUM(B96:G96) -> 364
A97: VDRL | B97: 0 | C97: 0 | D97: 0 | E97: 0 | F97: 0 | G97: 0 | H97: =SUM(B97:G97) -> 0
A98: AGLUTINACIONES | B98: 0 | C98: 1 | D98: 1 | E98: 0 | F98: 0 | G98: 0 | H98: =SUM(B98:G98) -> 2
A99: ROSA DE BENGALA | B99: 1 | C99: 0 | D99: 0 | E99: 0 | F99: 0 | G99: 0 | H99: =SUM(B99:G99) -> 1
A100: ANTI MIELOPEROXIDASA (MPO) | B100: 2 | C100: 0 | D100: 7 | E100: 0 | F100: 0 | G100: 0 | H100: =SUM(B100:G100) -> 9
A101: ANTI PROTEINASA 3 (PR3) | B101: 4 | C101: 0 | D101: 7 | E101: 0 | F101: 0 | G101: 0 | H101: =SUM(B101:G101) -> 11
A102: ANTI CARDIOLIPINA | B102: 0 | C102: 0 | D102: 1 | E102: 0 | F102: 0 | G102: 0 | H102: =SUM(B102:G102) -> 1
A103: ANTI B2-GLICOPROTEINA | B103: 0 | C103: 0 | D103: 0 | E103: 0 | F103: 0 | G103: 0 | H103: =SUM(B103:G103) -> 0
A104: ANTI M2-3E (AMA) | B104: 1 | C104: 0 | D104: 4 | E104: 0 | F104: 0 | G104: 0 | H104: =SUM(B104:G104) -> 5
A105: ANA (ELISA) | B105: 0 | C105: 0 | D105: 0 | E105: 0 | F105: 0 | G105: 0 | H105: =SUM(B105:G105) -> 0
A106: HELICOBACTER PILORY IGM | B106: 3 | C106: 0 | D106: 33 | E106: 1 | F106: 0 | G106: 0 | H106: =SUM(B106:G106) -> 37
...

Sheet JUN
A4: Establecimiento de Salud informante: | B4: HOSPITAL REGIONAL DE LORETO | K4: Mes: | L4: JUNIO
A6: Código Renaes: | B6: 3 | K6: Año: | L6: 2025
A9: PATOLOGÍA CLÍNICA | B9: TOTAL | J9: ANATOMÍA PATOLÓGICA | K9: TOTAL
B10: Hospitaliz | C10: Emergenc | D10: C. Externa | E10: Privado | F10: Convenio | G10: Insolvencia | H10: TOTAL | K10: Hospitaliz | L10: Emergenc | M10: C. Externa | N10: Privado | O10: Convenio | P10: Insolvencia | Q10: TOTAL
A11: TOTAL DE EXAMENES LABORATORIO | B11: =B12+B51+B69+B82+B95 -> 12318 | C11: =C12+C51+C69+C82+C95 -> 18362 | D11: =D12+D51+D69+D82+D95 -> 13863 | E11: =E12+E51+E69+E82+E95 -> 803 | F11: =F12+F51+F69+F82+F95 -> 544 | G11: =G12+G51+G69+G82+G95 -> 34 | H11: =SUM(B11:G11) -> 45924 | J11: TOTAL EXAMENES ANATOMIA PATOLOGICA | K11: =SUM(K12:K23) -> 657 | L11: =SUM(L12:L23) -> 0 | M11: =SUM(M12:M23) -> 1183 | N11: =SUM(N12:N23) -> 3 | O11: =SUM(O12:O23) -> 6 | P11: =SUM(P12:P23) -> 0 | Q11: =SUM(K11:P11) -> 1849
A12: TOTAL EXAMENES BIOQUÍMICOS | B12: =SUM(B13:B50) -> 8256 | C12: =SUM(C13:C50) -> 11594 | D12: =SUM(D13:D50) -> 7750 | E12: =SUM(E13:E50) -> 481 | F12: =SUM(F13:F50) -> 386 | G12: =SUM(G13:G50) -> 31 | H12: =SUM(B12:G12) -> 28498 | J12: TOTAL EXAMENES CITOLÓGICOS (PAP) | K12: 0 | L12: 0 | M12: 26 | N12: 1 | O12: 0 | P12: 0 | Q12: =SUM(K12:P12) -> 27
A13: ACIDO URICO | B13: 18 | C13: 1 | D13: 52 | E13: 1 | F13: 0 | G13: 0 | H13: =SUM(B13:G13) -> 72 | J13: TOTAL BAAF | K13: 0 | L13: 0 | M13: 1 | N13: 0 | O13: 0 | P13: 0 | Q13: =SUM(K13:P13) -> 1
A14: CALCIO | B14: 30 | C14: 2 | D14: 80 | E14: 1 | F14: 0 | G14: 0 | H14: =SUM(B14:G14) -> 113 | J14: TOTAL EXAMENES HISTOPATOLÓGICOS (Biopsia) | K14: 1 | L14: 0 | M14: 70 | N14: 2 | O14: 6 | P14: 0 | Q14: =SUM(K14:P14) -> 79
A15: AMILASA | B15: 61 | C15: 129 | D15: 17 | E15: 4 | F15: 0 | G15: 0 | H15: =SUM(B15:G15) -> 211 | J15: TOTAL PIEZA QUIRURGICA (HISTOLOGIA) | K15: 46 | L15: 0 | M15: 36 | N15: 0 | O15: 0 | P15: 0 | Q15: =SUM(K15:P15) -> 82
A16: GLUCOSA | B16: 762 | C16: 1572 | D16: 868 | E16: 75 | F16: 60 | G16: 3 | H16: =SUM(B16:G16) -> 3340 | J16: TOTAL CITOLOGIA ESPECIAL | K16: 10 | L16: 0 | M16: 0 | N16: 0 | O16: 0 | P16: 0 | Q16: =SUM(K16:P16) -> 10
A17: GLUCOSA POST PRANDIAL | B17: 0 | C17: 0 | D17: 8 | E17: 2 | F17: 0 | G17: 0 | H17: =SUM(B17:G17) -> 10 | J17: TOTAL DE TEJIDOS INCLUIDOS | K17: 200 | L17: 0 | M17: 338 | N17: 0 | O17: 0 | P17: 0 | Q17: =SUM(K17:P17) -> 538
A18: FOSFORO | B18: 4 | C18: 0 | D18: 55 | E18: 0 | F18: 0 | G18: 0 | H18: =SUM(B18:G18) -> 59 | J18: TOTAL DE CORTES DE TEJIDOS | K18: 200 | L18: 0 | M18: 348 | N18: 0 | O18: 0 | P18: 0 | Q18: =SUM(K18:P18) -> 548
A19: HEMOGLOBINA GLICOSILADA | B19: 93 | C19: 35 | D19: 175 | E19: 10 | F19: 14 | G19: 0 | H19: =SUM(B19:G19) -> 327 | J19: TOTAL DE LÁMINAS MONTADAS | K19: 200 | L19: 0 | M19: 348 | N19: 0 | O19: 0 | P19: 0 | Q19: =SUM(K19:P19) -> 548
A20: TOLERANCIA A LA GLUCOSA | B20: 0 | C20: 0 | D20: 26 | E20: 0 | F20: 0 | G20: 2 | H20: =SUM(B20:G20) -> 28 | J20: TOTAL DE HISTOQUIMICA | K20: 0 | L20: 0 | M20: 4 | N20: 0 | O20: 0 | P20: 0 | Q20: =SUM(K20:P20) -> 4
A21: CREATININA | B21: 758 | C21: 1598 | D21: 845 | E21: 73 | F21: 46 | G21: 1 | H21: =SUM(B21:G21) -> 3321 | J21: TOTAL DE INMUNOHISTOQUIMICA | K21: 0 | L21: 0 | M21: 12 | N21: 0 | O21: 0 | P21: 0 | Q21: =SUM(K21:P21) -> 12
A22: DEPURACION DE CREATININA | B22: 1 | C22: 0 | D22: 6 | E22: 0 | F22: 0 | G22: 0 | H22: =SUM(B22:G22) -> 7 | J22: TOTAL AUTOPSIA MÉDICO LEGAL | K22: 0 | L22: 0 | M22: 0 | N22: 0 | O22: 0 | P22: 0 | Q22: =SUM(K22:P22) -> 0
A23: MICROALBUMINURIA | B23: 2 | C23: 0 | D23: 26 | E23: 0 | F23: 10 | G23: 0 | H23: =SUM(B23:G23) -> 38 | J23: TOTAL AUTOPSIA CLÍNICA | K23: 0 | L23: 0 | M23: 0 | N23: 0 | O23: 0 | P23: 0 | Q23: =SUM(K23:P23) -> 0
A24: UREA | B24: 795 | C24: 1600 | D24: 849 | E24: 70 | F24: 15 | G24: 1 | H24: =SUM(B24:G24) -> 3330
A25: PROTEINURIA 24 HORAS | B25: 23 | C25: 4 | D25: 27 | E25: 0 | F25: 3 | G25: 0 | H25: =SUM(B25:G25) -> 57
A26: BILIRRUBINA TOTAL | B26: 574 | C26: 540 | D26: 441 | E26: 16 | F26: 8 | G26: 2 | H26: =SUM(B26:G26) -> 1581 | J26: PROGRAMAS / METAXENICAS | K26: TOTAL
A27: BILIRRUBINA DIRECTA | B27: 574 | C27: 540 | D27: 441 | E27: 16 | F27: 8 | G27: 2 | H27: =SUM(B27:G27) -> 1581 | K27: Hospitaliz | L27: Emergenc | M27: Programa | N27: Privado | O27: Convenio | P27: Insolvencia | Q27: TOTAL
A28: PROTEINAS TOTAL | B28: 544 | C28: 600 | D28: 440 | E28: 8 | F28: 11 | G28: 3 | H28: =SUM(B28:G28) -> 1606 | J28: TOTAL DE EXAMENES | K28: =SUM(K29:K37) -> 97 | L28: =SUM(L29:L37) -> 380 | M28: =SUM(M29:M37) -> 122 | N28: =SUM(N29:N37) -> 0 | O28: =SUM(O29:O37) -> 0 | P28: =SUM(P29:P37) -> 0 | Q28: =SUM(K28:P28) -> 599
A29: ALBUMINA | B29: 524 | C29: 600 | D29: 440 | E29: 8 | F29: 11 | G29: 3 | H29: =SUM(B29:G29) -> 1586 | J29: TUBERCULOSIS | K29: 89 | L29: 7 | M29: 95 | N29: 0 | O29: 0 | P29: 0 | Q29: =SUM(K29:P29) -> 191
A30: TGO | B30: 536 | C30: 599 | D30: 600 | E30: 34 | F30: 51 | G30: 3 | H30: =SUM(B30:G30) -> 1823 | J30: LEISHMANIA | K30: 0 | L30: 0 | M30: 1 | N30: 0 | O30: 0 | P30: 0 | Q30: =SUM(K30:P30) -> 1
A31: TGP | B31: 536 | C31: 599 | D31: 600 | E31: 34 | F31: 51 | G31: 3 | H31: =SUM(B31:G31) -> 1823 | J31: PROGRAMA LEPRAE | K31: 0 | L31: 0 | M31: 0 | N31: 0 | O31: 0 | P31: 0 | Q31: =SUM(K31:P31) -> 0
A32: GGTP | B32: 15 | C32: 0 | D32: 12 | E32: 0 | F32: 0 | G32: 0 | H32: =SUM(B32:G32) -> 27 | J32: MALARIA | K32: 6 | L32: 202 | M32: 26 | N32: 0 | O32: 0 | P32: 0 | Q32: =SUM(K32:P32) -> 234
A33: LACTATO DESHIDROGENASA (DHL) | B33: 260 | C33: 154 | D33: 58 | E33: 1 | F33: 1 | G33: 0 | H33: =SUM(B33:G33) -> 474 | J33: METAXENICAS (REFERENCIAL) | K33: 0 | L33: 97 | M33: 0 | N33: 0 | O33: 0 | P33: 0 | Q33: =SUM(K33:P33) -> 97
A34: PROTEINA C REACTIVA (CUANTITATIVO) | B34: 694 | C34: 911 | D34: 95 | E34: 29 | F34: 2 | G34: 2 | H34: =SUM(B34:G34) -> 1733 | J34: CULTIVO DE TB (REFERENCIAL) | K34: 0 | L34: 19 | M34: 0 | N34: 0 | O34: 0 | P34: 0 | Q34: =SUM(K34:P34) -> 19
A35: FOSFATASA ALCALINA | B35: 380 | C35: 334 | D35: 375 | E35: 13 | F35: 4 | G35: 0 | H35: =SUM(B35:G35) -> 1106 | J35: PRUEBA RAPIDA DE DENGUE | K35: 1 | L35: 55 | M35: 0 | N35: 0 | O35: 0 | P35: 0 | Q35: =SUM(K35:P35) -> 56
A36: CPK TOTAL | B36: 0 | C36: 0 | D36: 0 | E36: 0 | F36: 0 | G36: 0 | H36: =SUM(B36:G36) -> 0 | J36: PRUEBA RAPIDA DE LEPTOSPIRA | K36: 1 | L36: 0 | M36: 0 | N36: 0 | O36: 0 | P36: 0 | Q36: =SUM(K36:P36) -> 1
A37: CPK MB | B37: 20 | C37: 16 | D37: 0 | E37: 0 | F37: 0 | G37: 0 | H37: =SUM(B37:G37) -> 36 | J37: PRUEBA RAPIDA DE COVID | K37: 0 | L37: 0 | M37: 0 | N37: 0 | O37: 0 | P37: 0 | Q37: =SUM(K37:P37) -> 0
A38: COLESTEROL | B38: 133 | C38: 85 | D38: 289 | E38: 21 | F38: 43 | G38: 2 | H38: =SUM(B38:G38) -> 573
A39: TRIGLICERIDOS | B39: 133 | C39: 85 | D39: 286 | E39: 21 | F39: 46 | G39: 3 | H39: =SUM(B39:G39) -> 574 | J39: BANCO DE SANGRE | K39: TOTAL
A40: HDLc | B40: 76 | C40: 43 | D40: 218 | E40: 14 | F40: 1 | G40: 0 | H40: =SUM(B40:G40) -> 352 | K40: Hospitaliz | L40: Emergenc | M40: C. Externa | N40: Privado | O40: Convenio | P40: Insolvencia | Q40: TOTAL
A41: LDLc | B41: 76 | C41: 43 | D41: 218 | E41: 14 | F41: 1 | G41: 0 | H41: =SUM(B41:G41) -> 352 | J41: TOTAL DE UNIDADES ENTREGADAS | K41: =SUM(K42:K49) -> 725 | L41: =SUM(L42:L49) -> 177 | M41: =SUM(M42:M49) -> 0 | N41: =SUM(N42:N49) -> 0 | O41: =SUM(O42:O49) -> 2 | P41: =SUM(P42:P49) -> 0 | Q41: =SUM(K41:P41) -> 904
A42: ASO | B42: 6 | C42: 0 | D42: 3 | E42: 0 | F42: 0 | G42: 0 | H42: =SUM(B42:G42) -> 9 | J42: SANGRE TOTAL | K42: 1 | L42: 0 | M42: 0 | N42: 0 | O42: 0 | P42: 0 | Q42: =SUM(K42:P42) -> 1
A43: FACTOR REUMATOIDEO | B43: 17 | C43: 0 | D43: 40 | E43: 1 | F43: 0 | G43: 0 | H43: =SUM(B43:G43) -> 58 | J43: GLOBULOS ROJOS | K43: 177 | L43: 63 | M43: 0 | N43: 0 | O43: 1 | P43: 0 | Q43: =SUM(K43:P43) -> 241
A44: HIERRO | B44: 15 | C44: 0 | D44: 10 | E44: 0 | F44: 0 | G44: 0 | H44: =SUM(B44:G44) -> 25 | J44: PLASMA FRESCO CONGELADO | K44: 17 | L44: 4 | M44: 0 | N44: 0 | O44: 0 | P44: 0 | Q44: =SUM(K44:P44) -> 21
A45: LIPASA | B45: 59 | C45: 127 | D45: 19 | E45: 3 | F45: 0 | G45: 0 | H45: =SUM(B45:G45) -> 208 | J45: CRIOPRECIPITADO | K45: 2 | L45: 2 | M45: 0 | N45: 0 | O45: 0 | P45: 0 | Q45: =SUM(K45:P45) -> 4
A46: TRANSFERRINA | B46: 9 | C46: 0 | D46: 2 | E46: 0 | F46: 0 | G46: 0 | H46: =SUM(B46:G46) -> 11 | J46: PLAQUETAS | K46: 34 | L46: 4 | M46: 0 | N46: 0 | O46: 0 | P46: 0 | Q46: =SUM(K46:P46) -> 38
A47: COMPLEMENTO C3 | B47: 32 | C47: 0 | D47: 16 | E47: 0 | F47: 0 | G47: 0 | H47: =SUM(B47:G47) -> 48 | J47: GRUPO SANGUINEO ABO EN GEL | K47: 198 | L47: 28 | M47: 0 | N47: 0 | O47: 0 | P47: 0 | Q47: =SUM(K47:P47) -> 226
A48: COMPLEMENTO C4 | B48: 32 | C48: 0 | D48: 16 | E48: 0 | F48: 0 | G48: 0 | H48: =SUM(B48:G48) -> 48 | J48: PRUEBA CRUZADA MAYOR | K48: 263 | L48: 72 | M48: 0 | N48: 0 | O48: 1 | P48: 0 | Q48: =SUM(K48:P48) -> 336
A49: GASES ARTERIALES | B49: 0 | C49: 814 | D49: 2 | E49: 0 | F49: 0 | G49: 0 | H49: =SUM(B49:G49) -> 816 | J49: PRUEBA CRUZADA MENOR | K49: 33 | L49: 4 | M49: 0 | N49: 0 | O49: 0 | P49: 0 | Q49: =SUM(K49:P49) -> 37
A50: ELECTROLITOS | B50: 464 | C50: 563 | D50: 95 | E50: 12 | F50: 0 | G50: 1 | H50: =SUM(B50:G50) -> 1135
A51: TOTAL EXAMENES HEMATOLÓGICOS -HEMOSTASICOS | B51: =SUM(B52:B68) -> 2479 | C51: =SUM(C52:C68) -> 4879 | D51: =SUM(D52:D68) -> 2707 | E51: =SUM(E52:E68) -> 207 | F51: =SUM(F52:F68) -> 102 | G51: =SUM(G52:G68) -> 3 | H51: =SUM(B51:G51) -> 10377
A52: HEMATOCRITO | B52: 275 | C52: 83 | D52: 116 | E52: 7 | F52: 4 | G52: 0 | H52: =SUM(B52:G52) -> 485 | J52: TOTAL DE ATENCIONES EN EL DEPARTAMENTO DE PATOLOGIA CLÍNICA Y ANATOMIA PATOLOGICA
A53: HEMOGLOBINA | B53: 1 | C53: 0 | D53: 41 | E53: 2 | F53: 0 | G53: 0 | H53: =SUM(B53:G53) -> 44 | J53: PROGRAMAS DE SALUD OPORTUNOS PARA LA POBLACION | Q53: TOTAL
A54: HEMOGRAMA AUTOMATIZADO | B54: 735 | C54: 2338 | D54: 1080 | E54: 79 | F54: 56 | G54: 2 | H54: =SUM(B54:G54) -> 4290 | J54: PROGRAMACION, SEGUIMIENTO Y EVALUACION DE ACTIVIDADES | Q54: 3
A55: PLAQUETAS | B55: 22 | C55: 4 | D55: 68 | E55: 6 | F55: 4 | G55: 0 | H55: =SUM(B55:G55) -> 104 | J55: EXAMEN DE PROCEDIMIENTO BIOQUÍMICO | Q55: =(H12) -> 28498
A56: T COAGULACIÓN & T SANGRÍA | B56: 168 | C56: 707 | D56: 298 | E56: 24 | F56: 6 | G56: 0 | H56: =SUM(B56:G56) -> 1203 | J56: EXAMEN DE PROCEDIMIENTO HEMATOLÓGICO - HEMOSTASICOS | Q56: =(H51) -> 10377
A57: VELOCIDAD DE SEDIMENTACIÓN GLOBULAR | B57: 82 | C57: 3 | D57: 28 | E57: 2 | F57: 2 | G57: 0 | H57: =SUM(B57:G57) -> 117 | J57: EXAMEN DE PROCEDIMIENTOS MICROBIOLÓGICOS | Q57: =(H69) -> 625
A58: TEST COOMBS DIRECTO | B58: 6 | C58: 3 | D58: 9 | E58: 0 | F58: 2 | G58: 0 | H58: =SUM(B58:G58) -> 20 | J58: EXAMEN DE PROCEDIMIENTOS UROPARASITOLÓGICOS | Q58: =H82 -> 1813
A59: TEST DE COOMBS INDIRECTO | B59: 0 | C59: 0 | D59: 4 | E59: 0 | F59: 2 | G59: 0 | H59: =SUM(B59:G59) -> 6 | J59: EXAMEN DE PROCEDIMIENTOS INMUNOLÓGICOS | Q59: =H95 -> 4611
A60: GRUPO SANGUINEO Y FACTOR RH | B60: 228 | C60: 849 | D60: 307 | E60: 20 | F60: 6 | G60: 0 | H60: =SUM(B60:G60) -> 1410 | J60: EXAMEN DE PROCEDIMIENTO ANATOMO PATOLÓGICO | Q60: =Q11 -> 1849
A61: LAMINA PERIFERICA | B61: 11 | C61: 4 | D61: 19 | E61: 0 | F61: 2 | G61: 1 | H61: =SUM(B61:G61) -> 37 | J61: EXAMEN DE PROGRAMAS | Q61: =Q28 -> 599
A62: CONSTANTES CORPUSCULARES | B62: 1 | C62: 0 | D62: 0 | E62: 0 | F62: 0 | G62: 0 | H62: =SUM(B62:G62) -> 1 | J62: UNIDADES DE BANCO DE SANGRE | Q62: =Q41 -> 904
A63: RETICULOCITOS | B63: 5 | C63: 4 | D63: 8 | E63: 0 | F63: 2 | G63: 0 | H63: =SUM(B63:G63) -> 19 | P63: TOTAL | Q63: =SUM(Q54:Q62) -> 49279
A64: TIEMPO DE TROMBOPLASTINA | B64: 93 | C64: 92 | D64: 44 | E64: 8 | F64: 1 | G64: 0 | H64: =SUM(B64:G64) -> 238
A65: TIEMPO DE PROTROMBINA | B65: 380 | C65: 338 | D65: 333 | E65: 25 | F65: 7 | G65: 0 | H65: =SUM(B65:G65) -> 1083
A66: INR | B66: 380 | C66: 338 | D66: 333 | E66: 25 | F66: 7 | G66: 0 | H66: =SUM(B66:G66) -> 1083
A67: FIBRINOGENO | B67: 85 | C67: 114 | D67: 15 | E67: 8 | F67: 1 | G67: 0 | H67: =SUM(B67:G67) -> 223
A68: DIMERO D | B68: 7 | C68: 2 | D68: 4 | E68: 1 | F68: 0 | G68: 0 | H68: =SUM(B68:G68) -> 14
A69: TOTAL EXAMENES MICROBIOLOGIA | B69: =SUM(B70:B81) -> 381 | C69: =SUM(C70:C81) -> 101 | D69: =SUM(D70:D81) -> 127 | E69: =SUM(E70:E81) -> 16 | F69: =SUM(F70:F81) -> 0 | G69: =SUM(G70:G81) -> 0 | H69: =SUM(B69:G69) -> 625
A70: UROCULTIVO | B70: 55 | C70: 12 | D70: 97 | E70: 12 | F70: 0 | G70: 0 | H70: =SUM(B70:G70) -> 176
A71: HEMOCULTIVO | B71: 126 | C71: 58 | D71: 3 | E71: 0 | F71: 0 | G71: 0 | H71: =SUM(B71:G71) -> 187
A72: CULTIVO DE CATETER | B72: 8 | C72: 0 | D72: 0 | E72: 0 | F72: 0 | G72: 0 | H72: =SUM(B72:G72) -> 8
A73: CULTIVO DE SECRECION | B73: 48 | C73: 7 | D73: 8 | E73: 3 | F73: 0 | G73: 0 | H73: =SUM(B73:G73) -> 66
A74: CITOQUIMICO | B74: 21 | C74: 4 | D74: 1 | E74: 0 | F74: 0 | G74: 0 | H74: =SUM(B74:G74) -> 26
A75: COPROCULTIVO | B75: 4 | C75: 0 | D75: 2 | E75: 0 | F75: 0 | G75: 0 | H75: =SUM(B75:G75) -> 6
A76: COLORACIÓN GRAM (Secrec.Vaginal y Otros) | B76: 27 | C76: 4 | D76: 4 | E76: 0 | F76: 0 | G76: 0 | H76: =SUM(B76:G76) -> 35
A77: KOH -HONGOS | B77: 1 | C77: 0 | D77: 5 | E77: 1 | F77: 0 | G77: 0 | H77: =SUM(B77:G77) -> 7
A78: CULTIVO DE HONGOS | B78: 27 | C78: 4 | D78: 4 | E78: 0 | F78: 0 | G78: 0 | H78: =SUM(B78:G78) -> 35
A79: TINTA CHINA | B79: 21 | C79: 4 | D79: 1 | E79: 0 | F79: 0 | G79: 0 | H79: =SUM(B79:G79) -> 26
A80: PH LÍQUIDOS CORPORALES | B80: 21 | C80: 4 | D80: 1 | E80: 0 | F80: 0 | G80: 0 | H80: =SUM(B80:G80) -> 26
A81: BACILOSCOPIA DE LÍQUIDOS CORPORALES | B81: 22 | C81: 4 | D81: 1 | E81: 0 | F81: 0 | G81: 0 | H81: =SUM(B81:G81) -> 27
A82: TOTAL EXAMENES URO -PARASITOLÓGICOS | B82: =SUM(B83:B94) -> 129 | C82: =SUM(C83:C94) -> 727 | D82: =SUM(D83:D94) -> 892 | E82: =SUM(E83:E94) -> 52 | F82: =SUM(F83:F94) -> 13 | G82: =SUM(G83:G94) -> 0 | H82: =SUM(B82:G82) -> 1813
A83: HECES SERIADO | B83: 17 | C83: 0 | D83: 78 | E83: 7 | F83: 2 | G83: 0 | H83: =SUM(B83:G83) -> 104
A84: COPROPARASITOLOGICO FUNCIONAL | B84: 16 | C84: 0 | D84: 79 | E84: 4 | F84: 2 | G84: 0 | H84: =SUM(B84:G84) -> 101
A85: RX INFLAMATORIA | B85: 3 | C85: 43 | D85: 0 | E85: 3 | F85: 0 | G85: 0 | H85: =SUM(B85:G85) -> 49
A86: THEVENON HECES | B86: 16 | C86: 0 | D86: 169 | E86: 5 | F86: 3 | G86: 0 | H86: =SUM(B86:G86) -> 193
A87: SUDAN | B87: 0 | C87: 0 | D87: 0 | E87: 0 | F87: 0 | G87: 0 | H87: =SUM(B87:G87) -> 0
A88: BENEDICT | B88: 0 | C88: 0 | D88: 0 | E88: 0 | F88: 0 | G88: 0 | H88: =SUM(B88:G88) -> 0
A89: EXÁMEN COMPLETO DE ORINA | B89: 70 | C89: 638 | D89: 379 | E89: 24 | F89: 2 | H89: =SUM(B89:G89) -> 1113
A90: TEST GRAHAM | B90: 0 | C90: 0 | D90: 3 | E90: 0 | F90: 0 | G90: 0 | H90: =SUM(B90:G90) -> 3
A91: METODO DE CONCENTRACIÓN (BAERMANN) | B91: 0 | C91: 0 | D91: 4 | E91: 0 | F91: 0 | G91: 0 | H91: =SUM(B91:G91) -> 4
A92: EXAMEN DIRECTO DE HECES | B92: 5 | C92: 46 | D92: 77 | E92: 5 | F92: 0 | G92: 0 | H92: =SUM(B92:G92) -> 133
A93: ANTIGENO H. PYLORI EN HECES | B93: 0 | C93: 0 | D93: 103 | E93: 4 | F93: 4 | G93: 0 | H93: =SUM(B93:G93) -> 111
A94: ADENOVIRUS & ROTAVIRUS | B94: 2 | C94: 0 | D94: 0 | E94: 0 | F94: 0 | G94: 0 | H94: =SUM(B94:G94) -> 2
A95: TOTAL EXAMENES INMUNO SEROLÓGICOS | B95: =SUM(B96:B155) -> 1073 | C95: =SUM(C96:C155) -> 1061 | D95: =SUM(D96:D155) -> 2387 | E95: =SUM(E96:E155) -> 47 | F95: =SUM(F96:F155) -> 43 | G95: =SUM(G96:G155) -> 0 | H95: =SUM(B95:G95) -> 4611
A96: RPR | B96: 78 | C96: 249 | D96: 275 | E96: 4 | F96: 5 | G96: 0 | H96: =SUM(B96:G96) -> 611
A97: VDRL | B97: 0 | C97: 0 | D97: 0 | E97: 0 | F97: 0 | G97: 0 | H97: =SUM(B97:G97) -> 0
A98: AGLUTINACIONES | B98: 1 | C98: 0 | D98: 0 | E98: 0 | F98: 0 | G98: 0 | H98: =SUM(B98:G98) -> 1
A99: ROSA DE BENGALA | B99: 1 | C99: 0 | D99: 0 | E99: 0 | F99: 0 | G99: 0 | H99: =SUM(B99:G99) -> 1
A100: ANTI MIELOPEROXIDASA (MPO) | B100: 9 | C100: 0 | D100: 12 | E100: 0 | F100: 0 | G100: 0 | H100: =SUM(B100:G100) -> 21
A101: ANTI PROTEINASA 3 (PR3) | B101: 9 | C101: 0 | D101: 12 | E101: 0 | F101: 0 | G101: 0 | H101: =SUM(B101:G101) -> 21
A102: ANTI CARDIOLIPINA | B102: 5 | C102: 0 | D102: 16 | E102: 0 | F102: 0 | G102: 0 | H102: =SUM(B102:G102) -> 21
A103: ANTI B2-GLICOPROTEINA | B103: 0 | C103: 0 | D103: 5 | E103: 0 | F103: 0 | G103: 0 | H103: =SUM(B103:G103) -> 5
A104: ANTI M2-3E (AMA) | B104: 1 | C104: 2 | D104: 8 | E104: 0 | F104: 0 | G104: 0 | H104: =SUM(B104:G104) -> 11
A105: ANA (ELISA) | B105: 0 | C105: 0 | D105: 0 | E105: 0 | F105: 0 | G105: 0 | H105: =SUM(B105:G105) -> 0
A106: HELICOBACTER PILORY IGM | B106: 0 | C106: 0 | D106: 5 | E106: 0 | F106: 0 | G106: 0 | H106: =SUM(B106:G106) -> 5
...

Sheet JUL
A4: Establecimiento de Salud informante: | B4: HOSPITAL REGIONAL DE LORETO | K4: Mes: | L4: JULIO
A6: Código Renaes: | B6: 3 | K6: Año: | L6: 2025
A9: PATOLOGÍA CLÍNICA | B9: TOTAL | J9: ANATOMÍA PATOLÓGICA | K9: TOTAL
B10: Hospitaliz | C10: Emergenc | D10: C. Externa | E10: Privado | F10: Convenio | G10: Insolvencia | H10: TOTAL | K10: Hospitaliz | L10: Emergenc | M10: C. Externa | N10: Privado | O10: Convenio | P10: Insolvencia | Q10: TOTAL
A11: TOTAL DE EXAMENES LABORATORIO | B11: =B12+B51+B69+B82+B95 -> 11572 | C11: =C12+C51+C69+C82+C95 -> 19834 | D11: =D12+D51+D69+D82+D95 -> 15677 | E11: =E12+E51+E69+E82+E95 -> 895 | F11: =F12+F51+F69+F82+F95 -> 67 | G11: =G12+G51+G69+G82+G95 -> 64 | H11: =SUM(B11:G11) -> 48109 | J11: TOTAL EXAMENES ANATOMIA PATOLOGICA | K11: =SUM(K12:K23) -> 1036 | L11: =SUM(L12:L23) -> 1 | M11: =SUM(M12:M23) -> 669 | N11: =SUM(N12:N23) -> 4 | O11: =SUM(O12:O23) -> 4 | P11: =SUM(P12:P23) -> 2 | Q11: =SUM(K11:P11) -> 1716
A12: TOTAL EXAMENES BIOQUÍMICOS | B12: =SUM(B13:B50) -> 8536 | C12: =SUM(C13:C50) -> 13112 | D12: =SUM(D13:D50) -> 9311 | E12: =SUM(E13:E50) -> 500 | F12: =SUM(F13:F50) -> 0 | G12: =SUM(G13:G50) -> 49 | H12: =SUM(B12:G12) -> 31508 | J12: TOTAL EXAMENES CITOLÓGICOS (PAP) | K12: 0 | L12: 0 | M12: 36 | N12: 2 | O12: 0 | P12: 2 | Q12: =SUM(K12:P12) -> 40
A13: ACIDO URICO | B13: 19 | C13: 10 | D13: 77 | E13: 3 | F13: 0 | G13: 1 | H13: =SUM(B13:G13) -> 110 | J13: TOTAL BAAF | K13: 0 | L13: 0 | M13: 1 | N13: 0 | O13: 0 | P13: 0 | Q13: =SUM(K13:P13) -> 1
A14: CALCIO | B14: 58 | C14: 0 | D14: 46 | E14: 2 | F14: 0 | G14: 0 | H14: =SUM(B14:G14) -> 106 | J14: TOTAL EXAMENES HISTOPATOLÓGICOS (Biopsia) | K14: 91 | L14: 0 | M14: 30 | N14: 2 | O14: 4 | P14: 0 | Q14: =SUM(K14:P14) -> 127
A15: AMILASA | B15: 50 | C15: 149 | D15: 266 | E15: 3 | F15: 0 | G15: 0 | H15: =SUM(B15:G15) -> 468 | J15: TOTAL PIEZA QUIRURGICA (HISTOLOGIA) | K15: 64 | L15: 0 | M15: 0 | N15: 0 | O15: 0 | P15: 0 | Q15: =SUM(K15:P15) -> 64
A16: GLUCOSA | B16: 741 | C16: 1661 | D16: 1037 | E16: 71 | F16: 0 | G16: 9 | H16: =SUM(B16:G16) -> 3519 | J16: TOTAL CITOLOGIA ESPECIAL | K16: 6 | L16: 1 | M16: 0 | N16: 0 | O16: 0 | P16: 0 | Q16: =SUM(K16:P16) -> 7
A17: GLUCOSA POST PRANDIAL | B17: 0 | C17: 0 | D17: 5 | E17: 0 | F17: 0 | G17: 0 | H17: =SUM(B17:G17) -> 5 | J17: TOTAL DE TEJIDOS INCLUIDOS | K17: 289 | L17: 0 | M17: 200 | N17: 0 | O17: 0 | P17: 0 | Q17: =SUM(K17:P17) -> 489
A18: FOSFORO | B18: 18 | C18: 0 | D18: 18 | E18: 1 | F18: 0 | G18: 0 | H18: =SUM(B18:G18) -> 37 | J18: TOTAL DE CORTES DE TEJIDOS | K18: 292 | L18: 0 | M18: 200 | N18: 0 | O18: 0 | P18: 0 | Q18: =SUM(K18:P18) -> 492
A19: HEMOGLOBINA GLICOSILADA | B19: 101 | C19: 40 | D19: 221 | E19: 10 | F19: 0 | G19: 1 | H19: =SUM(B19:G19) -> 373 | J19: TOTAL DE LÁMINAS MONTADAS | K19: 292 | L19: 0 | M19: 200 | N19: 0 | O19: 0 | P19: 0 | Q19: =SUM(K19:P19) -> 492
A20: TOLERANCIA A LA GLUCOSA | B20: 1 | C20: 0 | D20: 18 | E20: 1 | F20: 0 | G20: 2 | H20: =SUM(B20:G20) -> 22 | J20: TOTAL DE HISTOQUIMICA | K20: 2 | L20: 0 | M20: 2 | N20: 0 | O20: 0 | P20: 0 | Q20: =SUM(K20:P20) -> 4
A21: CREATININA | B21: 802 | C21: 1596 | D21: 1036 | E21: 72 | F21: 0 | G21: 7 | H21: =SUM(B21:G21) -> 3513 | J21: TOTAL DE INMUNOHISTOQUIMICA | K21: 0 | L21: 0 | M21: 0 | N21: 0 | O21: 0 | P21: 0 | Q21: =SUM(K21:P21) -> 0
A22: DEPURACION DE CREATININA | B22: 0 | C22: 0 | D22: 7 | E22: 0 | F22: 0 | G22: 0 | H22: =SUM(B22:G22) -> 7 | J22: TOTAL AUTOPSIA MÉDICO LEGAL | K22: 0 | L22: 0 | M22: 0 | N22: 0 | O22: 0 | P22: 0 | Q22: =SUM(K22:P22) -> 0
A23: MICROALBUMINURIA | B23: 0 | C23: 0 | D23: 18 | E23: 0 | F23: 0 | G23: 1 | H23: =SUM(B23:G23) -> 19 | J23: TOTAL AUTOPSIA CLÍNICA | K23: 0 | L23: 0 | M23: 0 | N23: 0 | O23: 0 | P23: 0 | Q23: =SUM(K23:P23) -> 0
A24: UREA | B24: 798 | C24: 1596 | D24: 1023 | E24: 71 | F24: 0 | G24: 7 | H24: =SUM(B24:G24) -> 3495
A25: PROTEINURIA 24 HORAS | B25: 6 | C25: 4 | D25: 23 | E25: 0 | F25: 0 | G25: 0 | H25: =SUM(B25:G25) -> 33
A26: BILIRRUBINA TOTAL | B26: 661 | C26: 622 | D26: 484 | E26: 13 | F26: 0 | G26: 0 | H26: =SUM(B26:G26) -> 1780 | J26: PROGRAMAS / METAXENICAS | K26: TOTAL
A27: BILIRRUBINA DIRECTA | B27: 661 | C27: 622 | D27: 484 | E27: 13 | F27: 0 | G27: 0 | H27: =SUM(B27:G27) -> 1780 | K27: Hospitaliz | L27: Emergenc | M27: Programa | N27: Privado | O27: Convenio | P27: Insolvencia | Q27: TOTAL
A28: PROTEINAS TOTAL | B28: 527 | C28: 652 | D28: 551 | E28: 15 | F28: 0 | G28: 0 | H28: =SUM(B28:G28) -> 1745 | J28: TOTAL DE EXAMENES | K28: =SUM(K29:K37) -> 98 | L28: =SUM(L29:L37) -> 269 | M28: =SUM(M29:M37) -> 197 | N28: =SUM(N29:N37) -> 0 | O28: =SUM(O29:O37) -> 0 | P28: =SUM(P29:P37) -> 0 | Q28: =SUM(K28:P28) -> 564
A29: ALBUMINA | B29: 534 | C29: 652 | D29: 544 | E29: 6 | F29: 0 | G29: 0 | H29: =SUM(B29:G29) -> 1736 | J29: TUBERCULOSIS | K29: 64 | L29: 2 | M29: 72 | N29: 0 | O29: 0 | P29: 0 | Q29: =SUM(K29:P29) -> 138
A30: TGO | B30: 536 | C30: 703 | D30: 684 | E30: 40 | F30: 0 | G30: 4 | H30: =SUM(B30:G30) -> 1967 | J30: LEISHMANIA | K30: 0 | L30: 0 | M30: 1 | N30: 0 | O30: 0 | P30: 0 | Q30: =SUM(K30:P30) -> 1
A31: TGP | B31: 538 | C31: 709 | D31: 683 | E31: 40 | F31: 0 | G31: 4 | H31: =SUM(B31:G31) -> 1974 | J31: PROGRAMA LEPRAE | K31: 0 | L31: 0 | M31: 0 | N31: 0 | O31: 0 | P31: 0 | Q31: =SUM(K31:P31) -> 0
A32: GGTP | B32: 60 | D32: 10 | E32: 0 | F32: 0 | G32: 0 | H32: =SUM(B32:G32) -> 70 | J32: MALARIA | K32: 22 | L32: 202 | M32: 28 | N32: 0 | O32: 0 | P32: 0 | Q32: =SUM(K32:P32) -> 252
A33: LACTATO DESHIDROGENASA (DHL) | B33: 181 | C33: 117 | D33: 69 | E33: 3 | F33: 0 | G33: 0 | H33: =SUM(B33:G33) -> 370 | J33: METAXENICAS (REFERENCIAL) | K33: 0 | L33: 0 | M33: 86 | N33: 0 | O33: 0 | P33: 0 | Q33: =SUM(K33:P33) -> 86
A34: PROTEINA C REACTIVA (CUANTITATIVO) | B34: 812 | C34: 1351 | D34: 153 | E34: 30 | F34: 0 | G34: 1 | H34: =SUM(B34:G34) -> 2347 | J34: CULTIVO DE TB (REFERENCIAL) | K34: 0 | L34: 0 | M34: 10 | N34: 0 | O34: 0 | P34: 0 | Q34: =SUM(K34:P34) -> 10
A35: FOSFATASA ALCALINA | B35: 409 | C35: 429 | D35: 442 | E35: 12 | F35: 0 | G35: 1 | H35: =SUM(B35:G35) -> 1293 | J35: PRUEBA RAPIDA DE DENGUE | K35: 4 | L35: 50 | M35: 0 | N35: 0 | O35: 0 | P35: 0 | Q35: =SUM(K35:P35) -> 54
A36: CPK TOTAL | B36: 0 | C36: 0 | D36: 0 | E36: 0 | F36: 0 | G36: 0 | H36: =SUM(B36:G36) -> 0 | J36: PRUEBA RAPIDA DE LEPTOSPIRA | K36: 8 | L36: 15 | M36: 0 | N36: 0 | O36: 0 | P36: 0 | Q36: =SUM(K36:P36) -> 23
A37: CPK MB | B37: 6 | C37: 13 | D37: 3 | E37: 0 | F37: 0 | G37: 0 | H37: =SUM(B37:G37) -> 22 | J37: PRUEBA RAPIDA DE COVID | K37: 0 | L37: 0 | M37: 0 | N37: 0 | O37: 0 | P37: 0 | Q37: =SUM(K37:P37) -> 0
A38: COLESTEROL | B38: 127 | C38: 108 | D38: 341 | E38: 27 | F38: 0 | G38: 4 | H38: =SUM(B38:G38) -> 607
A39: TRIGLICERIDOS | B39: 127 | C39: 107 | D39: 343 | E39: 29 | F39: 0 | G39: 5 | H39: =SUM(B39:G39) -> 611 | J39: BANCO DE SANGRE | K39: TOTAL
A40: HDLc | B40: 87 | C40: 9 | D40: 238 | E40: 11 | F40: 0 | G40: 1 | H40: =SUM(B40:G40) -> 346 | K40: Hospitaliz | L40: Emergenc | M40: C. Externa | N40: Privado | O40: Convenio | P40: Insolvencia | Q40: TOTAL
A41: LDLc | B41: 87 | C41: 9 | D41: 238 | E41: 11 | F41: 0 | G41: 1 | H41: =SUM(B41:G41) -> 346 | J41: TOTAL DE UNIDADES ENTREGADAS | K41: =SUM(K42:K49) -> 705 | L41: =SUM(L42:L49) -> 279 | M41: =SUM(M42:M49) -> 7 | N41: =SUM(N42:N49) -> 4 | O41: =SUM(O42:O49) -> 0 | P41: =SUM(P42:P49) -> 0 | Q41: =SUM(K41:P41) -> 995
A42: ASO | B42: 3 | C42: 0 | D42: 3 | E42: 1 | F42: 0 | G42: 0 | H42: =SUM(B42:G42) -> 7 | J42: SANGRE TOTAL | K42: 0 | L42: 0 | M42: 0 | N42: 0 | O42: 0 | P42: 0 | Q42: =SUM(K42:P42) -> 0
A43: FACTOR REUMATOIDEO | B43: 14 | C43: 1 | D43: 53 | E43: 1 | F43: 0 | G43: 0 | H43: =SUM(B43:G43) -> 69 | J43: GLOBULOS ROJOS | K43: 197 | L43: 84 | M43: 2 | N43: 1 | O43: 0 | P43: 0 | Q43: =SUM(K43:P43) -> 284
A44: HIERRO | B44: 29 | C44: 0 | D44: 14 | E44: 0 | F44: 0 | G44: 0 | H44: =SUM(B44:G44) -> 43 | J44: PLASMA FRESCO CONGELADO | K44: 1 | L44: 1 | M44: 0 | N44: 0 | O44: 0 | P44: 0 | Q44: =SUM(K44:P44) -> 2
A45: LIPASA | B45: 47 | C45: 136 | D45: 28 | E45: 1 | F45: 0 | G45: 0 | H45: =SUM(B45:G45) -> 212 | J45: CRIOPRECIPITADO | K45: 11 | L45: 0 | M45: 0 | N45: 0 | O45: 0 | P45: 0 | Q45: =SUM(K45:P45) -> 11
A46: TRANSFERRINA | B46: 35 | C46: 0 | D46: 5 | E46: 0 | F46: 0 | G46: 0 | H46: =SUM(B46:G46) -> 40 | J46: PLAQUETAS | K46: 33 | L46: 4 | M46: 0 | N46: 0 | O46: 0 | P46: 0 | Q46: =SUM(K46:P46) -> 37
A47: COMPLEMENTO C3 | B47: 4 | C47: 0 | D47: 0 | E47: 0 | F47: 0 | G47: 0 | H47: =SUM(B47:G47) -> 4 | J47: GRUPO SANGUINEO ABO EN GEL | K47: 156 | L47: 96 | M47: 2 | N47: 1 | O47: 0 | P47: 0 | Q47: =SUM(K47:P47) -> 255
A48: COMPLEMENTO C4 | B48: 14 | C48: 0 | D48: 16 | E48: 0 | F48: 0 | G48: 0 | H48: =SUM(B48:G48) -> 30 | J48: PRUEBA CRUZADA MAYOR | K48: 304 | L48: 92 | M48: 3 | N48: 2 | O48: 0 | P48: 0 | Q48: =SUM(K48:P48) -> 401
A49: GASES ARTERIALES | B49: 0 | C49: 655 | D49: 2 | E49: 0 | F49: 0 | G49: 0 | H49: =SUM(B49:G49) -> 657 | J49: PRUEBA CRUZADA MENOR | K49: 3 | L49: 2 | M49: 0 | N49: 0 | O49: 0 | P49: 0 | Q49: =SUM(K49:P49) -> 5
A50: ELECTROLITOS | B50: 443 | C50: 1161 | D50: 128 | E50: 13 | F50: 0 | G50: 0 | H50: =SUM(B50:G50) -> 1745
A51: TOTAL EXAMENES HEMATOLÓGICOS -HEMOSTASICOS | B51: =SUM(B52:B68) -> 1620 | C51: =SUM(C52:C68) -> 4869 | D51: =SUM(D52:D68) -> 2946 | E51: =SUM(E52:E68) -> 292 | F51: =SUM(F52:F68) -> 45 | G51: =SUM(G52:G68) -> 15 | H51: =SUM(B51:G51) -> 9787
A52: HEMATOCRITO | B52: 278 | C52: 119 | D52: 109 | E52: 37 | F52: 2 | G52: 0 | H52: =SUM(B52:G52) -> 545 | J52: TOTAL DE ATENCIONES EN EL DEPARTAMENTO DE PATOLOGIA CLÍNICA Y ANATOMIA PATOLOGICA
A53: HEMOGLOBINA | B53: 1 | C53: 0 | D53: 8 | E53: 8 | F53: 1 | G53: 0 | H53: =SUM(B53:G53) -> 18 | J53: PROGRAMAS DE SALUD OPORTUNOS PARA LA POBLACION | Q53: TOTAL
A54: HEMOGRAMA AUTOMATIZADO | B54: 119 | C54: 2247 | D54: 1222 | E54: 127 | F54: 18 | G54: 8 | H54: =SUM(B54:G54) -> 3741 | J54: PROGRAMACION, SEGUIMIENTO Y EVALUACION DE ACTIVIDADES | Q54: 4
A55: PLAQUETAS | B55: 10 | C55: 4 | D55: 48 | E55: 34 | F55: 0 | G55: 0 | H55: =SUM(B55:G55) -> 96 | J55: EXAMEN DE PROCEDIMIENTO BIOQUÍMICO | Q55: =(H12) -> 31508
A56: T COAGULACIÓN & T SANGRÍA | B56: 117 | C56: 686 | D56: 379 | E56: 23 | F56: 4 | G56: 1 | H56: =SUM(B56:G56) -> 1210 | J56: EXAMEN DE PROCEDIMIENTO HEMATOLÓGICO - HEMOSTASICOS | Q56: =(H51) -> 9787
A57: VELOCIDAD DE SEDIMENTACIÓN GLOBULAR | B57: 47 | C57: 1 | D57: 21 | E57: 4 | F57: 0 | G57: 0 | H57: =SUM(B57:G57) -> 73 | J57: EXAMEN DE PROCEDIMIENTOS MICROBIOLÓGICOS | Q57: =(H69) -> 627
A58: TEST COOMBS DIRECTO | B58: 6 | C58: 3 | D58: 3 | E58: 0 | F58: 0 | G58: 0 | H58: =SUM(B58:G58) -> 12 | J58: EXAMEN DE PROCEDIMIENTOS UROPARASITOLÓGICOS | Q58: =H82 -> 2222
A59: TEST DE COOMBS INDIRECTO | B59: 0 | C59: 0 | D59: 0 | E59: 0 | F59: 0 | G59: 0 | H59: =SUM(B59:G59) -> 0 | J59: EXAMEN DE PROCEDIMIENTOS INMUNOLÓGICOS | Q59: =H95 -> 3965
A60: GRUPO SANGUINEO Y FACTOR RH | B60: 220 | C60: 765 | D60: 349 | E60: 18 | F60: 4 | G60: 1 | H60: =SUM(B60:G60) -> 1357 | J60: EXAMEN DE PROCEDIMIENTO ANATOMO PATOLÓGICO | Q60: =Q11 -> 1716
A61: LAMINA PERIFERICA | B61: 11 | C61: 3 | D61: 10 | E61: 0 | F61: 0 | G61: 0 | H61: =SUM(B61:G61) -> 24 | J61: EXAMEN DE PROGRAMAS | Q61: =Q28 -> 564
A62: CONSTANTES CORPUSCULARES | B62: 0 | C62: 0 | D62: 0 | E62: 0 | F62: 0 | G62: 0 | H62: =SUM(B62:G62) -> 0 | J62: UNIDADES DE BANCO DE SANGRE | Q62: =Q41 -> 995
A63: RETICULOCITOS | B63: 7 | C63: 2 | D63: 6 | E63: 0 | F63: 0 | G63: 0 | H63: =SUM(B63:G63) -> 15 | P63: TOTAL | Q63: =SUM(Q54:Q62) -> 51388
A64: TIEMPO DE TROMBOPLASTINA | B64: 110 | C64: 0 | D64: 45 | E64: 2 | F64: 0 | G64: 1 | H64: =SUM(B64:G64) -> 158
A65: TIEMPO DE PROTROMBINA | B65: 314 | C65: 462 | D65: 365 | E65: 18 | F65: 8 | G65: 2 | H65: =SUM(B65:G65) -> 1169
A66: INR | B66: 314 | C66: 462 | D66: 365 | E66: 18 | F66: 8 | G66: 2 | H66: =SUM(B66:G66) -> 1169
A67: FIBRINOGENO | B67: 59 | C67: 112 | D67: 14 | E67: 3 | F67: 0 | G67: 0 | H67: =SUM(B67:G67) -> 188
A68: DIMERO D | B68: 7 | C68: 3 | D68: 2 | E68: 0 | F68: 0 | G68: 0 | H68: =SUM(B68:G68) -> 12
A69: TOTAL EXAMENES MICROBIOLOGIA | B69: =SUM(B70:B81) -> 384 | C69: =SUM(C70:C81) -> 93 | D69: =SUM(D70:D81) -> 133 | E69: =SUM(E70:E81) -> 17 | F69: =SUM(F70:F81) -> 0 | G69: =SUM(G70:G81) -> 0 | H69: =SUM(B69:G69) -> 627
A70: UROCULTIVO | B70: 70 | C70: 23 | D70: 104 | E70: 11 | F70: 0 | G70: 0 | H70: =SUM(B70:G70) -> 208
A71: HEMOCULTIVO | B71: 134 | C71: 47 | D71: 4 | E71: 1 | F71: 0 | G71: 0 | H71: =SUM(B71:G71) -> 186
A72: CULTIVO DE CATETER | B72: 11 | C72: 0 | D72: 0 | E72: 0 | F72: 0 | G72: 0 | H72: =SUM(B72:G72) -> 11
A73: CULTIVO DE SECRECION | B73: 52 | C73: 7 | D73: 7 | E73: 3 | F73: 0 | G73: 0 | H73: =SUM(B73:G73) -> 69
A74: CITOQUIMICO | B74: 18 | C74: 3 | D74: 0 | E74: 0 | F74: 0 | G74: 0 | H74: =SUM(B74:G74) -> 21
A75: COPROCULTIVO | B75: 8 | C75: 2 | D75: 8 | E75: 0 | F75: 0 | G75: 0 | H75: =SUM(B75:G75) -> 18
A76: COLORACIÓN GRAM (Secrec.Vaginal y Otros) | B76: 24 | C76: 4 | D76: 2 | E76: 0 | F76: 0 | G76: 0 | H76: =SUM(B76:G76) -> 30
A77: KOH -HONGOS | B77: 6 | C77: 0 | D77: 7 | E77: 2 | F77: 0 | G77: 0 | H77: =SUM(B77:G77) -> 15
A78: CULTIVO DE HONGOS | B78: 15 | C78: 0 | D78: 1 | E78: 0 | F78: 0 | G78: 0 | H78: =SUM(B78:G78) -> 16
A79: TINTA CHINA | B79: 9 | C79: 0 | D79: 0 | E79: 0 | F79: 0 | G79: 0 | H79: =SUM(B79:G79) -> 9
A80: PH LÍQUIDOS CORPORALES | B80: 18 | C80: 3 | D80: 0 | E80: 0 | F80: 0 | G80: 0 | H80: =SUM(B80:G80) -> 21
A81: BACILOSCOPIA DE LÍQUIDOS CORPORALES | B81: 19 | C81: 4 | D81: 0 | E81: 0 | F81: 0 | G81: 0 | H81: =SUM(B81:G81) -> 23
A82: TOTAL EXAMENES URO -PARASITOLÓGICOS | B82: =SUM(B83:B94) -> 162 | C82: =SUM(C83:C94) -> 795 | D82: =SUM(D83:D94) -> 1209 | E82: =SUM(E83:E94) -> 53 | F82: =SUM(F83:F94) -> 3 | G82: =SUM(G83:G94) -> 0 | H82: =SUM(B82:G82) -> 2222
A83: HECES SERIADO | B83: 19 | C83: 0 | D83: 91 | E83: 4 | F83: 1 | G83: 0 | H83: =SUM(B83:G83) -> 115
A84: COPROPARASITOLOGICO FUNCIONAL | B84: 19 | C84: 0 | D84: 125 | E84: 6 | F84: 1 | G84: 0 | H84: =SUM(B84:G84) -> 151
A85: RX INFLAMATORIA | B85: 12 | C85: 65 | D85: 4 | E85: 3 | F85: 0 | G85: 0 | H85: =SUM(B85:G85) -> 84
A86: THEVENON HECES | B86: 26 | C86: 0 | D86: 194 | E86: 5 | F86: 1 | G86: 0 | H86: =SUM(B86:G86) -> 226
A87: SUDAN | B87: 0 | C87: 0 | D87: 0 | E87: 0 | F87: 0 | G87: 0 | H87: =SUM(B87:G87) -> 0
A88: BENEDICT | B88: 0 | C88: 0 | D88: 0 | E88: 0 | F88: 0 | G88: 0 | H88: =SUM(B88:G88) -> 0
A89: EXÁMEN COMPLETO DE ORINA | B89: 56 | C89: 693 | D89: 551 | E89: 25 | F89: 0 | G89: 0 | H89: =SUM(B89:G89) -> 1325
A90: TEST GRAHAM | B90: 2 | C90: 0 | D90: 0 | E90: 0 | F90: 0 | G90: 0 | H90: =SUM(B90:G90) -> 2
A91: METODO DE CONCENTRACIÓN (BAERMANN) | B91: 2 | C91: 0 | D91: 6 | E91: 0 | F91: 0 | G91: 0 | H91: =SUM(B91:G91) -> 8
A92: EXAMEN DIRECTO DE HECES | B92: 18 | C92: 37 | D92: 139 | E92: 7 | F92: 0 | G92: 0 | H92: =SUM(B92:G92) -> 201
A93: ANTIGENO H. PYLORI EN HECES | B93: 2 | C93: 0 | D93: 98 | E93: 3 | F93: 0 | G93: 0 | H93: =SUM(B93:G93) -> 103
A94: ADENOVIRUS & ROTAVIRUS | B94: 6 | C94: 0 | D94: 1 | E94: 0 | F94: 0 | G94: 0 | H94: =SUM(B94:G94) -> 7
A95: TOTAL EXAMENES INMUNO SEROLÓGICOS | B95: =SUM(B96:B155) -> 870 | C95: =SUM(C96:C155) -> 965 | D95: =SUM(D96:D155) -> 2078 | E95: =SUM(E96:E155) -> 33 | F95: =SUM(F96:F155) -> 19 | G95: =SUM(G96:G155) -> 0 | H95: =SUM(B95:G95) -> 3965
A96: RPR | B96: 72 | C96: 247 | D96: 286 | E96: 3 | F96: 3 | G96: 0 | H96: =SUM(B96:G96) -> 611
A97: VDRL | B97: 0 | C97: 0 | D97: 0 | E97: 0 | F97: 0 | G97: 0 | H97: =SUM(B97:G97) -> 0
A98: AGLUTINACIONES | B98: 0 | C98: 0 | D98: 0 | E98: 0 | F98: 0 | G98: 0 | H98: =SUM(B98:G98) -> 0
A99: ROSA DE BENGALA | B99: 0 | C99: 0 | D99: 0 | E99: 0 | F99: 0 | G99: 0 | H99: =SUM(B99:G99) -> 0
A100: ANTI MIELOPEROXIDASA (MPO) | B100: 7 | C100: 0 | D100: 4 | E100: 0 | F100: 0 | G100: 0 | H100: =SUM(B100:G100) -> 11
A101: ANTI PROTEINASA 3 (PR3) | B101: 7 | C101: 0 | D101: 4 | E101: 0 | F101: 0 | G101: 0 | H101: =SUM(B101:G101) -> 11
A102: ANTI CARDIOLIPINA IGG/IGM | B102: 7 | C102: 0 | D102: 8 | E102: 1 | F102: 0 | G102: 0 | H102: =SUM(B102:G102) -> 16
A103: ANTI B2-GLICOPROTEINA | B103: 3 | C103: 0 | D103: 3 | E103: 1 | F103: 0 | G103: 0 | H103: =SUM(B103:G103) -> 7
A104: ANTI M2-3E (AMA) | B104: 6 | C104: 0 | D104: 7 | E104: 0 | F104: 0 | G104: 0 | H104: =SUM(B104:G104) -> 13
A105: ANA (ELISA) | B105: 0 | C105: 0 | D105: 0 | E105: 0 | F105: 0 | G105: 0 | H105: =SUM(B105:G105) -> 0
A106: HELICOBACTER PILORY IGM | B106: 0 | C106: 0 | D106: 0 | E106: 0 | F106: 0 | G106: 0 | H106: =SUM(B106:G106) -> 0
...

Sheet AGO
A4: Establecimiento de Salud informante: | B4: HOSPITAL REGIONAL DE LORETO | K4: Mes: | L4: AGOSTO
A6: Código Renaes: | B6: 3 | K6: Año: | L6: 2025
A9: PATOLOGÍA CLÍNICA | B9: TOTAL | J9: ANATOMÍA PATOLÓGICA | K9: TOTAL
B10: Hospitaliz | C10: Emergenc | D10: C. Externa | E10: Privado | F10: Convenio | G10: Insolvencia | H10: TOTAL | K10: Hospitaliz | L10: Emergenc | M10: C. Externa | N10: Privado | O10: Convenio | P10: Insolvencia | Q10: TOTAL
A11: TOTAL DE EXAMENES LABORATORIO | B11: =B12+B51+B69+B82+B95 -> 12248 | C11: =C12+C51+C69+C82+C95 -> 19208 | D11: =D12+D51+D69+D82+D95 -> 14521 | E11: =E12+E51+E69+E82+E95 -> 586 | F11: =F12+F51+F69+F82+F95 -> 608 | G11: =G12+G51+G69+G82+G95 -> 103 | H11: =SUM(B11:G11) -> 47274 | J11: TOTAL EXAMENES ANATOMIA PATOLOGICA | K11: =SUM(K12:K23) -> 804 | L11: =SUM(L12:L23) -> 0 | M11: =SUM(M12:M23) -> 868 | N11: =SUM(N12:N23) -> 7 | O11: =SUM(O12:O23) -> 2 | P11: =SUM(P12:P23) -> 0 | Q11: =SUM(K11:P11) -> 1681
A12: TOTAL EXAMENES BIOQUÍMICOS | B12: =SUM(B13:B50) -> 7654 | C12: =SUM(C13:C50) -> 12087 | D12: =SUM(D13:D50) -> 8596 | E12: =SUM(E13:E50) -> 347 | F12: =SUM(F13:F50) -> 412 | G12: =SUM(G13:G50) -> 34 | H12: =SUM(B12:G12) -> 29130 | J12: TOTAL EXAMENES CITOLÓGICOS (PAP) | K12: 1 | L12: 0 | M12: 36 | N12: 4 | O12: 0 | P12: 0 | Q12: =SUM(K12:P12) -> 41
A13: ACIDO URICO | B13: 43 | C13: 2 | D13: 83 | E13: 1 | F13: 9 | G13: 0 | H13: =SUM(B13:G13) -> 138 | J13: TOTAL BAAF | K13: 0 | L13: 0 | M13: 2 | N13: 0 | O13: 0 | P13: 0 | Q13: =SUM(K13:P13) -> 2
A14: CALCIO | B14: 46 | C14: 34 | D14: 49 | E14: 5 | F14: 5 | G14: 0 | H14: =SUM(B14:G14) -> 139 | J14: TOTAL EXAMENES HISTOPATOLÓGICOS (Biopsia) | K14: 3 | L14: 0 | M14: 91 | N14: 3 | O14: 2 | P14: 0 | Q14: =SUM(K14:P14) -> 99
A15: AMILASA | B15: 52 | C15: 108 | D15: 18 | E15: 1 | F15: 1 | G15: 0 | H15: =SUM(B15:G15) -> 180 | J15: TOTAL PIEZA QUIRURGICA (HISTOLOGIA) | K15: 80 | L15: 0 | M15: 21 | N15: 0 | O15: 0 | P15: 0 | Q15: =SUM(K15:P15) -> 101
A16: GLUCOSA | B16: 675 | C16: 1548 | D16: 942 | E16: 17 | F16: 44 | G16: 0 | H16: =SUM(B16:G16) -> 3226 | J16: TOTAL CITOLOGIA ESPECIAL | K16: 5 | L16: 0 | N16: 0 | O16: 0 | P16: 0 | Q16: =SUM(K16:P16) -> 5
A17: GLUCOSA POST PRANDIAL | B17: 0 | C17: 0 | D17: 12 | E17: 0 | F17: 1 | G17: 0 | H17: =SUM(B17:G17) -> 13 | J17: TOTAL DE TEJIDOS INCLUIDOS | K17: 235 | L17: 0 | M17: 236 | N17: 0 | O17: 0 | P17: 0 | Q17: =SUM(K17:P17) -> 471
A18: FOSFORO | B18: 28 | C18: 0 | D18: 48 | E18: 0 | F18: 3 | G18: 0 | H18: =SUM(B18:G18) -> 79 | J18: TOTAL DE CORTES DE TEJIDOS | K18: 237 | L18: 0 | M18: 238 | N18: 0 | O18: 0 | P18: 0 | Q18: =SUM(K18:P18) -> 475
A19: HEMOGLOBINA GLICOSILADA | B19: 73 | C19: 36 | D19: 166 | E19: 8 | F19: 6 | G19: 0 | H19: =SUM(B19:G19) -> 289 | J19: TOTAL DE LÁMINAS MONTADAS | K19: 237 | L19: 0 | M19: 238 | N19: 0 | O19: 0 | P19: 0 | Q19: =SUM(K19:P19) -> 475
A20: TOLERANCIA A LA GLUCOSA | B20: 3 | C20: 0 | D20: 19 | E20: 0 | F20: 0 | G20: 3 | H20: =SUM(B20:G20) -> 25 | J20: TOTAL DE HISTOQUIMICA | K20: 2 | L20: 0 | M20: 2 | N20: 0 | O20: 0 | P20: 0 | Q20: =SUM(K20:P20) -> 4
A21: CREATININA | B21: 776 | C21: 1546 | D21: 956 | E21: 54 | F21: 49 | G21: 6 | H21: =SUM(B21:G21) -> 3387 | J21: TOTAL DE INMUNOHISTOQUIMICA | K21: 4 | L21: 0 | M21: 4 | N21: 0 | O21: 0 | P21: 0 | Q21: =SUM(K21:P21) -> 8
A22: DEPURACION DE CREATININA | B22: 4 | C22: 1 | D22: 5 | E22: 1 | F22: 0 | G22: 0 | H22: =SUM(B22:G22) -> 11 | J22: TOTAL AUTOPSIA MÉDICO LEGAL | K22: 0 | L22: 0 | M22: 0 | N22: 0 | O22: 0 | P22: 0 | Q22: =SUM(K22:P22) -> 0
A23: MICROALBUMINURIA | B23: 1 | C23: 2 | D23: 13 | E23: 0 | F23: 0 | G23: 0 | H23: =SUM(B23:G23) -> 16 | J23: TOTAL AUTOPSIA CLÍNICA | K23: 0 | L23: 0 | M23: 0 | N23: 0 | O23: 0 | P23: 0 | Q23: =SUM(K23:P23) -> 0
A24: UREA | B24: 780 | C24: 1546 | D24: 971 | E24: 54 | F24: 49 | G24: 6 | H24: =SUM(B24:G24) -> 3406
A25: PROTEINURIA 24 HORAS | B25: 40 | C25: 5 | D25: 33 | E25: 1 | F25: 0 | G25: 0 | H25: =SUM(B25:G25) -> 79
A26: BILIRRUBINA TOTAL | B26: 521 | C26: 579 | D26: 446 | E26: 13 | F26: 17 | G26: 0 | H26: =SUM(B26:G26) -> 1576 | J26: PROGRAMAS / METAXENICAS | K26: TOTAL
A27: BILIRRUBINA DIRECTA | B27: 521 | C27: 579 | D27: 446 | E27: 13 | F27: 17 | G27: 0 | H27: =SUM(B27:G27) -> 1576 | K27: Hospitaliz | L27: Emergenc | M27: Programa | N27: Privado | O27: Convenio | P27: Insolvencia | Q27: TOTAL
A28: PROTEINAS TOTAL | B28: 470 | C28: 603 | D28: 513 | E28: 20 | F28: 21 | G28: 2 | H28: =SUM(B28:G28) -> 1629 | J28: TOTAL DE EXAMENES | K28: =SUM(K29:K37) -> 92 | L28: =SUM(L29:L37) -> 277 | M28: =SUM(M29:M37) -> 260 | N28: =SUM(N29:N37) -> 0 | O28: =SUM(O29:O37) -> 0 | P28: =SUM(P29:P37) -> 0 | Q28: =SUM(K28:P28) -> 629
A29: ALBUMINA | B29: 458 | C29: 603 | D29: 510 | E29: 7 | F29: 21 | G29: 2 | H29: =SUM(B29:G29) -> 1601 | J29: TUBERCULOSIS | K29: 65 | L29: 10 | M29: 115 | N29: 0 | O29: 0 | P29: 0 | Q29: =SUM(K29:P29) -> 190
A30: TGO | B30: 503 | C30: 673 | D30: 654 | E30: 29 | F30: 29 | G30: 1 | H30: =SUM(B30:G30) -> 1889 | J30: LEISHMANIA | K30: 0 | L30: 0 | M30: 1 | N30: 0 | O30: 0 | P30: 0 | Q30: =SUM(K30:P30) -> 1
A31: TGP | B31: 503 | C31: 673 | D31: 656 | E31: 30 | F31: 29 | G31: 1 | H31: =SUM(B31:G31) -> 1892 | J31: PROGRAMA LEPRAE | K31: 0 | L31: 0 | M31: 0 | N31: 0 | O31: 0 | P31: 0 | Q31: =SUM(K31:P31) -> 0
A32: GGTP | B32: 69 | C32: 0 | D32: 5 | E32: 0 | F32: 0 | G32: 0 | H32: =SUM(B32:G32) -> 74 | J32: MALARIA | K32: 22 | L32: 198 | M32: 37 | N32: 0 | O32: 0 | P32: 0 | Q32: =SUM(K32:P32) -> 257
A33: LACTATO DESHIDROGENASA (DHL) | B33: 206 | C33: 157 | D33: 73 | E33: 0 | F33: 4 | G33: 0 | H33: =SUM(B33:G33) -> 440 | J33: METAXENICAS (REFERENCIAL) | K33: 0 | L33: 0 | M33: 93 | N33: 0 | O33: 0 | P33: 0 | Q33: =SUM(K33:P33) -> 93
A34: PROTEINA C REACTIVA (CUANTITATIVO) | B34: 667 | C34: 1150 | D34: 162 | E34: 35 | F34: 5 | G34: 2 | H34: =SUM(B34:G34) -> 2021 | J34: CULTIVO DE TB (REFERENCIAL) | K34: 0 | L34: 0 | M34: 13 | N34: 0 | O34: 0 | P34: 0 | Q34: =SUM(K34:P34) -> 13
A35: FOSFATASA ALCALINA | B35: 405 | C35: 409 | D35: 361 | E35: 12 | F35: 16 | G35: 0 | H35: =SUM(B35:G35) -> 1203 | J35: PRUEBA RAPIDA DE DENGUE | K35: 0 | L35: 27 | M35: 0 | N35: 0 | O35: 0 | P35: 0 | Q35: =SUM(K35:P35) -> 27
A36: CPK TOTAL | B36: 0 | C36: 0 | D36: 0 | E36: 0 | F36: 0 | G36: 0 | H36: =SUM(B36:G36) -> 0 | J36: PRUEBA RAPIDA DE LEPTOSPIRA | K36: 5 | L36: 42 | M36: 1 | N36: 0 | O36: 0 | P36: 0 | Q36: =SUM(K36:P36) -> 48
A37: CPK MB | B37: 11 | C37: 21 | D37: 2 | E37: 0 | F37: 0 | G37: 0 | H37: =SUM(B37:G37) -> 34 | J37: PRUEBA RAPIDA DE COVID | K37: 0 | L37: 0 | M37: 0 | N37: 0 | O37: 0 | P37: 0 | Q37: =SUM(K37:P37) -> 0
A38: COLESTEROL | B38: 73 | C38: 97 | D38: 358 | E38: 10 | F38: 20 | G38: 3 | H38: =SUM(B38:G38) -> 561
A39: TRIGLICERIDOS | B39: 74 | C39: 98 | D39: 363 | E39: 11 | F39: 20 | G39: 3 | H39: =SUM(B39:G39) -> 569 | J39: BANCO DE SANGRE | K39: TOTAL
A40: HDLc | B40: 48 | C40: 6 | D40: 199 | E40: 5 | F40: 14 | G40: 2 | H40: =SUM(B40:G40) -> 274 | K40: Hospitaliz | L40: Emergenc | M40: C. Externa | N40: Privado | O40: Convenio | P40: Insolvencia | Q40: TOTAL
A41: LDLc | B41: 46 | C41: 7 | D41: 199 | E41: 5 | F41: 14 | G41: 2 | H41: =SUM(B41:G41) -> 273 | J41: TOTAL DE UNIDADES ENTREGADAS | K41: =SUM(K42:K49) -> 684 | L41: =SUM(L42:L49) -> 246 | M41: =SUM(M42:M49) -> 13 | N41: =SUM(N42:N49) -> 0 | O41: =SUM(O42:O49) -> 0 | P41: =SUM(P42:P49) -> 0 | Q41: =SUM(K41:P41) -> 943
A42: ASO | B42: 7 | C42: 1 | D42: 5 | E42: 0 | F42: 0 | G42: 0 | H42: =SUM(B42:G42) -> 13 | J42: SANGRE TOTAL | K42: 0 | L42: 0 | M42: 0 | N42: 0 | O42: 0 | P42: 0 | Q42: =SUM(K42:P42) -> 0
A43: FACTOR REUMATOIDEO | B43: 15 | C43: 3 | D43: 59 | E43: 0 | F43: 4 | G43: 0 | H43: =SUM(B43:G43) -> 81 | J43: GLOBULOS ROJOS | K43: 178 | L43: 77 | M43: 5 | N43: 0 | O43: 0 | P43: 0 | Q43: =SUM(K43:P43) -> 260
A44: HIERRO | B44: 16 | C44: 0 | D44: 51 | E44: 1 | F44: 0 | G44: 0 | H44: =SUM(B44:G44) -> 68 | J44: PLASMA FRESCO CONGELADO | K44: 22 | L44: 3 | M44: 0 | N44: 0 | O44: 0 | P44: 0 | Q44: =SUM(K44:P44) -> 25
A45: LIPASA | B45: 51 | C45: 92 | D45: 18 | E45: 1 | F45: 1 | G45: 0 | H45: =SUM(B45:G45) -> 163 | J45: CRIOPRECIPITADO | K45: 14 | L45: 7 | M45: 0 | N45: 0 | O45: 0 | P45: 0 | Q45: =SUM(K45:P45) -> 21
A46: TRANSFERRINA | B46: 12 | C46: 0 | D46: 42 | E46: 0 | F46: 0 | G46: 0 | H46: =SUM(B46:G46) -> 54 | J46: PLAQUETAS | K46: 28 | L46: 4 | M46: 0 | N46: 0 | O46: 0 | P46: 0 | Q46: =SUM(K46:P46) -> 32
A47: COMPLEMENTO C3 | B47: 25 | C47: 2 | D47: 22 | E47: 0 | F47: 1 | G47: 0 | H47: =SUM(B47:G47) -> 50 | J47: GRUPO SANGUINEO ABO EN GEL | K47: 173 | L47: 68 | M47: 3 | N47: 0 | O47: 0 | P47: 0 | Q47: =SUM(K47:P47) -> 244
A48: COMPLEMENTO C4 | B48: 25 | C48: 2 | D48: 22 | E48: 0 | F48: 1 | G48: 0 | H48: =SUM(B48:G48) -> 50 | J48: PRUEBA CRUZADA MAYOR | K48: 231 | L48: 82 | M48: 5 | N48: 0 | O48: 0 | P48: 0 | Q48: =SUM(K48:P48) -> 318
A49: GASES ARTERIALES | B49: 0 | C49: 961 | D49: 1 | E49: 6 | F49: 0 | G49: 0 | H49: =SUM(B49:G49) -> 968 | J49: PRUEBA CRUZADA MENOR | K49: 38 | L49: 5 | M49: 0 | N49: 0 | O49: 0 | P49: 0 | Q49: =SUM(K49:P49) -> 43
A50: ELECTROLITOS | B50: 407 | C50: 543 | D50: 114 | E50: 7 | F50: 11 | G50: 1 | H50: =SUM(B50:G50) -> 1083
A51: TOTAL EXAMENES HEMATOLÓGICOS -HEMOSTASICOS | B51: =SUM(B52:B68) -> 2406 | C51: =SUM(C52:C68) -> 5195 | D51: =SUM(D52:D68) -> 2751 | E51: =SUM(E52:E68) -> 159 | F51: =SUM(F52:F68) -> 118 | G51: =SUM(G52:G68) -> 2 | H51: =SUM(B51:G51) -> 10631
A52: HEMATOCRITO | B52: 329 | C52: 108 | D52: 33 | E52: 4 | F52: 5 | G52: 0 | H52: =SUM(B52:G52) -> 479 | J52: TOTAL DE ATENCIONES EN EL DEPARTAMENTO DE PATOLOGIA CLÍNICA Y ANATOMIA PATOLOGICA
A53: HEMOGLOBINA | B53: 0 | C53: 0 | D53: 10 | E53: 27 | F53: 4 | G53: 0 | H53: =SUM(B53:G53) -> 41 | J53: PROGRAMAS DE SALUD OPORTUNOS PARA LA POBLACION | Q53: TOTAL
A54: HEMOGRAMA AUTOMATIZADO | B54: 729 | C54: 2104 | D54: 1216 | E54: 33 | F54: 51 | G54: 2 | H54: =SUM(B54:G54) -> 4135 | J54: PROGRAMACION, SEGUIMIENTO Y EVALUACION DE ACTIVIDADES | Q54: 4
A55: PLAQUETAS | B55: 7 | C55: 6 | D55: 6 | E55: 5 | F55: 1 | G55: 0 | H55: =SUM(B55:G55) -> 25 | J55: EXAMEN DE PROCEDIMIENTO BIOQUÍMICO | Q55: =(H12) -> 29130
A56: T COAGULACIÓN & T SANGRÍA | B56: 150 | C56: 759 | D56: 387 | E56: 9 | F56: 7 | G56: 0 | H56: =SUM(B56:G56) -> 1312 | J56: EXAMEN DE PROCEDIMIENTO HEMATOLÓGICO - HEMOSTASICOS | Q56: =(H51) -> 10631
A57: VELOCIDAD DE SEDIMENTACIÓN GLOBULAR | B57: 67 | C57: 3 | D57: 1 | E57: 37 | F57: 2 | G57: 0 | H57: =SUM(B57:G57) -> 110 | J57: EXAMEN DE PROCEDIMIENTOS MICROBIOLÓGICOS | Q57: =(H69) -> 799
A58: TEST COOMBS DIRECTO | B58: 12 | C58: 6 | D58: 14 | E58: 0 | F58: 0 | G58: 0 | H58: =SUM(B58:G58) -> 32 | J58: EXAMEN DE PROCEDIMIENTOS UROPARASITOLÓGICOS | Q58: =H82 -> 1935
A59: TEST DE COOMBS INDIRECTO | B59: 0 | C59: 1 | D59: 4 | E59: 0 | F59: 0 | G59: 0 | H59: =SUM(B59:G59) -> 5 | J59: EXAMEN DE PROCEDIMIENTOS INMUNOLÓGICOS | Q59: =H95 -> 4779
A60: GRUPO SANGUINEO Y FACTOR RH | B60: 256 | C60: 822 | D60: 372 | E60: 8 | F60: 12 | G60: 0 | H60: =SUM(B60:G60) -> 1470 | J60: EXAMEN DE PROCEDIMIENTO ANATOMO PATOLÓGICO | Q60: =Q11 -> 1681
A61: LAMINA PERIFERICA | B61: 19 | C61: 10 | D61: 18 | E61: 1 | F61: 0 | G61: 0 | H61: =SUM(B61:G61) -> 48 | J61: EXAMEN DE PROGRAMAS | Q61: =Q28 -> 629
A62: CONSTANTES CORPUSCULARES | B62: 0 | C62: 0 | D62: 0 | E62: 0 | F62: 0 | G62: 0 | H62: =SUM(B62:G62) -> 0 | J62: UNIDADES DE BANCO DE SANGRE | Q62: =Q41 -> 943
A63: RETICULOCITOS | B63: 12 | C63: 9 | D63: 7 | E63: 0 | F63: 0 | G63: 0 | H63: =SUM(B63:G63) -> 28 | P63: TOTAL | Q63: =SUM(Q54:Q62) -> 50531
A64: TIEMPO DE TROMBOPLASTINA | B64: 82 | C64: 158 | D64: 36 | E64: 3 | F64: 3 | G64: 0 | H64: =SUM(B64:G64) -> 282
A65: TIEMPO DE PROTROMBINA | B65: 329 | C65: 523 | D65: 310 | E65: 15 | F65: 15 | G65: 0 | H65: =SUM(B65:G65) -> 1192
A66: INR | B66: 329 | C66: 523 | D66: 310 | E66: 15 | F66: 15 | G66: 0 | H66: =SUM(B66:G66) -> 1192
A67: FIBRINOGENO | B67: 81 | C67: 160 | D67: 24 | E67: 1 | F67: 2 | G67: 0 | H67: =SUM(B67:G67) -> 268
A68: DIMERO D | B68: 4 | C68: 3 | D68: 3 | E68: 1 | F68: 1 | G68: 0 | H68: =SUM(B68:G68) -> 12
A69: TOTAL EXAMENES MICROBIOLOGIA | B69: =SUM(B70:B81) -> 487 | C69: =SUM(C70:C81) -> 148 | D69: =SUM(D70:D81) -> 150 | E69: =SUM(E70:E81) -> 14 | F69: =SUM(F70:F81) -> 0 | G69: =SUM(G70:G81) -> 0 | H69: =SUM(B69:G69) -> 799
A70: UROCULTIVO | B70: 87 | C70: 22 | D70: 126 | E70: 6 | F70: 0 | G70: 0 | H70: =SUM(B70:G70) -> 241
A71: HEMOCULTIVO | B71: 156 | C71: 63 | D71: 1 | E71: 2 | F71: 0 | G71: 0 | H71: =SUM(B71:G71) -> 222
A72: CULTIVO DE CATETER | B72: 6 | C72: 0 | D72: 0 | E72: 0 | F72: 0 | G72: 0 | H72: =SUM(B72:G72) -> 6
A73: CULTIVO DE SECRECION | B73: 71 | C73: 13 | D73: 5 | E73: 4 | F73: 0 | G73: 0 | H73: =SUM(B73:G73) -> 93
A74: CITOQUIMICO | B74: 24 | C74: 8 | D74: 0 | E74: 0 | F74: 0 | G74: 0 | H74: =SUM(B74:G74) -> 32
A75: COPROCULTIVO | B75: 11 | C75: 2 | D75: 2 | E75: 0 | F75: 0 | G75: 0 | H75: =SUM(B75:G75) -> 15
A76: COLORACIÓN GRAM (Secrec.Vaginal y Otros) | B76: 39 | C76: 9 | D76: 10 | E76: 0 | F76: 0 | G76: 0 | H76: =SUM(B76:G76) -> 58
A77: KOH -HONGOS | B77: 8 | C77: 2 | D77: 5 | E77: 2 | F77: 0 | G77: 0 | H77: =SUM(B77:G77) -> 17
A78: CULTIVO DE HONGOS | B78: 19 | C78: 7 | D78: 1 | E78: 0 | F78: 0 | G78: 0 | H78: =SUM(B78:G78) -> 27
A79: TINTA CHINA | B79: 13 | C79: 6 | D79: 0 | E79: 0 | F79: 0 | G79: 0 | H79: =SUM(B79:G79) -> 19
A80: PH LÍQUIDOS CORPORALES | B80: 24 | C80: 8 | D80: 0 | E80: 0 | F80: 0 | G80: 0 | H80: =SUM(B80:G80) -> 32
A81: BACILOSCOPIA DE LÍQUIDOS CORPORALES | B81: 29 | C81: 8 | D81: 0 | E81: 0 | F81: 0 | G81: 0 | H81: =SUM(B81:G81) -> 37
A82: TOTAL EXAMENES URO -PARASITOLÓGICOS | B82: =SUM(B83:B94) -> 256 | C82: =SUM(C83:C94) -> 604 | D82: =SUM(D83:D94) -> 1011 | E82: =SUM(E83:E94) -> 26 | F82: =SUM(F83:F94) -> 3 | G82: =SUM(G83:G94) -> 35 | H82: =SUM(B82:G82) -> 1935
A83: HECES SERIADO | B83: 26 | C83: 0 | D83: 98 | E83: 2 | F83: 1 | G83: 0 | H83: =SUM(B83:G83) -> 127
A84: COPROPARASITOLOGICO FUNCIONAL | B84: 21 | C84: 0 | D84: 70 | E84: 4 | F84: 0 | G84: 0 | H84: =SUM(B84:G84) -> 95
A85: RX INFLAMATORIA | B85: 20 | C85: 37 | D85: 6 | E85: 0 | F85: 0 | G85: 0 | H85: =SUM(B85:G85) -> 63
A86: THEVENON HECES | B86: 39 | C86: 0 | D86: 186 | E86: 2 | F86: 1 | G86: 0 | H86: =SUM(B86:G86) -> 228
A87: SUDAN | B87: 0 | C87: 0 | D87: 0 | E87: 0 | F87: 0 | G87: 0 | H87: =SUM(B87:G87) -> 0
A88: BENEDICT | B88: 0 | C88: 0 | D88: 0 | E88: 0 | F88: 0 | G88: 0 | H88: =SUM(B88:G88) -> 0
A89: EXÁMEN COMPLETO DE ORINA | B89: 107 | C89: 543 | D89: 482 | E89: 16 | F89: 0 | G89: 0 | H89: =SUM(B89:G89) -> 1148
A90: TEST GRAHAM | B90: 0 | C90: 0 | D90: 2 | E90: 0 | F90: 0 | G90: 0 | H90: =SUM(B90:G90) -> 2
A91: METODO DE CONCENTRACIÓN (BAERMANN) | B91: 0 | C91: 0 | D91: 4 | E91: 0 | F91: 0 | G91: 0 | H91: =SUM(B91:G91) -> 4
A92: EXAMEN DIRECTO DE HECES | B92: 30 | C92: 24 | D92: 146 | E92: 2 | F92: 1 | G92: 35 | H92: =SUM(B92:G92) -> 238
A93: ANTIGENO H. PYLORI EN HECES | B93: 0 | C93: 0 | D93: 0 | E93: 0 | F93: 0 | G93: 0 | H93: =SUM(B93:G93) -> 0
A94: ADENOVIRUS & ROTAVIRUS | B94: 13 | C94: 0 | D94: 17 | E94: 0 | F94: 0 | G94: 0 | H94: =SUM(B94:G94) -> 30
A95: TOTAL EXAMENES INMUNO SEROLÓGICOS | B95: =SUM(B96:B155) -> 1445 | C95: =SUM(C96:C155) -> 1174 | D95: =SUM(D96:D155) -> 2013 | E95: =SUM(E96:E155) -> 40 | F95: =SUM(F96:F155) -> 75 | G95: =SUM(G96:G155) -> 32 | H95: =SUM(B95:G95) -> 4779
A96: RPR | B96: 140 | C96: 273 | D96: 275 | E96: 2 | F96: 5 | G96: 0 | H96: =SUM(B96:G96) -> 695
A97: VDRL | B97: 0 | C97: 0 | D97: 0 | E97: 0 | F97: 0 | G97: 0 | H97: =SUM(B97:G97) -> 0
A98: AGLUTINACIONES | B98: 1 | C98: 1 | D98: 1 | E98: 0 | F98: 0 | G98: 0 | H98: =SUM(B98:G98) -> 3
A99: ROSA DE BENGALA | B99: 0 | C99: 0 | D99: 0 | E99: 0 | F99: 0 | G99: 0 | H99: =SUM(B99:G99) -> 0
A100: ANTI MIELOPEROXIDASA (MPO) | B100: 16 | C100: 0 | D100: 9 | E100: 0 | F100: 0 | G100: 0 | H100: =SUM(B100:G100) -> 25
A101: ANTI PROTEINASA 3 (PR3) | B101: 16 | C101: 0 | D101: 9 | E101: 0 | F101: 0 | G101: 0 | H101: =SUM(B101:G101) -> 25
A102: ANTI CARDIOLIPINA | B102: 2 | C102: 0 | D102: 6 | E102: 0 | F102: 0 | G102: 0 | H102: =SUM(B102:G102) -> 8
A103: ANTI B2-GLICOPROTEINA | B103: 1 | C103: 0 | D103: 6 | E103: 0 | F103: 0 | G103: 0 | H103: =SUM(B103:G103) -> 7
A104: ANTI M2-3E (AMA) | B104: 0 | C104: 0 | D104: 4 | E104: 0 | F104: 0 | G104: 0 | H104: =SUM(B104:G104) -> 4
A105: ANA (ELISA) | B105: 0 | C105: 0 | D105: 0 | E105: 0 | F105: 0 | G105: 0 | H105: =SUM(B105:G105) -> 0
A106: HELICOBACTER PILORY IGM | B106: 0 | C106: 0 | D106: 0 | E106: 0 | F106: 2 | G106: 0 | H106: =SUM(B106:G106) -> 2
...

Sheet SET
A4: Establecimiento de Salud informante: | B4: HOSPITAL REGIONAL DE LORETO | K4: Mes: | L4: SETIEMBRE
A6: Código Renaes: | B6: 3 | K6: Año: | L6: 2025
A9: PATOLOGÍA CLÍNICA | B9: TOTAL | J9: ANATOMÍA PATOLÓGICA | K9: TOTAL
B10: Hospitaliz | C10: Emergenc | D10: C. Externa | E10: Privado | F10: Convenio | G10: Insolvencia | H10: TOTAL | K10: Hospitaliz | L10: Emergenc | M10: C. Externa | N10: Privado | O10: Convenio | P10: Insolvencia | Q10: TOTAL
A11: TOTAL DE EXAMENES LABORATORIO | B11: =B12+B51+B69+B82+B95 -> 14418 | C11: =C12+C51+C69+C82+C95 -> 20588 | D11: =D12+D51+D69+D82+D95 -> 16311 | E11: =E12+E51+E69+E82+E95 -> 666 | F11: =F12+F51+F69+F82+F95 -> 415 | G11: =G12+G51+G69+G82+G95 -> 40 | H11: =SUM(B11:G11) -> 52438 | J11: TOTAL EXAMENES ANATOMIA PATOLOGICA | K11: =SUM(K12:K23) -> 1159 | L11: =SUM(L12:L23) -> 0 | M11: =SUM(M12:M23) -> 1095 | N11: =SUM(N12:N23) -> 2 | O11: =SUM(O12:O23) -> 9 | P11: =SUM(P12:P23) -> 0 | Q11: =SUM(K11:P11) -> 2265
A12: TOTAL EXAMENES BIOQUÍMICOS | B12: =SUM(B13:B50) -> 9333 | C12: =SUM(C13:C50) -> 13076 | D12: =SUM(D13:D50) -> 9771 | E12: =SUM(E13:E50) -> 449 | F12: =SUM(F13:F50) -> 260 | G12: =SUM(G13:G50) -> 35 | H12: =SUM(B12:G12) -> 32924 | J12: TOTAL EXAMENES CITOLÓGICOS (PAP) | K12: 0 | L12: 0 | M12: 55 | N12: 1 | O12: 0 | P12: 0 | Q12: =SUM(K12:P12) -> 56
A13: ACIDO URICO | B13: 38 | C13: 8 | D13: 118 | E13: 2 | F13: 4 | G13: 1 | H13: =SUM(B13:G13) -> 171 | J13: TOTAL BAAF | K13: 0 | L13: 0 | M13: 6 | N13: 0 | O13: 0 | P13: 0 | Q13: =SUM(K13:P13) -> 6
A14: CALCIO | B14: 42 | C14: 2 | D14: 44 | E14: 1 | F14: 2 | G14: 0 | H14: =SUM(B14:G14) -> 91 | J14: TOTAL EXAMENES HISTOPATOLÓGICOS (Biopsia) | K14: 6 | L14: 0 | M14: 76 | N14: 1 | O14: 4 | P14: 0 | Q14: =SUM(K14:P14) -> 87
A15: AMILASA | B15: 40 | C15: 125 | D15: 16 | E15: 8 | F15: 0 | G15: 0 | H15: =SUM(B15:G15) -> 189 | J15: TOTAL PIEZA QUIRURGICA (HISTOLOGIA) | K15: 72 | L15: 0 | M15: 52 | N15: 0 | O15: 5 | P15: 0 | Q15: =SUM(K15:P15) -> 129
A16: GLUCOSA | B16: 720 | C16: 1632 | D16: 1126 | E16: 76 | F16: 30 | G16: 7 | H16: =SUM(B16:G16) -> 3591 | J16: TOTAL CITOLOGIA ESPECIAL | K16: 14 | L16: 0 | M16: 0 | N16: 0 | O16: 0 | P16: 0 | Q16: =SUM(K16:P16) -> 14
A17: GLUCOSA POST PRANDIAL | C17: 0 | D17: 15 | E17: 0 | F17: 0 | G17: 0 | H17: =SUM(B17:G17) -> 15 | J17: TOTAL DE TEJIDOS INCLUIDOS | K17: 351 | L17: 0 | M17: 300 | N17: 0 | O17: 0 | P17: 0 | Q17: =SUM(K17:P17) -> 651
A18: FOSFORO | B18: 19 | C18: 0 | D18: 16 | E18: 0 | F18: 1 | G18: 0 | H18: =SUM(B18:G18) -> 36 | J18: TOTAL DE CORTES DE TEJIDOS | K18: 355 | L18: 0 | M18: 300 | N18: 0 | O18: 0 | P18: 0 | Q18: =SUM(K18:P18) -> 655
A19: HEMOGLOBINA GLICOSILADA | B19: 67 | C19: 23 | D19: 271 | E19: 4 | F19: 8 | G19: 0 | H19: =SUM(B19:G19) -> 373 | J19: TOTAL DE LÁMINAS MONTADAS | K19: 355 | L19: 0 | M19: 300 | N19: 0 | O19: 0 | P19: 0 | Q19: =SUM(K19:P19) -> 655
A20: TOLERANCIA A LA GLUCOSA | B20: 3 | C20: 0 | D20: 56 | F20: 0 | G20: 1 | H20: =SUM(B20:G20) -> 60 | J20: TOTAL DE HISTOQUIMICA | K20: 2 | L20: 0 | M20: 2 | N20: 0 | O20: 0 | P20: 0 | Q20: =SUM(K20:P20) -> 4
A21: CREATININA | B21: 920 | C21: 1720 | D21: 1187 | E21: 53 | F21: 31 | G21: 5 | H21: =SUM(B21:G21) -> 3916 | J21: TOTAL DE INMUNOHISTOQUIMICA | K21: 4 | L21: 0 | M21: 4 | N21: 0 | O21: 0 | P21: 0 | Q21: =SUM(K21:P21) -> 8
A22: DEPURACION DE CREATININA | B22: 1 | C22: 3 | D22: 7 | E22: 0 | F22: 0 | G22: 0 | H22: =SUM(B22:G22) -> 11 | J22: TOTAL AUTOPSIA MÉDICO LEGAL | K22: 0 | L22: 0 | M22: 0 | N22: 0 | O22: 0 | P22: 0 | Q22: =SUM(K22:P22) -> 0
A23: MICROALBUMINURIA | B23: 0 | C23: 0 | D23: 6 | E23: 0 | F23: 0 | G23: 0 | H23: =SUM(B23:G23) -> 6 | J23: TOTAL AUTOPSIA CLÍNICA | K23: 0 | L23: 0 | M23: 0 | N23: 0 | O23: 0 | P23: 0 | Q23: =SUM(K23:P23) -> 0
A24: UREA | B24: 950 | C24: 1715 | D24: 1153 | E24: 83 | F24: 31 | G24: 5 | H24: =SUM(B24:G24) -> 3937
A25: PROTEINURIA 24 HORAS | B25: 33 | C25: 4 | D25: 42 | E25: 0 | F25: 3 | G25: 0 | H25: =SUM(B25:G25) -> 82
A26: BILIRRUBINA TOTAL | B26: 709 | C26: 678 | D26: 461 | E26: 14 | F26: 14 | G26: 0 | H26: =SUM(B26:G26) -> 1876 | J26: PROGRAMAS / METAXENICAS | K26: TOTAL
A27: BILIRRUBINA DIRECTA | B27: 710 | C27: 678 | D27: 462 | E27: 13 | F27: 14 | G27: 0 | H27: =SUM(B27:G27) -> 1877 | K27: Hospitaliz | L27: Emergenc | M27: Programa | N27: Privado | O27: Convenio | P27: Insolvencia | Q27: TOTAL
A28: PROTEINAS TOTAL | B28: 632 | C28: 697 | D28: 581 | E28: 20 | F28: 14 | G28: 0 | H28: =SUM(B28:G28) -> 1944 | J28: TOTAL DE EXAMENES | K28: =SUM(K29:K37) -> 132 | L28: =SUM(L29:L37) -> 272 | M28: =SUM(M29:M37) -> 207 | N28: =SUM(N29:N37) -> 0 | O28: =SUM(O29:O37) -> 0 | P28: =SUM(P29:P37) -> 0 | Q28: =SUM(K28:P28) -> 611
A29: ALBUMINA | B29: 640 | C29: 696 | D29: 571 | E29: 18 | F29: 14 | G29: 0 | H29: =SUM(B29:G29) -> 1939 | J29: TUBERCULOSIS | K29: 102 | L29: 10 | M29: 99 | N29: 0 | O29: 0 | P29: 0 | Q29: =SUM(K29:P29) -> 211
A30: TGO | B30: 617 | C30: 739 | D30: 711 | E30: 29 | F30: 16 | G30: 2 | H30: =SUM(B30:G30) -> 2114 | J30: LEISHMANIA | K30: 0 | L30: 0 | M30: 0 | N30: 0 | O30: 0 | P30: 0 | Q30: =SUM(K30:P30) -> 0
A31: TGP | B31: 617 | C31: 740 | D31: 711 | E31: 31 | F31: 16 | G31: 2 | H31: =SUM(B31:G31) -> 2117 | J31: PROGRAMA LEPRAE | K31: 2 | L31: 0 | M31: 1 | N31: 0 | O31: 0 | P31: 0 | Q31: =SUM(K31:P31) -> 3
A32: GGTP | B32: 128 | C32: 0 | D32: 2 | E32: 0 | F32: 1 | G32: 0 | H32: =SUM(B32:G32) -> 131 | J32: MALARIA | K32: 15 | L32: 252 | M32: 18 | N32: 0 | O32: 0 | P32: 0 | Q32: =SUM(K32:P32) -> 285
A33: LACTATO DESHIDROGENASA (DHL) | B33: 255 | C33: 184 | D33: 65 | E33: 0 | F33: 1 | G33: 0 | H33: =SUM(B33:G33) -> 505 | J33: METAXENICAS (REFERENCIAL) | K33: 0 | L33: 0 | M33: 76 | N33: 0 | O33: 0 | P33: 0 | Q33: =SUM(K33:P33) -> 76
A34: PROTEINA C REACTIVA (CUANTITATIVO) | B34: 786 | C34: 1230 | D34: 136 | E34: 30 | F34: 5 | G34: 2 | H34: =SUM(B34:G34) -> 2189 | J34: CULTIVO DE TB (REFERENCIAL) | K34: 0 | L34: 0 | M34: 13 | N34: 0 | O34: 0 | P34: 0 | Q34: =SUM(K34:P34) -> 13
A35: FOSFATASA ALCALINA | B35: 486 | C35: 491 | D35: 390 | E35: 18 | F35: 12 | G35: 0 | H35: =SUM(B35:G35) -> 1397 | J35: PRUEBA RAPIDA DE DENGUE | K35: 0 | L35: 0 | M35: 0 | N35: 0 | O35: 0 | P35: 0 | Q35: =SUM(K35:P35) -> 0
A36: CPK TOTAL | B36: 0 | C36: 0 | D36: 0 | E36: 0 | F36: 0 | G36: 0 | H36: =SUM(B36:G36) -> 0 | J36: PRUEBA RAPIDA DE LEPTOSPIRA | K36: 13 | L36: 10 | M36: 0 | N36: 0 | O36: 0 | P36: 0 | Q36: =SUM(K36:P36) -> 23
A37: CPK MB | B37: 25 | C37: 28 | D37: 4 | E37: 0 | F37: 0 | G37: 0 | H37: =SUM(B37:G37) -> 57 | J37: PRUEBA RAPIDA DE COVID | K37: 0 | L37: 0 | M37: 0 | N37: 0 | O37: 0 | P37: 0 | Q37: =SUM(K37:P37) -> 0
A38: COLESTEROL | B38: 86 | C38: 74 | D38: 415 | E38: 10 | F38: 9 | G38: 2 | H38: =SUM(B38:G38) -> 596
A39: TRIGLICERIDOS | B39: 86 | C39: 76 | D39: 421 | E39: 11 | F39: 9 | G39: 3 | H39: =SUM(B39:G39) -> 606 | J39: BANCO DE SANGRE | K39: TOTAL
A40: HDLc | B40: 72 | C40: 13 | D40: 268 | E40: 2 | F40: 8 | G40: 2 | H40: =SUM(B40:G40) -> 365 | K40: Hospitaliz | L40: Emergenc | M40: C. Externa | N40: Privado | O40: Convenio | P40: Insolvencia | Q40: TOTAL
A41: LDLc | B41: 70 | C41: 12 | D41: 268 | E41: 2 | F41: 8 | G41: 2 | H41: =SUM(B41:G41) -> 362 | J41: TOTAL DE UNIDADES ENTREGADAS | K41: =SUM(K42:K49) -> 1022 | L41: =SUM(L42:L49) -> 227 | M41: =SUM(M42:M49) -> 0 | N41: =SUM(N42:N49) -> 0 | O41: =SUM(O42:O49) -> 0 | P41: =SUM(P42:P49) -> 0 | Q41: =SUM(K41:P41) -> 1249
A42: ASO | B42: 5 | C42: 0 | D42: 5 | E42: 0 | F42: 0 | G42: 0 | H42: =SUM(B42:G42) -> 10 | J42: SANGRE TOTAL | K42: 0 | L42: 0 | M42: 0 | N42: 0 | O42: 0 | P42: 0 | Q42: =SUM(K42:P42) -> 0
A43: FACTOR REUMATOIDEO | B43: 20 | C43: 2 | D43: 51 | E43: 3 | F43: 1 | G43: 0 | H43: =SUM(B43:G43) -> 77 | J43: GLOBULOS ROJOS | K43: 265 | L43: 75 | M43: 0 | N43: 0 | O43: 0 | P43: 0 | Q43: =SUM(K43:P43) -> 340
A44: HIERRO | B44: 8 | C44: 3 | D44: 8 | E44: 0 | F44: 0 | G44: 0 | H44: =SUM(B44:G44) -> 19 | J44: PLASMA FRESCO CONGELADO | K44: 34 | L44: 10 | M44: 0 | N44: 0 | O44: 0 | P44: 0 | Q44: =SUM(K44:P44) -> 44
A45: LIPASA | B45: 0 | C45: 112 | D45: 0 | E45: 2 | F45: 0 | G45: 0 | H45: =SUM(B45:G45) -> 114 | J45: CRIOPRECIPITADO | K45: 35 | L45: 0 | M45: 0 | N45: 0 | O45: 0 | P45: 0 | Q45: =SUM(K45:P45) -> 35
A46: TRANSFERRINA | B46: 11 | C46: 0 | D46: 1 | E46: 0 | F46: 1 | G46: 0 | H46: =SUM(B46:G46) -> 13 | J46: PLAQUETAS | K46: 36 | L46: 3 | M46: 0 | N46: 0 | O46: 0 | P46: 0 | Q46: =SUM(K46:P46) -> 39
A47: COMPLEMENTO C3 | B47: 14 | C47: 15 | D47: 20 | E47: 1 | F47: 0 | G47: 0 | H47: =SUM(B47:G47) -> 50 | J47: GRUPO SANGUINEO ABO EN GEL | K47: 276 | L47: 34 | M47: 0 | N47: 0 | O47: 0 | P47: 0 | Q47: =SUM(K47:P47) -> 310
A48: COMPLEMENTO C4 | B48: 14 | C48: 15 | D48: 20 | E48: 1 | F48: 0 | G48: 0 | H48: =SUM(B48:G48) -> 50 | J48: PRUEBA CRUZADA MAYOR | K48: 334 | L48: 91 | M48: 0 | N48: 0 | O48: 0 | P48: 0 | Q48: =SUM(K48:P48) -> 425
A49: GASES ARTERIALES | B49: 0 | C49: 637 | D49: 2 | E49: 3 | F49: 0 | G49: 0 | H49: =SUM(B49:G49) -> 642 | J49: PRUEBA CRUZADA MENOR | K49: 42 | L49: 14 | M49: 0 | N49: 0 | O49: 0 | P49: 0 | Q49: =SUM(K49:P49) -> 56
A50: ELECTROLITOS | B50: 509 | C50: 724 | D50: 141 | E50: 14 | F50: 7 | G50: 1 | H50: =SUM(B50:G50) -> 1396
A51: TOTAL EXAMENES HEMATOLÓGICOS -HEMOSTASICOS | B51: =SUM(B52:B68) -> 2861 | C51: =SUM(C52:C68) -> 5644 | D51: =SUM(D52:D68) -> 3109 | E51: =SUM(E52:E68) -> 144 | F51: =SUM(F52:F68) -> 97 | G51: =SUM(G52:G68) -> 5 | H51: =SUM(B51:G51) -> 11860
A52: HEMATOCRITO | B52: 390 | C52: 139 | D52: 27 | E52: 6 | F52: 0 | G52: 0 | H52: =SUM(B52:G52) -> 562 | J52: TOTAL DE ATENCIONES EN EL DEPARTAMENTO DE PATOLOGIA CLÍNICA Y ANATOMIA PATOLOGICA
A53: HEMOGLOBINA | B53: 2 | C53: 0 | D53: 9 | E53: 0 | F53: 0 | G53: 0 | H53: =SUM(B53:G53) -> 11 | J53: PROGRAMAS DE SALUD OPORTUNOS PARA LA POBLACION | Q53: TOTAL
A54: HEMOGRAMA AUTOMATIZADO | B54: 799 | C54: 2285 | D54: 1330 | E54: 71 | F54: 36 | G54: 2 | H54: =SUM(B54:G54) -> 4523 | J54: PROGRAMACION, SEGUIMIENTO Y EVALUACION DE ACTIVIDADES | Q54: 4
A55: PLAQUETAS | B55: 3 | C55: 5 | D55: 1 | E55: 0 | F55: 0 | G55: 0 | H55: =SUM(B55:G55) -> 9 | J55: EXAMEN DE PROCEDIMIENTO BIOQUÍMICO | Q55: =(H12) -> 32924
A56: T COAGULACIÓN & T SANGRÍA | B56: 211 | C56: 815 | D56: 416 | E56: 15 | F56: 11 | G56: 1 | H56: =SUM(B56:G56) -> 1469 | J56: EXAMEN DE PROCEDIMIENTO HEMATOLÓGICO - HEMOSTASICOS | Q56: =(H51) -> 11860
A57: VELOCIDAD DE SEDIMENTACIÓN GLOBULAR | B57: 48 | C57: 3 | D57: 31 | E57: 2 | F57: 2 | G57: 0 | H57: =SUM(B57:G57) -> 86 | J57: EXAMEN DE PROCEDIMIENTOS MICROBIOLÓGICOS | Q57: =(H69) -> 923
A58: TEST COOMBS DIRECTO | B58: 6 | C58: 10 | D58: 9 | E58: 0 | F58: 2 | G58: 0 | H58: =SUM(B58:G58) -> 27 | J58: EXAMEN DE PROCEDIMIENTOS UROPARASITOLÓGICOS | Q58: =H82 -> 1892
A59: TEST DE COOMBS INDIRECTO | B59: 0 | C59: 0 | D59: 0 | E59: 0 | F59: 0 | G59: 0 | H59: =SUM(B59:G59) -> 0 | J59: EXAMEN DE PROCEDIMIENTOS INMUNOLÓGICOS | Q59: =H95 -> 4839
A60: GRUPO SANGUINEO Y FACTOR RH | B60: 333 | C60: 875 | D60: 425 | E60: 16 | F60: 11 | G60: 2 | H60: =SUM(B60:G60) -> 1662 | J60: EXAMEN DE PROCEDIMIENTO ANATOMO PATOLÓGICO | Q60: =Q11 -> 2265
A61: LAMINA PERIFERICA | B61: 29 | C61: 20 | D61: 23 | E61: 4 | F61: 2 | G61: 0 | H61: =SUM(B61:G61) -> 78 | J61: EXAMEN DE PROGRAMAS | Q61: =Q28 -> 611
A62: CONSTANTES CORPUSCULARES | B62: 0 | C62: 0 | D62: 0 | E62: 0 | F62: 0 | G62: 0 | H62: =SUM(B62:G62) -> 0 | J62: UNIDADES DE BANCO DE SANGRE | Q62: =Q41 -> 1249
A63: RETICULOCITOS | B63: 15 | C63: 8 | D63: 3 | E63: 4 | F63: 1 | G63: 0 | H63: =SUM(B63:G63) -> 31 | P63: TOTAL | Q63: =SUM(Q54:Q62) -> 56567
A64: TIEMPO DE TROMBOPLASTINA | B64: 98 | C64: 169 | D64: 26 | E64: 2 | F64: 1 | G64: 0 | H64: =SUM(B64:G64) -> 296
A65: TIEMPO DE PROTROMBINA | B65: 397 | C65: 566 | D65: 400 | E65: 12 | F65: 15 | G65: 0 | H65: =SUM(B65:G65) -> 1390
A66: INR | B66: 397 | C66: 566 | D66: 400 | E66: 12 | F66: 15 | G66: 0 | H66: =SUM(B66:G66) -> 1390
A67: FIBRINOGENO | B67: 129 | C67: 174 | D67: 7 | E67: 0 | F67: 1 | G67: 0 | H67: =SUM(B67:G67) -> 311
A68: DIMERO D | B68: 4 | C68: 9 | D68: 2 | E68: 0 | F68: 0 | G68: 0 | H68: =SUM(B68:G68) -> 15
A69: TOTAL EXAMENES MICROBIOLOGIA | B69: =SUM(B70:B81) -> 598 | C69: =SUM(C70:C81) -> 126 | D69: =SUM(D70:D81) -> 182 | E69: =SUM(E70:E81) -> 17 | F69: =SUM(F70:F81) -> 0 | G69: =SUM(G70:G81) -> 0 | H69: =SUM(B69:G69) -> 923
A70: UROCULTIVO | B70: 97 | C70: 18 | D70: 153 | E70: 9 | F70: 0 | G70: 0 | H70: =SUM(B70:G70) -> 277
A71: HEMOCULTIVO | B71: 139 | C71: 42 | D71: 4 | E71: 1 | F71: 0 | G71: 0 | H71: =SUM(B71:G71) -> 186
A72: CULTIVO DE CATETER | B72: 6 | C72: 0 | D72: 0 | E72: 0 | F72: 0 | G72: 0 | H72: =SUM(B72:G72) -> 6
A73: CULTIVO DE SECRECION | B73: 87 | C73: 16 | D73: 14 | E73: 2 | F73: 0 | G73: 0 | H73: =SUM(B73:G73) -> 119
A74: CITOQUIMICO | B74: 39 | C74: 9 | D74: 1 | E74: 0 | F74: 0 | G74: 0 | H74: =SUM(B74:G74) -> 49
A75: COPROCULTIVO | B75: 9 | C75: 2 | D75: 1 | E75: 0 | F75: 0 | G75: 0 | H75: =SUM(B75:G75) -> 12
A76: COLORACIÓN GRAM (Secrec.Vaginal y Otros) | B76: 66 | C76: 12 | D76: 2 | E76: 0 | F76: 0 | G76: 0 | H76: =SUM(B76:G76) -> 80
A77: KOH -HONGOS | B77: 22 | C77: 0 | D77: 2 | E77: 5 | F77: 0 | G77: 0 | H77: =SUM(B77:G77) -> 29
A78: CULTIVO DE HONGOS | B78: 37 | C78: 4 | D78: 2 | E78: 0 | F78: 0 | G78: 0 | H78: =SUM(B78:G78) -> 43
A79: TINTA CHINA | B79: 15 | C79: 4 | D79: 0 | E79: 0 | F79: 0 | G79: 0 | H79: =SUM(B79:G79) -> 19
A80: PH LÍQUIDOS CORPORALES | B80: 39 | C80: 9 | D80: 1 | E80: 0 | F80: 0 | G80: 0 | H80: =SUM(B80:G80) -> 49
A81: BACILOSCOPIA DE LÍQUIDOS CORPORALES | B81: 42 | C81: 10 | D81: 2 | E81: 0 | F81: 0 | G81: 0 | H81: =SUM(B81:G81) -> 54
A82: TOTAL EXAMENES URO -PARASITOLÓGICOS | B82: =SUM(B83:B92) -> 561 | C82: =SUM(C83:C92) -> 667 | D82: =SUM(D83:D92) -> 633 | E82: =SUM(E83:E92) -> 25 | F82: =SUM(F83:F92) -> 6 | G82: =SUM(G83:G92) -> 0 | H82: =SUM(B82:G82) -> 1892
A83: HECES SERIADO | B83: 9 | C83: 0 | D83: 109 | E83: 1 | F83: 2 | G83: 0 | H83: =SUM(B83:G83) -> 121
A84: COPROPARASITOLOGICO FUNCIONAL | B84: 11 | C84: 0 | D84: 124 | E84: 4 | F84: 1 | G84: 0 | H84: =SUM(B84:G84) -> 140
A85: RX INFLAMATORIA | B85: 7 | C85: 25 | D85: 1 | E85: 1 | F85: 0 | G85: 0 | H85: =SUM(B85:G85) -> 34
A86: THEVENON HECES | B86: 13 | C86: 2 | D86: 134 | E86: 0 | F86: 2 | G86: 0 | H86: =SUM(B86:G86) -> 151
A87: SUDAN | B87: 1 | C87: 0 | D87: 1 | E87: 0 | F87: 0 | G87: 0 | H87: =SUM(B87:G87) -> 2
A88: BENEDICT | C88: 0 | D88: 0 | E88: 0 | F88: 0 | G88: 0 | H88: =SUM(B88:G88) -> 0
A89: EXÁMEN COMPLETO DE ORINA | B89: 503 | C89: 622 | D89: 157 | E89: 17 | F89: 0 | G89: 0 | H89: =SUM(B89:G89) -> 1299
A90: TEST GRAHAM | B90: 0 | C90: 0 | D90: 1 | E90: 0 | F90: 0 | G90: 0 | H90: =SUM(B90:G90) -> 1
A91: METODO DE CONCENTRACIÓN (BAERMANN) | B91: 1 | C91: 0 | D91: 2 | E91: 0 | F91: 0 | G91: 0 | H91: =SUM(B91:G91) -> 3
A92: EXAMEN DIRECTO DE HECES | B92: 16 | C92: 18 | D92: 104 | E92: 2 | F92: 1 | G92: 0 | H92: =SUM(B92:G92) -> 141
A93: ANTIGENO H. PYLORI EN HECES | B93: 0 | C93: 0 | D93: 0 | E93: 0 | F93: 0 | G93: 0 | H93: =SUM(B93:G93) -> 0
A94: ADENOVIRUS & ROTAVIRUS | B94: 4 | C94: 0 | D94: 5 | E94: 0 | F94: 0 | G94: 0 | H94: =SUM(B94:G94) -> 9
A95: TOTAL EXAMENES INMUNO SEROLÓGICOS | B95: =SUM(B96:B153) -> 1065 | C95: =SUM(C96:C153) -> 1075 | D95: =SUM(D96:D153) -> 2616 | E95: =SUM(E96:E153) -> 31 | F95: =SUM(F96:F153) -> 52 | G95: =SUM(G96:G153) -> 0 | H95: =SUM(B95:G95) -> 4839
A96: RPR | B96: 104 | C96: 252 | D96: 354 | E96: 4 | F96: 8 | G96: 0 | H96: =SUM(B96:G96) -> 722
A97: VDRL | B97: 0 | C97: 0 | D97: 0 | E97: 0 | F97: 0 | G97: 0 | H97: =SUM(B97:G97) -> 0
A98: AGLUTINACIONES | B98: 0 | C98: 0 | D98: 0 | E98: 0 | F98: 0 | G98: 0 | H98: =SUM(B98:G98) -> 0
A99: ROSA DE BENGALA | B99: 0 | C99: 0 | D99: 0 | E99: 0 | F99: 0 | G99: 0 | H99: =SUM(B99:G99) -> 0
A100: ANTI MIELOPEROXIDASA (MPO) | B100: 5 | C100: 0 | D100: 0 | E100: 0 | F100: 0 | G100: 0 | H100: =SUM(B100:G100) -> 5
A101: ANTI PROTEINASA 3 (PR3) | B101: 5 | C101: 0 | D101: 0 | E101: 0 | F101: 0 | G101: 0 | H101: =SUM(B101:G101) -> 5
A102: ANTI CARDIOLIPINA | B102: 4 | C102: 0 | D102: 5 | E102: 0 | F102: 0 | G102: 0 | H102: =SUM(B102:G102) -> 9
A103: ANTI B2-GLICOPROTEINA | B103: 4 | C103: 0 | D103: 0 | E103: 0 | F103: 0 | G103: 0 | H103: =SUM(B103:G103) -> 4
A104: ANTI M2-3E (AMA) | B104: 3 | C104: 2 | D104: 3 | E104: 0 | F104: 0 | G104: 0 | H104: =SUM(B104:G104) -> 8
A105: ANA (ELISA) | B105: 0 | C105: 0 | D105: 0 | E105: 0 | F105: 0 | G105: 0 | H105: =SUM(B105:G105) -> 0
A106: HELICOBACTER PILORY IGM | B106: 0 | C106: 0 | D106: 0 | E106: 0 | F106: 0 | G106: 0 | H106: =SUM(B106:G106) -> 0
...

Sheet OCT
A4: Establecimiento de Salud informante: | B4: HOSPITAL REGIONAL DE LORETO | K4: Mes: | L4: OCTUBRE
A6: Código Renaes: | B6: 3 | K6: Año: | L6: 2025
A9: PATOLOGÍA CLÍNICA | B9: TOTAL | J9: ANATOMÍA PATOLÓGICA | K9: TOTAL
B10: Hospitaliz | C10: Emergenc | D10: C. Externa | E10: Privado | F10: Convenio | G10: Insolvencia | H10: TOTAL | K10: Hospitaliz | L10: Emergenc | M10: C. Externa | N10: Privado | O10: Convenio | P10: Insolvencia | Q10: TOTAL
A11: TOTAL DE EXAMENES LABORATORIO | B11: =B12+B51+B69+B82+B95 -> 12516 | C11: =C12+C51+C69+C82+C95 -> 19075 | D11: =D12+D51+D69+D82+D95 -> 17648 | E11: =E12+E51+E69+E82+E95 -> 779 | F11: =F12+F51+F69+F82+F95 -> 504 | G11: =G12+G51+G69+G82+G95 -> 71 | H11: =SUM(B11:G11) -> 50593 | J11: TOTAL EXAMENES ANATOMIA PATOLOGICA | K11: =SUM(K12:K23) -> 1600 | L11: =SUM(L12:L23) -> 0 | M11: =SUM(M12:M23) -> 2061 | N11: =SUM(N12:N23) -> 4 | O11: =SUM(O12:O23) -> 1 | P11: =SUM(P12:P23) -> 0 | Q11: =SUM(K11:P11) -> 3666
A12: TOTAL EXAMENES BIOQUÍMICOS | B12: =SUM(B13:B50) -> 7738 | C12: =SUM(C13:C50) -> 11970 | D12: =SUM(D13:D50) -> 10010 | E12: =SUM(E13:E50) -> 521 | F12: =SUM(F13:F50) -> 326 | G12: =SUM(G13:G50) -> 61 | H12: =SUM(B12:G12) -> 30626 | J12: TOTAL EXAMENES CITOLÓGICOS (PAP) | K12: 0 | L12: 0 | M12: 39 | N12: 2 | O12: 0 | P12: 0 | Q12: =SUM(K12:P12) -> 41
A13: ACIDO URICO | B13: 27 | C13: 5 | D13: 77 | E13: 3 | F13: 8 | G13: 2 | H13: =SUM(B13:G13) -> 122 | J13: TOTAL BAAF | K13: 0 | L13: 0 | M13: 8 | N13: 0 | O13: 0 | P13: 0 | Q13: =SUM(K13:P13) -> 8
A14: CALCIO | B14: 31 | C14: 5 | D14: 38 | E14: 1 | F14: 2 | G14: 0 | H14: =SUM(B14:G14) -> 77 | J14: TOTAL EXAMENES HISTOPATOLÓGICOS (Biopsia) | K14: 8 | L14: 0 | M14: 96 | N14: 2 | O14: 1 | P14: 0 | Q14: =SUM(K14:P14) -> 107
A15: AMILASA | B15: 25 | C15: 102 | D15: 20 | E15: 2 | F15: 2 | G15: 0 | H15: =SUM(B15:G15) -> 151 | J15: TOTAL PIEZA QUIRURGICA (HISTOLOGIA) | K15: 80 | L15: 0 | M15: 66 | N15: 0 | O15: 0 | P15: 0 | Q15: =SUM(K15:P15) -> 146
A16: GLUCOSA | B16: 803 | C16: 1618 | D16: 1124 | E16: 89 | F16: 36 | G16: 6 | H16: =SUM(B16:G16) -> 3676 | J16: TOTAL CITOLOGIA ESPECIAL | K16: 8 | L16: 0 | M16: 0 | N16: 0 | O16: 0 | P16: 0 | Q16: =SUM(K16:P16) -> 8
A17: GLUCOSA POST PRANDIAL | B17: 0 | C17: 0 | D17: 12 | E17: 0 | F17: 2 | G17: 0 | H17: =SUM(B17:G17) -> 14 | J17: TOTAL DE TEJIDOS INCLUIDOS | K17: 500 | L17: 0 | M17: 616 | N17: 0 | O17: 0 | P17: 0 | Q17: =SUM(K17:P17) -> 1116
A18: FOSFORO | B18: 0 | C18: 0 | D18: 2 | E18: 0 | F18: 1 | G18: 0 | H18: =SUM(B18:G18) -> 3 | J18: TOTAL DE CORTES DE TEJIDOS | K18: 500 | L18: 0 | M18: 618 | N18: 0 | O18: 0 | P18: 0 | Q18: =SUM(K18:P18) -> 1118
A19: HEMOGLOBINA GLICOSILADA | B19: 63 | C19: 23 | D19: 258 | E19: 9 | F19: 8 | G19: 1 | H19: =SUM(B19:G19) -> 362 | J19: TOTAL DE LÁMINAS MONTADAS | K19: 500 | L19: 0 | M19: 618 | N19: 0 | O19: 0 | P19: 0 | Q19: =SUM(K19:P19) -> 1118
A20: TOLERANCIA A LA GLUCOSA | B20: 5 | C20: 0 | D20: 35 | E20: 0 | F20: 0 | G20: 1 | H20: =SUM(B20:G20) -> 41 | J20: TOTAL DE HISTOQUIMICA | K20: 4 | L20: 0 | M20: 0 | N20: 0 | O20: 0 | P20: 0 | Q20: =SUM(K20:P20) -> 4
A21: CREATININA | B21: 942 | C21: 1687 | D21: 1188 | E21: 84 | F21: 40 | G21: 6 | H21: =SUM(B21:G21) -> 3947 | J21: TOTAL DE INMUNOHISTOQUIMICA | K21: 0 | L21: 0 | M21: 0 | N21: 0 | O21: 0 | P21: 0 | Q21: =SUM(K21:P21) -> 0
A22: DEPURACION DE CREATININA | B22: 0 | C22: 0 | D22: 2 | E22: 0 | F22: 0 | G22: 0 | H22: =SUM(B22:G22) -> 2 | J22: TOTAL AUTOPSIA MÉDICO LEGAL | K22: 0 | L22: 0 | M22: 0 | N22: 0 | O22: 0 | P22: 0 | Q22: =SUM(K22:P22) -> 0
A23: MICROALBUMINURIA | B23: 0 | C23: 0 | D23: 8 | E23: 0 | F23: 0 | G23: 0 | H23: =SUM(B23:G23) -> 8 | J23: TOTAL AUTOPSIA CLÍNICA | K23: 0 | L23: 0 | M23: 0 | N23: 0 | O23: 0 | P23: 0 | Q23: =SUM(K23:P23) -> 0
A24: UREA | B24: 933 | C24: 1687 | D24: 1142 | E24: 76 | F24: 40 | G24: 6 | H24: =SUM(B24:G24) -> 3884
A25: PROTEINURIA 24 HORAS | B25: 37 | C25: 4 | D25: 61 | E25: 1 | F25: 4 | G25: 0 | H25: =SUM(B25:G25) -> 107
A26: BILIRRUBINA TOTAL | B26: 12 | C26: 642 | D26: 541 | E26: 15 | F26: 15 | G26: 1 | H26: =SUM(B26:G26) -> 1226 | J26: PROGRAMAS / METAXENICAS | K26: TOTAL
A27: BILIRRUBINA DIRECTA | B27: 11 | C27: 642 | D27: 541 | E27: 14 | F27: 15 | G27: 1 | H27: =SUM(B27:G27) -> 1224 | K27: Hospitaliz | L27: Emergenc | M27: Programa | N27: Privado | O27: Convenio | P27: Insolvencia | Q27: TOTAL
A28: PROTEINAS TOTAL | B28: 658 | C28: 681 | D28: 607 | E28: 17 | F28: 17 | G28: 1 | H28: =SUM(B28:G28) -> 1981 | J28: TOTAL DE EXAMENES | K28: =SUM(K29:K37) -> 62 | L28: =SUM(L29:L37) -> 298 | M28: =SUM(M29:M37) -> 214 | N28: =SUM(N29:N37) -> 0 | O28: =SUM(O29:O37) -> 0 | P28: =SUM(P29:P37) -> 0 | Q28: =SUM(K28:P28) -> 574
A29: ALBUMINA | B29: 675 | C29: 681 | D29: 609 | E29: 4 | F29: 17 | G29: 2 | H29: =SUM(B29:G29) -> 1988 | J29: TUBERCULOSIS | K29: 19 | L29: 2 | M29: 103 | N29: 0 | O29: 0 | P29: 0 | Q29: =SUM(K29:P29) -> 124
A30: TGO | B30: 677 | C30: 700 | D30: 746 | E30: 35 | F30: 23 | G30: 4 | H30: =SUM(B30:G30) -> 2185 | J30: LEISHMANIA | K30: 0 | L30: 0 | M30: 0 | N30: 0 | O30: 0 | P30: 0 | Q30: =SUM(K30:P30) -> 0
A31: TGP | B31: 676 | C31: 700 | D31: 747 | E31: 36 | F31: 23 | G31: 4 | H31: =SUM(B31:G31) -> 2186 | J31: PROGRAMA LEPRAE | K31: 0 | L31: 0 | M31: 12 | N31: 0 | O31: 0 | P31: 0 | Q31: =SUM(K31:P31) -> 12
A32: GGTP | B32: 0 | C32: 0 | D32: 4 | E32: 0 | F32: 0 | G32: 0 | H32: =SUM(B32:G32) -> 4 | J32: MALARIA | K32: 35 | L32: 292 | M32: 11 | N32: 0 | O32: 0 | P32: 0 | Q32: =SUM(K32:P32) -> 338
A33: LACTATO DESHIDROGENASA (DHL) | B33: 243 | C33: 172 | D33: 77 | E33: 4 | F33: 1 | G33: 0 | H33: =SUM(B33:G33) -> 497 | J33: METAXENICAS (REFERENCIAL) | K33: 0 | L33: 0 | M33: 66 | N33: 0 | O33: 0 | P33: 0 | Q33: =SUM(K33:P33) -> 66
A34: PROTEINA C REACTIVA (CUANTITATIVO) | B34: 361 | C34: 527 | D34: 115 | E34: 13 | F34: 2 | G34: 1 | H34: =SUM(B34:G34) -> 1019 | J34: CULTIVO DE TB (REFERENCIAL) | K34: 0 | L34: 0 | M34: 21 | N34: 0 | O34: 0 | P34: 0 | Q34: =SUM(K34:P34) -> 21
A35: FOSFATASA ALCALINA | B35: 504 | C35: 475 | D35: 463 | E35: 11 | F35: 14 | G35: 1 | H35: =SUM(B35:G35) -> 1468 | J35: PRUEBA RAPIDA DE DENGUE | K35: 0 | L35: 0 | M35: 0 | N35: 0 | O35: 0 | P35: 0 | Q35: =SUM(K35:P35) -> 0
A36: CPK TOTAL | B36: 0 | C36: 0 | D36: 0 | E36: 0 | F36: 0 | G36: 0 | H36: =SUM(B36:G36) -> 0 | J36: PRUEBA RAPIDA DE LEPTOSPIRA | K36: 8 | L36: 4 | M36: 1 | N36: 0 | O36: 0 | P36: 0 | Q36: =SUM(K36:P36) -> 13
A37: CPK MB | B37: 12 | C37: 29 | D37: 1 | E37: 0 | F37: 0 | G37: 0 | H37: =SUM(B37:G37) -> 42 | J37: PRUEBA RAPIDA DE COVID | K37: 0 | L37: 0 | M37: 0 | N37: 0 | O37: 0 | P37: 0 | Q37: =SUM(K37:P37) -> 0
A38: COLESTEROL | B38: 93 | C38: 70 | D38: 403 | E38: 27 | F38: 14 | G38: 6 | H38: =SUM(B38:G38) -> 613
A39: TRIGLICERIDOS | B39: 94 | C39: 70 | D39: 403 | E39: 29 | F39: 14 | G39: 7 | H39: =SUM(B39:G39) -> 617 | J39: BANCO DE SANGRE | K39: TOTAL
A40: HDLc | B40: 69 | C40: 7 | D40: 275 | E40: 12 | F40: 10 | G40: 5 | H40: =SUM(B40:G40) -> 378 | K40: Hospitaliz | L40: Emergenc | M40: C. Externa | N40: Privado | O40: Convenio | P40: Insolvencia | Q40: TOTAL
A41: LDLc | B41: 72 | C41: 7 | D41: 275 | E41: 13 | F41: 10 | G41: 5 | H41: =SUM(B41:G41) -> 382 | J41: TOTAL DE UNIDADES ENTREGADAS | K41: =SUM(K42:K49) -> 820 | L41: =SUM(L42:L49) -> 250 | M41: =SUM(M42:M49) -> 17 | N41: =SUM(N42:N49) -> 11 | O41: =SUM(O42:O49) -> 0 | P41: =SUM(P42:P49) -> 0 | Q41: =SUM(K41:P41) -> 1098
A42: ASO | B42: 12 | C42: 1 | D42: 6 | E42: 0 | F42: 0 | G42: 0 | H42: =SUM(B42:G42) -> 19 | J42: SANGRE TOTAL | K42: 0 | L42: 0 | M42: 0 | N42: 0 | O42: 0 | P42: 0 | Q42: =SUM(K42:P42) -> 0
A43: FACTOR REUMATOIDEO | B43: 28 | C43: 2 | D43: 24 | E43: 2 | F43: 0 | G43: 0 | H43: =SUM(B43:G43) -> 56 | J43: GLOBULOS ROJOS | K43: 232 | L43: 65 | M43: 3 | N43: 2 | O43: 0 | P43: 0 | Q43: =SUM(K43:P43) -> 302
A44: HIERRO | B44: 19 | C44: 0 | D44: 6 | E44: 1 | F44: 0 | G44: 0 | H44: =SUM(B44:G44) -> 26 | J44: PLASMA FRESCO CONGELADO | K44: 8 | L44: 9 | M44: 0 | N44: 0 | O44: 0 | P44: 0 | Q44: =SUM(K44:P44) -> 17
A45: LIPASA | B45: 29 | C45: 105 | D45: 22 | E45: 3 | F45: 3 | G45: 0 | H45: =SUM(B45:G45) -> 162 | J45: CRIOPRECIPITADO | K45: 16 | L45: 11 | M45: 0 | N45: 0 | O45: 0 | P45: 0 | Q45: =SUM(K45:P45) -> 27
A46: TRANSFERRINA | B46: 12 | C46: 0 | D46: 2 | E46: 0 | F46: 0 | G46: 0 | H46: =SUM(B46:G46) -> 14 | J46: PLAQUETAS | K46: 35 | L46: 6 | M46: 0 | N46: 0 | O46: 0 | P46: 0 | Q46: =SUM(K46:P46) -> 41
A47: COMPLEMENTO C3 | B47: 32 | C47: 0 | D47: 21 | E47: 0 | F47: 0 | G47: 0 | H47: =SUM(B47:G47) -> 53 | J47: GRUPO SANGUINEO ABO EN GEL | K47: 207 | L47: 57 | M47: 3 | N47: 2 | O47: 0 | P47: 0 | Q47: =SUM(K47:P47) -> 269
A48: COMPLEMENTO C4 | B48: 32 | C48: 0 | D48: 21 | E48: 0 | F48: 0 | G48: 0 | H48: =SUM(B48:G48) -> 53 | J48: PRUEBA CRUZADA MAYOR | K48: 310 | L48: 87 | M48: 11 | N48: 7 | O48: 0 | P48: 0 | Q48: =SUM(K48:P48) -> 415
A49: GASES ARTERIALES | B49: 0 | C49: 597 | D49: 1 | E49: 2 | F49: 0 | G49: 0 | H49: =SUM(B49:G49) -> 600 | J49: PRUEBA CRUZADA MENOR | K49: 12 | L49: 15 | M49: 0 | N49: 0 | O49: 0 | P49: 0 | Q49: =SUM(K49:P49) -> 27
A50: ELECTROLITOS | B50: 551 | C50: 731 | D50: 133 | E50: 18 | F50: 5 | G50: 1 | H50: =SUM(B50:G50) -> 1439
A51: TOTAL EXAMENES HEMATOLÓGICOS -HEMOSTASICOS | B51: =SUM(B52:B68) -> 2638 | C51: =SUM(C52:C68) -> 5365 | D51: =SUM(D52:D68) -> 3590 | E51: =SUM(E52:E68) -> 162 | F51: =SUM(F52:F68) -> 119 | G51: =SUM(G52:G68) -> 8 | H51: =SUM(B51:G51) -> 11882
A52: HEMATOCRITO | B52: 377 | C52: 181 | D52: 29 | E52: 4 | F52: 0 | G52: 0 | H52: =SUM(B52:G52) -> 591 | J52: TOTAL DE ATENCIONES EN EL DEPARTAMENTO DE PATOLOGIA CLÍNICA Y ANATOMIA PATOLOGICA
A53: HEMOGLOBINA | B53: 8 | C53: 0 | D53: 20 | E53: 1 | F53: 0 | G53: 0 | H53: =SUM(B53:G53) -> 29 | J53: PROGRAMAS DE SALUD OPORTUNOS PARA LA POBLACION | Q53: TOTAL
A54: HEMOGRAMA AUTOMATIZADO | B54: 787 | C54: 2286 | D54: 1415 | E54: 74 | F54: 50 | G54: 3 | H54: =SUM(B54:G54) -> 4615 | J54: PROGRAMACION, SEGUIMIENTO Y EVALUACION DE ACTIVIDADES | Q54: 3
A55: PLAQUETAS | B55: 5 | C55: 4 | D55: 6 | E55: 0 | F55: 0 | G55: 0 | H55: =SUM(B55:G55) -> 15 | J55: EXAMEN DE PROCEDIMIENTO BIOQUÍMICO | Q55: =(H12) -> 30626
A56: T COAGULACIÓN & T SANGRÍA | B56: 126 | C56: 765 | D56: 514 | E56: 16 | F56: 15 | G56: 0 | H56: =SUM(B56:G56) -> 1436 | J56: EXAMEN DE PROCEDIMIENTO HEMATOLÓGICO - HEMOSTASICOS | Q56: =(H51) -> 11882
A57: VELOCIDAD DE SEDIMENTACIÓN GLOBULAR | B57: 47 | C57: 8 | D57: 23 | E57: 2 | F57: 0 | G57: 0 | H57: =SUM(B57:G57) -> 80 | J57: EXAMEN DE PROCEDIMIENTOS MICROBIOLÓGICOS | Q57: =(H69) -> 969
A58: TEST COOMBS DIRECTO | B58: 7 | C58: 13 | D58: 14 | E58: 0 | F58: 0 | G58: 0 | H58: =SUM(B58:G58) -> 34 | J58: EXAMEN DE PROCEDIMIENTOS UROPARASITOLÓGICOS | Q58: =H82 -> 1917
A59: TEST DE COOMBS INDIRECTO | B59: 0 | C59: 0 | D59: 0 | E59: 0 | F59: 0 | G59: 0 | H59: =SUM(B59:G59) -> 0 | J59: EXAMEN DE PROCEDIMIENTOS INMUNOLÓGICOS | Q59: =H95 -> 5199
A60: GRUPO SANGUINEO Y FACTOR RH | B60: 315 | C60: 773 | D60: 500 | E60: 22 | F60: 14 | G60: 1 | H60: =SUM(B60:G60) -> 1625 | J60: EXAMEN DE PROCEDIMIENTO ANATOMO PATOLÓGICO | Q60: =Q11 -> 3666
A61: LAMINA PERIFERICA | B61: 28 | C61: 15 | D61: 23 | E61: 1 | F61: 0 | G61: 0 | H61: =SUM(B61:G61) -> 67 | J61: EXAMEN DE PROGRAMAS | Q61: =Q28 -> 574
A62: CONSTANTES CORPUSCULARES | B62: 0 | C62: 0 | D62: 0 | E62: 0 | F62: 0 | G62: 0 | H62: =SUM(B62:G62) -> 0 | J62: UNIDADES DE BANCO DE SANGRE | Q62: =Q41 -> 1098
A63: RETICULOCITOS | B63: 0 | C63: 0 | D63: 0 | E63: 0 | F63: 0 | G63: 0 | H63: =SUM(B63:G63) -> 0 | P63: TOTAL | Q63: =SUM(Q54:Q62) -> 55934
A64: TIEMPO DE TROMBOPLASTINA | B64: 123 | C64: 148 | D64: 60 | E64: 2 | F64: 2 | G64: 0 | H64: =SUM(B64:G64) -> 335
A65: TIEMPO DE PROTROMBINA | B65: 342 | C65: 499 | D65: 478 | E65: 20 | F65: 18 | G65: 2 | H65: =SUM(B65:G65) -> 1359
A66: INR | B66: 342 | C66: 499 | D66: 478 | E66: 20 | F66: 18 | G66: 2 | H66: =SUM(B66:G66) -> 1359
A67: FIBRINOGENO | B67: 131 | C67: 172 | D67: 30 | E67: 0 | F67: 2 | G67: 0 | H67: =SUM(B67:G67) -> 335
A68: DIMERO D | B68: 0 | C68: 2 | D68: 0 | E68: 0 | F68: 0 | G68: 0 | H68: =SUM(B68:G68) -> 2
A69: TOTAL EXAMENES MICROBIOLOGIA | B69: =SUM(B70:B81) -> 636 | C69: =SUM(C70:C81) -> 103 | D69: =SUM(D70:D81) -> 217 | E69: =SUM(E70:E81) -> 13 | F69: =SUM(F70:F81) -> 0 | G69: =SUM(G70:G81) -> 0 | H69: =SUM(B69:G69) -> 969
A70: UROCULTIVO | B70: 95 | C70: 22 | D70: 160 | E70: 8 | F70: 0 | G70: 0 | H70: =SUM(B70:G70) -> 285
A71: HEMOCULTIVO | B71: 191 | C71: 61 | D71: 8 | E71: 3 | F71: 0 | G71: 0 | H71: =SUM(B71:G71) -> 263
A72: CULTIVO DE CATETER | B72: 11 | C72: 0 | D72: 0 | E72: 0 | F72: 0 | G72: 0 | H72: =SUM(B72:G72) -> 11
A73: CULTIVO DE SECRECION | B73: 98 | C73: 7 | D73: 20 | E73: 0 | F73: 0 | G73: 0 | H73: =SUM(B73:G73) -> 125
A74: CITOQUIMICO | B74: 30 | C74: 3 | D74: 1 | E74: 0 | F74: 0 | G74: 0 | H74: =SUM(B74:G74) -> 34
A75: COPROCULTIVO | B75: 5 | C75: 0 | D75: 5 | E75: 0 | F75: 0 | G75: 0 | H75: =SUM(B75:G75) -> 10
A76: COLORACIÓN GRAM (Secrec.Vaginal y Otros) | B76: 59 | C76: 3 | D76: 5 | E76: 0 | F76: 0 | G76: 0 | H76: =SUM(B76:G76) -> 67
A77: KOH -HONGOS | B77: 29 | C77: 0 | D77: 8 | E77: 2 | F77: 0 | G77: 0 | H77: =SUM(B77:G77) -> 39
A78: CULTIVO DE HONGOS | B78: 37 | C78: 0 | D78: 6 | E78: 0 | F78: 0 | G78: 0 | H78: =SUM(B78:G78) -> 43
A79: TINTA CHINA | B79: 14 | C79: 1 | D79: 0 | E79: 0 | F79: 0 | G79: 0 | H79: =SUM(B79:G79) -> 15
A80: PH LÍQUIDOS CORPORALES | B80: 30 | C80: 3 | D80: 1 | E80: 0 | F80: 0 | G80: 0 | H80: =SUM(B80:G80) -> 34
A81: BACILOSCOPIA DE LÍQUIDOS CORPORALES | B81: 37 | C81: 3 | D81: 3 | E81: 0 | F81: 0 | G81: 0 | H81: =SUM(B81:G81) -> 43
A82: TOTAL EXAMENES URO -PARASITOLÓGICOS | B82: =SUM(B83:B92) -> 253 | C82: =SUM(C83:C92) -> 695 | D82: =SUM(D83:D92) -> 948 | E82: =SUM(E83:E92) -> 21 | F82: =SUM(F83:F92) -> 0 | G82: =SUM(G83:G92) -> 0 | H82: =SUM(B82:G82) -> 1917
A83: HECES SERIADO | B83: 25 | C83: 0 | D83: 155 | E83: 5 | F83: 0 | G83: 0 | H83: =SUM(B83:G83) -> 185
A84: COPROPARASITOLOGICO FUNCIONAL | B84: 12 | C84: 0 | D84: 61 | E84: 2 | F84: 0 | G84: 0 | H84: =SUM(B84:G84) -> 75
A85: RX INFLAMATORIA | B85: 1 | C85: 21 | D85: 1 | E85: 0 | F85: 0 | G85: 0 | H85: =SUM(B85:G85) -> 23
A86: THEVENON HECES | B86: 28 | C86: 0 | D86: 165 | E86: 1 | F86: 0 | G86: 0 | H86: =SUM(B86:G86) -> 194
A87: SUDAN | B87: 0 | C87: 0 | D87: 0 | E87: 0 | F87: 0 | G87: 0 | H87: =SUM(B87:G87) -> 0
A88: BENEDICT | B88: 0 | C88: 0 | D88: 0 | E88: 0 | F88: 0 | G88: 0 | H88: =SUM(B88:G88) -> 0
A89: EXÁMEN COMPLETO DE ORINA | B89: 182 | C89: 659 | D89: 520 | E89: 10 | F89: 0 | G89: 0 | H89: =SUM(B89:G89) -> 1371
A90: TEST GRAHAM | B90: 0 | C90: 0 | D90: 0 | E90: 0 | F90: 0 | G90: 0 | H90: =SUM(B90:G90) -> 0
A91: METODO DE CONCENTRACIÓN (BAERMANN) | B91: 0 | C91: 0 | D91: 1 | E91: 1 | F91: 0 | G91: 0 | H91: =SUM(B91:G91) -> 2
A92: EXAMEN DIRECTO DE HECES | B92: 5 | C92: 15 | D92: 45 | E92: 2 | F92: 0 | G92: 0 | H92: =SUM(B92:G92) -> 67
A93: ANTIGENO H. PYLORI EN HECES | B93: 0 | C93: 0 | D93: 0 | E93: 0 | F93: 0 | G93: 0 | H93: =SUM(B93:G93) -> 0
A94: ADENOVIRUS & ROTAVIRUS | B94: 1 | C94: 0 | D94: 0 | E94: 0 | F94: 0 | G94: 0 | H94: =SUM(B94:G94) -> 1
A95: TOTAL EXAMENES INMUNO SEROLÓGICOS | B95: =SUM(B96:B153) -> 1251 | C95: =SUM(C96:C153) -> 942 | D95: =SUM(D96:D153) -> 2883 | E95: =SUM(E96:E153) -> 62 | F95: =SUM(F96:F153) -> 59 | G95: =SUM(G96:G153) -> 2 | H95: =SUM(B95:G95) -> 5199
A96: RPR | B96: 92 | C96: 202 | D96: 375 | E96: 8 | F96: 8 | G96: 0 | H96: =SUM(B96:G96) -> 685
A97: VDRL | B97: 0 | C97: 0 | D97: 0 | E97: 0 | F97: 0 | G97: 0 | H97: =SUM(B97:G97) -> 0
A98: AGLUTINACIONES | B98: 0 | C98: 0 | D98: 0 | E98: 0 | F98: 0 | G98: 0 | H98: =SUM(B98:G98) -> 0
A99: ROSA DE BENGALA | B99: 0 | C99: 0 | D99: 0 | E99: 0 | F99: 0 | G99: 0 | H99: =SUM(B99:G99) -> 0
A100: ANTI MIELOPEROXIDASA (MPO) | B100: 0 | C100: 0 | D100: 0 | E100: 0 | F100: 0 | G100: 0 | H100: =SUM(B100:G100) -> 0
A101: ANTI PROTEINASA 3 (PR3) | B101: 0 | C101: 0 | D101: 0 | E101: 0 | F101: 0 | G101: 0 | H101: =SUM(B101:G101) -> 0
A102: ANTI CARDIOLIPINA | B102: 1 | C102: 0 | D102: 0 | E102: 0 | F102: 0 | G102: 0 | H102: =SUM(B102:G102) -> 1
A103: ANTI B2-GLICOPROTEINA | B103: 0 | C103: 0 | D103: 0 | E103: 0 | F103: 0 | G103: 0 | H103: =SUM(B103:G103) -> 0
A104: ANTI M2-3E (AMA) | B104: 0 | C104: 0 | D104: 0 | E104: 0 | F104: 0 | G104: 0 | H104: =SUM(B104:G104) -> 0
A105: ANA (ELISA) | B105: 0 | C105: 0 | D105: 0 | E105: 0 | F105: 0 | G105: 0 | H105: =SUM(B105:G105) -> 0
A106: HELICOBACTER PILORY IGM | B106: 0 | C106: 0 | D106: 0 | E106: 0 | F106: 0 | G106: 0 | H106: =SUM(B106:G106) -> 0
...

Sheet NOV
A4: Establecimiento de Salud informante: | B4: HOSPITAL REGIONAL DE LORETO | K4: Mes: | L4: NOVIEMBRE
A6: Código Renipress: | B6: 3 | K6: Año: | L6: 2025
A9: PATOLOGÍA CLÍNICA | B9: TOTAL | J9: ANATOMÍA PATOLÓGICA | K9: TOTAL
B10: Hospitaliz | C10: Emergenc | D10: C. Externa | E10: Privado | F10: Convenio | G10: Insolvencia | H10: TOTAL | K10: Hospitaliz | L10: Emergenc | M10: C. Externa | N10: Privado | O10: Convenio | P10: Insolvencia | Q10: TOTAL
A11: TOTAL DE EXAMENES LABORATORIO | B11: =B12+B51+B69+B82+B95 -> 13532 | C11: =C12+C51+C69+C82+C95 -> 16643 | D11: =D12+D51+D69+D82+D95 -> 14214 | E11: =E12+E51+E69+E82+E95 -> 771 | F11: =F12+F51+F69+F82+F95 -> 84 | G11: =G12+G51+G69+G82+G95 -> 13 | H11: =SUM(B11:G11) -> 45257 | J11: TOTAL EXAMENES ANATOMIA PATOLOGICA | K11: =SUM(K12:K23) -> 364 | L11: =SUM(L12:L23) -> 0 | M11: =SUM(M12:M23) -> 1864 | N11: =SUM(N12:N23) -> 8 | O11: =SUM(O12:O23) -> 5 | P11: =SUM(P12:P23) -> 40 | Q11: =SUM(K11:P11) -> 2281
A12: TOTAL EXAMENES BIOQUÍMICOS | B12: =SUM(B13:B50) -> 9168 | C12: =SUM(C13:C50) -> 9743 | D12: =SUM(D13:D50) -> 8293 | E12: =SUM(E13:E50) -> 515 | F12: =SUM(F13:F50) -> 21 | G12: =SUM(G13:G50) -> 1 | H12: =SUM(B12:G12) -> 27741 | J12: TOTAL EXAMENES CITOLÓGICOS (PAP) | K12: 0 | L12: 0 | M12: 28 | N12: 7 | O12: 0 | P12: 40 | Q12: =SUM(K12:P12) -> 75
A13: ACIDO URICO | B13: 42 | C13: 0 | D13: 64 | E13: 3 | F13: 0 | G13: 0 | H13: =SUM(B13:G13) -> 109 | J13: TOTAL BAAF | K13: 0 | L13: 0 | M13: 6 | N13: 0 | O13: 0 | P13: 0 | Q13: =SUM(K13:P13) -> 6
A14: CALCIO | B14: 54 | C14: 1 | D14: 38 | E14: 4 | F14: 1 | G14: 0 | H14: =SUM(B14:G14) -> 98 | J14: TOTAL EXAMENES HISTOPATOLÓGICOS (Biopsia) | K14: 4 | L14: 0 | M14: 105 | N14: 0 | O14: 5 | P14: 0 | Q14: =SUM(K14:P14) -> 114
A15: AMILASA | B15: 20 | C15: 0 | D15: 8 | E15: 0 | F15: 0 | G15: 0 | H15: =SUM(B15:G15) -> 28 | J15: TOTAL PIEZA QUIRURGICA (HISTOLOGIA) | K15: 60 | L15: 0 | M15: 54 | N15: 1 | O15: 0 | P15: 0 | Q15: =SUM(K15:P15) -> 115
A16: GLUCOSA | B16: 746 | C16: 1534 | D16: 914 | E16: 84 | F16: 6 | G16: 0 | H16: =SUM(B16:G16) -> 3284 | J16: TOTAL CITOLOGIA ESPECIAL | K16: 0 | L16: 0 | M16: 8 | N16: 0 | O16: 0 | P16: 0 | Q16: =SUM(K16:P16) -> 8
A17: GLUCOSA POST PRANDIAL | B17: 0 | C17: 0 | D17: 10 | E17: 0 | F17: 0 | G17: 0 | H17: =SUM(B17:G17) -> 10 | J17: TOTAL DE TEJIDOS INCLUIDOS | K17: 100 | L17: 0 | M17: 549 | N17: 0 | O17: 0 | P17: 0 | Q17: =SUM(K17:P17) -> 649
A18: FOSFORO | B18: 36 | C18: 1 | D18: 17 | E18: 1 | F18: 0 | G18: 0 | H18: =SUM(B18:G18) -> 55 | J18: TOTAL DE CORTES DE TEJIDOS | K18: 100 | L18: 0 | M18: 552 | N18: 0 | O18: 0 | P18: 0 | Q18: =SUM(K18:P18) -> 652
A19: HEMOGLOBINA GLICOSILADA | B19: 85 | C19: 21 | D19: 202 | E19: 8 | F19: 0 | G19: 0 | H19: =SUM(B19:G19) -> 316 | J19: TOTAL DE LÁMINAS MONTADAS | K19: 100 | L19: 0 | M19: 552 | N19: 0 | O19: 0 | P19: 0 | Q19: =SUM(K19:P19) -> 652
A20: TOLERANCIA A LA GLUCOSA | B20: 4 | C20: 0 | D20: 36 | E20: 1 | F20: 0 | G20: 0 | H20: =SUM(B20:G20) -> 41 | J20: TOTAL DE HISTOQUIMICA | K20: 0 | L20: 0 | M20: 10 | N20: 0 | O20: 0 | P20: 0 | Q20: =SUM(K20:P20) -> 10
A21: CREATININA | B21: 909 | C21: 0 | D21: 962 | E21: 52 | F21: 4 | G21: 0 | H21: =SUM(B21:G21) -> 1927 | J21: TOTAL DE INMUNOHISTOQUIMICA | K21: 0 | L21: 0 | M21: 0 | N21: 0 | O21: 0 | P21: 0 | Q21: =SUM(K21:P21) -> 0
A22: DEPURACION DE CREATININA | B22: 4 | C22: 0 | D22: 5 | E22: 0 | F22: 0 | G22: 0 | H22: =SUM(B22:G22) -> 9 | J22: TOTAL AUTOPSIA MÉDICO LEGAL | K22: 0 | L22: 0 | M22: 0 | N22: 0 | O22: 0 | P22: 0 | Q22: =SUM(K22:P22) -> 0
A23: MICROALBUMINURIA | B23: 1 | C23: 0 | D23: 15 | E23: 0 | F23: 0 | G23: 0 | H23: =SUM(B23:G23) -> 16 | J23: TOTAL AUTOPSIA CLÍNICA | K23: 0 | L23: 0 | M23: 0 | N23: 0 | O23: 0 | P23: 0 | Q23: =SUM(K23:P23) -> 0
A24: UREA | B24: 909 | C24: 1619 | D24: 947 | E24: 85 | F24: 4 | G24: 1 | H24: =SUM(B24:G24) -> 3565
A25: PROTEINURIA 24 HORAS | B25: 37 | C25: 1 | D25: 39 | E25: 0 | F25: 0 | G25: 0 | H25: =SUM(B25:G25) -> 77
A26: BILIRRUBINA TOTAL | B26: 675 | C26: 601 | D26: 486 | E26: 24 | F26: 0 | G26: 0 | H26: =SUM(B26:G26) -> 1786 | J26: PROGRAMAS / METAXENICAS | K26: TOTAL
A27: BILIRRUBINA DIRECTA | B27: 677 | C27: 601 | D27: 486 | E27: 24 | F27: 0 | G27: 0 | H27: =SUM(B27:G27) -> 1788 | K27: Hospitaliz | L27: Emergenc | M27: Programa | N27: Privado | O27: Convenio | P27: Insolvencia | Q27: TOTAL
A28: PROTEINAS TOTAL | B28: 573 | C28: 601 | D28: 526 | E28: 28 | F28: 0 | G28: 0 | H28: =SUM(B28:G28) -> 1728 | J28: TOTAL DE EXAMENES | K28: =SUM(K29:K37) -> 61 | L28: =SUM(L29:L37) -> 272 | M28: =SUM(M29:M37) -> 146 | N28: =SUM(N29:N37) -> 0 | O28: =SUM(O29:O37) -> 0 | P28: =SUM(P29:P37) -> 0 | Q28: =SUM(K28:P28) -> 479
A29: ALBUMINA | B29: 584 | C29: 599 | D29: 525 | E29: 9 | F29: 1 | G29: 0 | H29: =SUM(B29:G29) -> 1718 | J29: TUBERCULOSIS | K29: 38 | L29: 4 | M29: 106 | N29: 0 | O29: 0 | P29: 0 | Q29: =SUM(K29:P29) -> 148
A30: TGO | B30: 568 | C30: 605 | D30: 610 | E30: 35 | F30: 0 | G30: 0 | H30: =SUM(B30:G30) -> 1818 | J30: LEISHMANIA | K30: 0 | L30: 0 | M30: 2 | N30: 0 | O30: 0 | P30: 0 | Q30: =SUM(K30:P30) -> 2
A31: TGP | B31: 568 | C31: 605 | D31: 611 | E31: 35 | F31: 0 | G31: 0 | H31: =SUM(B31:G31) -> 1819 | J31: PROGRAMA LEPRAE | K31: 0 | L31: 0 | M31: 12 | N31: 0 | O31: 0 | P31: 0 | Q31: =SUM(K31:P31) -> 12
A32: GGTP | B32: 102 | C32: 0 | D32: 1 | E32: 0 | F32: 0 | G32: 0 | H32: =SUM(B32:G32) -> 103 | J32: MALARIA | K32: 23 | L32: 230 | M32: 12 | N32: 0 | O32: 0 | P32: 0 | Q32: =SUM(K32:P32) -> 265
A33: LACTATO DESHIDROGENASA (DHL) | B33: 214 | C33: 156 | D33: 66 | E33: 6 | F33: 0 | G33: 0 | H33: =SUM(B33:G33) -> 442 | J33: METAXENICAS (REFERENCIAL) | K33: 0 | L33: 25 | M33: 0 | N33: 0 | O33: 0 | P33: 0 | Q33: =SUM(K33:P33) -> 25
A34: PROTEINA C REACTIVA (CUANTITATIVO) | B34: 712 | C34: 1064 | D34: 122 | E34: 32 | F34: 2 | G34: 0 | H34: =SUM(B34:G34) -> 1932 | J34: CULTIVO DE TB (REFERENCIAL) | K34: 0 | L34: 0 | M34: 14 | N34: 0 | O34: 0 | P34: 0 | Q34: =SUM(K34:P34) -> 14
A35: FOSFATASA ALCALINA | B35: 480 | C35: 477 | D35: 425 | E35: 25 | F35: 0 | G35: 0 | H35: =SUM(B35:G35) -> 1407 | J35: PRUEBA RAPIDA DE DENGUE | K35: 0 | L35: 5 | M35: 0 | N35: 0 | O35: 0 | P35: 0 | Q35: =SUM(K35:P35) -> 5
A36: CPK TOTAL | B36: 0 | C36: 0 | D36: 0 | E36: 0 | F36: 0 | G36: 0 | H36: =SUM(B36:G36) -> 0 | J36: PRUEBA RAPIDA DE LEPTOSPIRA | K36: 0 | L36: 8 | M36: 0 | N36: 0 | O36: 0 | P36: 0 | Q36: =SUM(K36:P36) -> 8
A37: CPK MB | B37: 21 | C37: 27 | D37: 1 | E37: 0 | F37: 0 | G37: 0 | H37: =SUM(B37:G37) -> 49 | J37: PRUEBA RAPIDA DE COVID | K37: 0 | L37: 0 | M37: 0 | N37: 0 | O37: 0 | P37: 0 | Q37: =SUM(K37:P37) -> 0
A38: COLESTEROL | B38: 113 | C38: 41 | D38: 323 | E38: 11 | F38: 1 | G38: 0 | H38: =SUM(B38:G38) -> 489
A39: TRIGLICERIDOS | B39: 113 | C39: 40 | D39: 321 | E39: 10 | F39: 1 | G39: 0 | H39: =SUM(B39:G39) -> 485 | J39: BANCO DE SANGRE | K39: TOTAL
A40: HDLc | B40: 50 | C40: 0 | D40: 100 | E40: 6 | F40: 0 | G40: 0 | H40: =SUM(B40:G40) -> 156 | K40: Hospitaliz | L40: Emergenc | M40: C. Externa | N40: Privado | O40: Convenio | P40: Insolvencia | Q40: TOTAL
A41: LDLc | B41: 95 | C41: 4 | D41: 246 | E41: 7 | F41: 0 | G41: 0 | H41: =SUM(B41:G41) -> 352 | J41: TOTAL DE UNIDADES ENTREGADAS | K41: =SUM(K42:K49) -> 826 | L41: =SUM(L42:L49) -> 207 | M41: =SUM(M42:M49) -> 0 | N41: =SUM(N42:N49) -> 10 | O41: =SUM(O42:O49) -> 0 | P41: =SUM(P42:P49) -> 0 | Q41: =SUM(K41:P41) -> 1043
A42: ASO | B42: 3 | C42: 0 | D42: 4 | E42: 0 | F42: 0 | G42: 0 | H42: =SUM(B42:G42) -> 7 | J42: SANGRE TOTAL | K42: 0 | L42: 0 | M42: 0 | N42: 0 | O42: 0 | P42: 0 | Q42: =SUM(K42:P42) -> 0
A43: FACTOR REUMATOIDEO | B43: 15 | C43: 1 | D43: 33 | E43: 2 | F43: 0 | G43: 0 | H43: =SUM(B43:G43) -> 51 | J43: GLOBULOS ROJOS | K43: 205 | L43: 64 | M43: 0 | N43: 4 | O43: 0 | P43: 0 | Q43: =SUM(K43:P43) -> 273
A44: HIERRO | B44: 23 | C44: 1 | D44: 8 | E44: 2 | F44: 0 | G44: 0 | H44: =SUM(B44:G44) -> 34 | J44: PLASMA FRESCO CONGELADO | K44: 45 | L44: 3 | M44: 0 | N44: 0 | O44: 0 | P44: 0 | Q44: =SUM(K44:P44) -> 48
A45: LIPASA | B45: 20 | C45: 91 | D45: 9 | E45: 0 | F45: 0 | G45: 0 | H45: =SUM(B45:G45) -> 120 | J45: CRIOPRECIPITADO | K45: 4 | L45: 0 | M45: 0 | N45: 0 | O45: 0 | P45: 0 | Q45: =SUM(K45:P45) -> 4
A46: TRANSFERRINA | B46: 22 | C46: 0 | D46: 3 | E46: 0 | F46: 0 | G46: 0 | H46: =SUM(B46:G46) -> 25 | J46: PLAQUETAS | K46: 48 | L46: 5 | M46: 0 | N46: 0 | O46: 0 | P46: 0 | Q46: =SUM(K46:P46) -> 53
A47: COMPLEMENTO C3 | B47: 40 | C47: 0 | D47: 17 | E47: 0 | F47: 0 | G47: 0 | H47: =SUM(B47:G47) -> 57 | J47: GRUPO SANGUINEO ABO EN GEL | K47: 187 | L47: 61 | M47: 0 | N47: 0 | O47: 0 | P47: 0 | Q47: =SUM(K47:P47) -> 248
A48: COMPLEMENTO C4 | B48: 40 | C48: 0 | D48: 17 | E48: 0 | F48: 0 | G48: 0 | H48: =SUM(B48:G48) -> 57 | J48: PRUEBA CRUZADA MAYOR | K48: 281 | L48: 67 | M48: 0 | N48: 2 | O48: 0 | P48: 0 | Q48: =SUM(K48:P48) -> 350
A49: GASES ARTERIALES | B49: 0 | C49: 525 | D49: 2 | E49: 6 | F49: 0 | G49: 0 | H49: =SUM(B49:G49) -> 533 | J49: PRUEBA CRUZADA MENOR | K49: 56 | L49: 7 | M49: 0 | N49: 4 | O49: 0 | P49: 0 | Q49: =SUM(K49:P49) -> 67
A50: ELECTROLITOS | B50: 613 | C50: 527 | D50: 94 | E50: 15 | F50: 1 | G50: 0 | H50: =SUM(B50:G50) -> 1250
A51: TOTAL EXAMENES HEMATOLÓGICOS -HEMOSTASICOS | B51: =SUM(B52:B68) -> 2353 | C51: =SUM(C52:C68) -> 5330 | D51: =SUM(D52:D68) -> 2408 | E51: =SUM(E52:E68) -> 112 | F51: =SUM(F52:F68) -> 48 | G51: =SUM(G52:G68) -> 12 | H51: =SUM(B51:G51) -> 10263
A52: HEMATOCRITO | B52: 338 | C52: 123 | D52: 23 | E52: 2 | F52: 1 | G52: 0 | H52: =SUM(B52:G52) -> 487 | J52: TOTAL DE ATENCIONES EN EL DEPARTAMENTO DE PATOLOGIA CLÍNICA Y ANATOMIA PATOLOGICA
A53: HEMOGLOBINA | B53: 2 | C53: 7 | D53: 1 | E53: 0 | F53: 0 | G53: 0 | H53: =SUM(B53:G53) -> 10 | J53: PROGRAMAS DE SALUD OPORTUNOS PARA LA POBLACION | Q53: TOTAL
A54: HEMOGRAMA AUTOMATIZADO | B54: 761 | C54: 2184 | D54: 1124 | E54: 28 | F54: 24 | G54: 5 | H54: =SUM(B54:G54) -> 4126 | J54: PROGRAMACION, SEGUIMIENTO Y EVALUACION DE ACTIVIDADES | Q54: 3
A55: PLAQUETAS | B55: 6 | C55: 4 | D55: 5 | E55: 0 | F55: 1 | G55: 0 | H55: =SUM(B55:G55) -> 16 | J55: EXAMEN DE PROCEDIMIENTO BIOQUÍMICO | Q55: =(H12) -> 27741
A56: T COAGULACIÓN & T SANGRÍA | B56: 124 | C56: 774 | D56: 362 | E56: 24 | F56: 5 | G56: 4 | H56: =SUM(B56:G56) -> 1293 | J56: EXAMEN DE PROCEDIMIENTO HEMATOLÓGICO - HEMOSTASICOS | Q56: =(H51) -> 10263
A57: VELOCIDAD DE SEDIMENTACIÓN GLOBULAR | B57: 57 | C57: 1 | D57: 25 | E57: 4 | F57: 0 | G57: 0 | H57: =SUM(B57:G57) -> 87 | J57: EXAMEN DE PROCEDIMIENTOS MICROBIOLÓGICOS | Q57: =(H69) -> 892
A58: TEST COOMBS DIRECTO | B58: 18 | C58: 12 | D58: 7 | E58: 1 | F58: 0 | G58: 0 | H58: =SUM(B58:G58) -> 38 | J58: EXAMEN DE PROCEDIMIENTOS UROPARASITOLÓGICOS | Q58: =H82 -> 1347
A59: TEST DE COOMBS INDIRECTO | B59: 0 | C59: 0 | D59: 0 | E59: 0 | F59: 0 | G59: 0 | H59: =SUM(B59:G59) -> 0 | J59: EXAMEN DE PROCEDIMIENTOS INMUNOLÓGICOS | Q59: =H95 -> 5014
A60: GRUPO SANGUINEO Y FACTOR RH | B60: 155 | C60: 804 | D60: 79 | E60: 18 | F60: 0 | G60: 1 | H60: =SUM(B60:G60) -> 1057 | J60: EXAMEN DE PROCEDIMIENTO ANATOMO PATOLÓGICO | Q60: =Q11 -> 2281
A61: LAMINA PERIFERICA | B61: 26 | C61: 16 | D61: 13 | E61: 1 | F61: 0 | G61: 0 | H61: =SUM(B61:G61) -> 56 | J61: EXAMEN DE PROGRAMAS | Q61: =Q28 -> 479
A62: CONSTANTES CORPUSCULARES | B62: 0 | C62: 0 | D62: 0 | E62: 0 | F62: 0 | G62: 0 | H62: =SUM(B62:G62) -> 0 | J62: UNIDADES DE BANCO DE SANGRE | Q62: =Q41 -> 1043
A63: RETICULOCITOS | B63: 0 | C63: 0 | D63: 0 | E63: 0 | F63: 0 | G63: 0 | H63: =SUM(B63:G63) -> 0 | P63: TOTAL | Q63: =SUM(Q54:Q62) -> 49063
A64: TIEMPO DE TROMBOPLASTINA | B64: 123 | C64: 172 | D64: 27 | E64: 5 | F64: 0 | G64: 0 | H64: =SUM(B64:G64) -> 327
A65: TIEMPO DE PROTROMBINA | B65: 317 | C65: 526 | D65: 361 | E65: 21 | F65: 8 | G65: 1 | H65: =SUM(B65:G65) -> 1234
A66: INR | B66: 317 | C66: 526 | D66: 361 | E66: 8 | F66: 8 | G66: 1 | H66: =SUM(B66:G66) -> 1221
A67: FIBRINOGENO | B67: 109 | C67: 181 | D67: 20 | E67: 0 | F67: 1 | G67: 0 | H67: =SUM(B67:G67) -> 311
A68: DIMERO D | B68: 0 | C68: 0 | D68: 0 | E68: 0 | F68: 0 | G68: 0 | H68: =SUM(B68:G68) -> 0
A69: TOTAL EXAMENES MICROBIOLOGIA | B69: =SUM(B70:B81) -> 704 | C69: =SUM(C70:C81) -> 42 | D69: =SUM(D70:D81) -> 140 | E69: =SUM(E70:E81) -> 6 | F69: =SUM(F70:F81) -> 0 | G69: =SUM(G70:G81) -> 0 | H69: =SUM(B69:G69) -> 892
A70: UROCULTIVO | B70: 118 | C70: 7 | D70: 120 | E70: 4 | F70: 0 | G70: 0 | H70: =SUM(B70:G70) -> 249
A71: HEMOCULTIVO | B71: 259 | C71: 22 | D71: 5 | E71: 0 | F71: 0 | G71: 0 | H71: =SUM(B71:G71) -> 286
A72: CULTIVO DE CATETER | B72: 2 | C72: 0 | D72: 0 | E72: 0 | F72: 0 | G72: 0 | H72: =SUM(B72:G72) -> 2
A73: CULTIVO DE SECRECION | B73: 82 | C73: 5 | D73: 5 | E73: 2 | F73: 0 | G73: 0 | H73: =SUM(B73:G73) -> 94
A74: CITOQUIMICO | B74: 33 | C74: 0 | D74: 0 | E74: 0 | F74: 0 | G74: 0 | H74: =SUM(B74:G74) -> 33
A75: COPROCULTIVO | B75: 5 | C75: 1 | D75: 4 | E75: 0 | F75: 0 | G75: 0 | H75: =SUM(B75:G75) -> 10
A76: COLORACIÓN GRAM (Secrec.Vaginal y Otros) | B76: 54 | C76: 4 | D76: 2 | E76: 0 | F76: 0 | G76: 0 | H76: =SUM(B76:G76) -> 60
A77: KOH -HONGOS | B77: 11 | C77: 2 | D77: 3 | E77: 0 | F77: 0 | G77: 0 | H77: =SUM(B77:G77) -> 16
A78: CULTIVO DE HONGOS | B78: 41 | C78: 1 | D78: 1 | E78: 0 | F78: 0 | G78: 0 | H78: =SUM(B78:G78) -> 43
A79: TINTA CHINA | B79: 33 | C79: 0 | D79: 0 | E79: 0 | F79: 0 | G79: 0 | H79: =SUM(B79:G79) -> 33
A80: PH LÍQUIDOS CORPORALES | B80: 33 | C80: 0 | D80: 0 | E80: 0 | F80: 0 | G80: 0 | H80: =SUM(B80:G80) -> 33
A81: BACILOSCOPIA DE LÍQUIDOS CORPORALES | B81: 33 | C81: 0 | D81: 0 | E81: 0 | F81: 0 | G81: 0 | H81: =SUM(B81:G81) -> 33
A82: TOTAL EXAMENES URO -PARASITOLÓGICOS | B82: =SUM(B83:B92) -> 132 | C82: =SUM(C83:C92) -> 597 | D82: =SUM(D83:D92) -> 541 | E82: =SUM(E83:E92) -> 77 | F82: =SUM(F83:F92) -> 0 | G82: =SUM(G83:G92) -> 0 | H82: =SUM(B82:G82) -> 1347
A83: HECES SERIADO | B83: 30 | C83: 0 | D83: 53 | E83: 5 | F83: 0 | G83: 0 | H83: =SUM(B83:G83) -> 88
A84: COPROPARASITOLOGICO FUNCIONAL | B84: 13 | C84: 4 | D84: 67 | E84: 5 | F84: 0 | G84: 0 | H84: =SUM(B84:G84) -> 89
A85: RX INFLAMATORIA | B85: 4 | C85: 25 | D85: 7 | E85: 0 | F85: 0 | G85: 0 | H85: =SUM(B85:G85) -> 36
A86: THEVENON HECES | B86: 27 | C86: 0 | D86: 104 | E86: 5 | F86: 0 | G86: 0 | H86: =SUM(B86:G86) -> 136
A87: SUDAN | B87: 0 | C87: 0 | D87: 0 | E87: 0 | F87: 0 | G87: 0 | H87: =SUM(B87:G87) -> 0
A88: BENEDICT | B88: 0 | C88: 0 | D88: 0 | E88: 0 | F88: 0 | G88: 0 | H88: =SUM(B88:G88) -> 0
A89: EXÁMEN COMPLETO DE ORINA | B89: 46 | C89: 568 | D89: 227 | E89: 62 | H89: =SUM(B89:G89) -> 903
A90: TEST GRAHAM | B90: 0 | C90: 0 | D90: 2 | E90: 0 | F90: 0 | G90: 0 | H90: =SUM(B90:G90) -> 2
A91: METODO DE CONCENTRACIÓN (BAERMANN) | B91: 4 | C91: 0 | D91: 1 | E91: 0 | F91: 0 | G91: 0 | H91: =SUM(B91:G91) -> 5
A92: EXAMEN DIRECTO DE HECES | B92: 8 | C92: 0 | D92: 80 | E92: 0 | F92: 0 | G92: 0 | H92: =SUM(B92:G92) -> 88
A93: ANTIGENO H. PYLORI EN HECES | B93: 0 | C93: 0 | D93: 0 | E93: 0 | F93: 0 | G93: 0 | H93: =SUM(B93:G93) -> 0
A94: ADENOVIRUS & ROTAVIRUS | B94: 7 | C94: 0 | D94: 5 | E94: 0 | F94: 0 | G94: 0 | H94: =SUM(B94:G94) -> 12
A95: TOTAL EXAMENES INMUNO SEROLÓGICOS | B95: =SUM(B96:B153) -> 1175 | C95: =SUM(C96:C153) -> 931 | D95: =SUM(D96:D153) -> 2832 | E95: =SUM(E96:E153) -> 61 | F95: =SUM(F96:F153) -> 15 | G95: =SUM(G96:G153) -> 0 | H95: =SUM(B95:G95) -> 5014
A96: RPR | B96: 92 | C96: 202 | D96: 375 | E96: 8 | F96: 1 | G96: 0 | H96: =SUM(B96:G96) -> 678
A97: VDRL | B97: 0 | C97: 0 | D97: 0 | E97: 0 | F97: 0 | G97: 0 | H97: =SUM(B97:G97) -> 0
A98: AGLUTINACIONES | B98: 0 | C98: 0 | D98: 0 | E98: 0 | F98: 0 | G98: 0 | H98: =SUM(B98:G98) -> 0
A99: ROSA DE BENGALA | B99: 0 | C99: 0 | D99: 0 | E99: 0 | F99: 0 | G99: 0 | H99: =SUM(B99:G99) -> 0
A100: ANTI MIELOPEROXIDASA (MPO) | B100: 0 | C100: 0 | D100: 0 | E100: 0 | F100: 0 | G100: 0 | H100: =SUM(B100:G100) -> 0
A101: ANTI PROTEINASA 3 (PR3) | B101: 0 | C101: 0 | D101: 0 | E101: 0 | F101: 0 | G101: 0 | H101: =SUM(B101:G101) -> 0
A102: ANTI CARDIOLIPINA | B102: 2 | C102: 0 | D102: 0 | E102: 0 | F102: 0 | G102: 0 | H102: =SUM(B102:G102) -> 2
A103: ANTI B2-GLICOPROTEINA | B103: 0 | C103: 0 | D103: 0 | E103: 0 | F103: 0 | G103: 0 | H103: =SUM(B103:G103) -> 0
A104: ANTI M2-3E (AMA) | B104: 0 | C104: 0 | D104: 0 | E104: 0 | F104: 0 | G104: 0 | H104: =SUM(B104:G104) -> 0
A105: ANA (ELISA) | B105: 0 | C105: 0 | D105: 0 | E105: 0 | F105: 0 | G105: 0 | H105: =SUM(B105:G105) -> 0
A106: HELICOBACTER PILORY IGM | B106: 0 | C106: 0 | D106: 0 | E106: 0 | F106: 0 | G106: 0 | H106: =SUM(B106:G106) -> 0
...

Sheet DIC
A4: Establecimiento de Salud informante: | B4: HOSPITAL REGIONAL DE LORETO | K4: Mes: | L4: DICIEMBRE
A6: Código Renipress: | B6: 3 | K6: Año: | L6: 2025
A9: PATOLOGÍA CLÍNICA | B9: TOTAL | J9: ANATOMÍA PATOLÓGICA | K9: TOTAL
B10: Hospitaliz | C10: Emergenc | D10: C. Externa | E10: Privado | F10: Convenio | G10: Insolvencia | H10: TOTAL | K10: Hospitaliz | L10: Emergenc | M10: C. Externa | N10: Privado | O10: Convenio | P10: Insolvencia | Q10: TOTAL
A11: TOTAL DE EXAMENES LABORATORIO | B11: =B12+B51+B69+B82+B95 -> 10855 | C11: =C12+C51+C69+C82+C95 -> 15931 | D11: =D12+D51+D69+D82+D95 -> 9794 | E11: =E12+E51+E69+E82+E95 -> 427 | F11: =F12+F51+F69+F82+F95 -> 222 | G11: =G12+G51+G69+G82+G95 -> 8 | H11: =SUM(B11:G11) -> 37237 | J11: TOTAL EXAMENES ANATOMIA PATOLOGICA | K11: =SUM(K12:K23) -> 970 | L11: =SUM(L12:L23) -> 0 | M11: =SUM(M12:M23) -> 1282 | N11: =SUM(N12:N23) -> 3 | O11: =SUM(O12:O23) -> 5 | P11: =SUM(P12:P23) -> 0 | Q11: =SUM(K11:P11) -> 2260
A12: TOTAL EXAMENES BIOQUÍMICOS | B12: =SUM(B13:B50) -> 7356 | C12: =SUM(C13:C50) -> 9572 | D12: =SUM(D13:D50) -> 6206 | E12: =SUM(E13:E50) -> 298 | F12: =SUM(F13:F50) -> 142 | G12: =SUM(G13:G50) -> 4 | H12: =SUM(B12:G12) -> 23578 | J12: TOTAL EXAMENES CITOLÓGICOS (PAP) | K12: 0 | L12: 0 | M12: 53 | N12: 1 | O12: 0 | P12: 0 | Q12: =SUM(K12:P12) -> 54
A13: ACIDO URICO | B13: 24 | C13: 1 | D13: 66 | E13: 1 | F13: 2 | G13: 0 | H13: =SUM(B13:G13) -> 94 | J13: TOTAL BAAF | K13: 0 | L13: 0 | M13: 10 | N13: 0 | O13: 0 | P13: 0 | Q13: =SUM(K13:P13) -> 10
A14: CALCIO | B14: 38 | C14: 5 | D14: 64 | E14: 0 | F14: 0 | G14: 0 | H14: =SUM(B14:G14) -> 107 | J14: TOTAL EXAMENES HISTOPATOLÓGICOS (Biopsia) | K14: 3 | L14: 0 | M14: 69 | N14: 2 | O14: 5 | P14: 0 | Q14: =SUM(K14:P14) -> 79
A15: AMILASA | B15: 41 | C15: 102 | D15: 10 | E15: 1 | F15: 0 | G15: 0 | H15: =SUM(B15:G15) -> 154 | J15: TOTAL PIEZA QUIRURGICA (HISTOLOGIA) | K15: 59 | L15: 0 | M15: 34 | N15: 0 | O15: 0 | P15: 0 | Q15: =SUM(K15:P15) -> 93
A16: GLUCOSA | B16: 738 | C16: 1559 | D16: 745 | E16: 62 | F16: 16 | G16: 1 | H16: =SUM(B16:G16) -> 3121 | J16: TOTAL CITOLOGIA ESPECIAL | K16: 8 | L16: 0 | M16: 0 | N16: 0 | O16: 0 | P16: 0 | Q16: =SUM(K16:P16) -> 8
A17: GLUCOSA POST PRANDIAL | B17: 0 | C17: 0 | D17: 6 | E17: 0 | F17: 1 | G17: 0 | H17: =SUM(B17:G17) -> 7 | J17: TOTAL DE TEJIDOS INCLUIDOS | K17: 300 | L17: 0 | M17: 362 | N17: 0 | O17: 0 | P17: 0 | Q17: =SUM(K17:P17) -> 662
A18: FOSFORO | B18: 29 | C18: 0 | D18: 15 | E18: 0 | F18: 0 | G18: 0 | H18: =SUM(B18:G18) -> 44 | J18: TOTAL DE CORTES DE TEJIDOS | K18: 300 | L18: 0 | M18: 365 | N18: 0 | O18: 0 | P18: 0 | Q18: =SUM(K18:P18) -> 665
A19: HEMOGLOBINA GLICOSILADA | B19: 0 | C19: 0 | D19: 0 | E19: 0 | F19: 0 | G19: 0 | H19: =SUM(B19:G19) -> 0 | J19: TOTAL DE LÁMINAS MONTADAS | K19: 300 | L19: 0 | M19: 365 | N19: 0 | O19: 0 | P19: 0 | Q19: =SUM(K19:P19) -> 665
A20: TOLERANCIA A LA GLUCOSA | B20: 7 | C20: 0 | D20: 30 | E20: 1 | F20: 0 | G20: 0 | H20: =SUM(B20:G20) -> 38 | J20: TOTAL DE HISTOQUIMICA | K20: 0 | L20: 0 | M20: 4 | N20: 0 | O20: 0 | P20: 0 | Q20: =SUM(K20:P20) -> 4
A21: CREATININA | B21: 851 | C21: 1635 | D21: 784 | E21: 58 | F21: 20 | G21: 1 | H21: =SUM(B21:G21) -> 3349 | J21: TOTAL DE INMUNOHISTOQUIMICA | K21: 0 | L21: 0 | M21: 20 | N21: 0 | O21: 0 | P21: 0 | Q21: =SUM(K21:P21) -> 20
A22: DEPURACION DE CREATININA | B22: 0 | C22: 0 | D22: 2 | E22: 0 | F22: 0 | G22: 0 | H22: =SUM(B22:G22) -> 2 | J22: TOTAL AUTOPSIA MÉDICO LEGAL | K22: 0 | L22: 0 | M22: 0 | N22: 0 | O22: 0 | P22: 0 | Q22: =SUM(K22:P22) -> 0
A23: MICROALBUMINURIA | B23: 1 | C23: 1 | D23: 2 | E23: 0 | F23: 0 | G23: 0 | H23: =SUM(B23:G23) -> 4 | J23: TOTAL AUTOPSIA CLÍNICA | K23: 0 | L23: 0 | M23: 0 | N23: 0 | O23: 0 | P23: 0 | Q23: =SUM(K23:P23) -> 0
A24: UREA | B24: 325 | C24: 413 | D24: 748 | E24: 20 | F24: 5 | G24: 1 | H24: =SUM(B24:G24) -> 1512
A25: PROTEINURIA 24 HORAS | B25: 21 | C25: 2 | D25: 30 | E25: 0 | F25: 0 | G25: 0 | H25: =SUM(B25:G25) -> 53
A26: BILIRRUBINA TOTAL | B26: 650 | C26: 618 | D26: 356 | E26: 9 | F26: 8 | G26: 0 | H26: =SUM(B26:G26) -> 1641 | J26: PROGRAMAS / METAXENICAS | K26: TOTAL
A27: BILIRRUBINA DIRECTA | B27: 650 | C27: 618 | D27: 356 | E27: 11 | F27: 8 | G27: 0 | H27: =SUM(B27:G27) -> 1643 | K27: Hospitaliz | L27: Emergenc | M27: Programa | N27: Privado | O27: Convenio | P27: Insolvencia | Q27: TOTAL
A28: PROTEINAS TOTAL | B28: 570 | C28: 632 | D28: 409 | E28: 12 | F28: 8 | G28: 0 | H28: =SUM(B28:G28) -> 1631 | J28: TOTAL DE EXAMENES | K28: =SUM(K29:K37) -> 47 | L28: =SUM(L29:L37) -> 222 | M28: =SUM(M29:M37) -> 151 | N28: =SUM(N29:N37) -> 0 | O28: =SUM(O29:O37) -> 0 | P28: =SUM(P29:P37) -> 0 | Q28: =SUM(K28:P28) -> 420
A29: ALBUMINA | B29: 577 | C29: 632 | D29: 405 | E29: 7 | F29: 8 | G29: 0 | H29: =SUM(B29:G29) -> 1629 | J29: TUBERCULOSIS | K29: 15 | L29: 0 | M29: 74 | N29: 0 | O29: 0 | P29: 0 | Q29: =SUM(K29:P29) -> 89
A30: TGO | B30: 560 | C30: 661 | D30: 506 | E30: 23 | F30: 13 | G30: 0 | H30: =SUM(B30:G30) -> 1763 | J30: LEISHMANIA | K30: 0 | L30: 0 | M30: 0 | N30: 0 | O30: 0 | P30: 0 | Q30: =SUM(K30:P30) -> 0
A31: TGP | B31: 560 | C31: 661 | D31: 506 | E31: 23 | F31: 13 | G31: 0 | H31: =SUM(B31:G31) -> 1763 | J31: PROGRAMA LEPRAE | K31: 0 | L31: 0 | M31: 12 | N31: 0 | O31: 0 | P31: 0 | Q31: =SUM(K31:P31) -> 12
A32: GGTP | B32: 82 | C32: 0 | D32: 1 | E32: 0 | F32: 0 | G32: 0 | H32: =SUM(B32:G32) -> 83 | J32: MALARIA | K32: 32 | L32: 185 | M32: 4 | N32: 0 | O32: 0 | P32: 0 | Q32: =SUM(K32:P32) -> 221
A33: LACTATO DESHIDROGENASA (DHL) | B33: 153 | C33: 130 | D33: 59 | E33: 0 | F33: 0 | G33: 0 | H33: =SUM(B33:G33) -> 342 | J33: METAXENICAS (REFERENCIAL) | K33: 0 | L33: 0 | M33: 40 | N33: 0 | O33: 0 | P33: 0 | Q33: =SUM(K33:P33) -> 40
A34: PROTEINA C REACTIVA (CUANTITATIVO) | B34: 0 | C34: 73 | D34: 0 | E34: 0 | F34: 0 | G34: 1 | H34: =SUM(B34:G34) -> 74 | J34: CULTIVO DE TB (REFERENCIAL) | K34: 0 | L34: 0 | M34: 17 | N34: 0 | O34: 0 | P34: 0 | Q34: =SUM(K34:P34) -> 17
A35: FOSFATASA ALCALINA | B35: 466 | C35: 487 | D35: 320 | E35: 17 | F35: 8 | G35: 0 | H35: =SUM(B35:G35) -> 1298 | J35: PRUEBA RAPIDA DE DENGUE | K35: 0 | L35: 16 | M35: 0 | N35: 0 | O35: 0 | P35: 0 | Q35: =SUM(K35:P35) -> 16
A36: CPK TOTAL | B36: 0 | C36: 0 | D36: 0 | E36: 0 | F36: 0 | G36: 0 | H36: =SUM(B36:G36) -> 0 | J36: PRUEBA RAPIDA DE LEPTOSPIRA | K36: 0 | L36: 21 | M36: 4 | N36: 0 | O36: 0 | P36: 0 | Q36: =SUM(K36:P36) -> 25
A37: CPK MB | B37: 14 | C37: 15 | D37: 0 | E37: 1 | F37: 0 | G37: 0 | H37: =SUM(B37:G37) -> 30 | J37: PRUEBA RAPIDA DE COVID | K37: 0 | L37: 0 | M37: 0 | N37: 0 | O37: 0 | P37: 0 | Q37: =SUM(K37:P37) -> 0
A38: COLESTEROL | B38: 112 | C38: 54 | D38: 256 | E38: 14 | F38: 8 | G38: 0 | H38: =SUM(B38:G38) -> 444
A39: TRIGLICERIDOS | B39: 111 | C39: 55 | D39: 255 | E39: 13 | F39: 8 | G39: 0 | H39: =SUM(B39:G39) -> 442 | J39: BANCO DE SANGRE | K39: TOTAL
A40: HDLc | B40: 0 | C40: 0 | D40: 0 | E40: 0 | F40: 7 | G40: 0 | H40: =SUM(B40:G40) -> 7 | K40: Hospitaliz | L40: Emergenc | M40: C. Externa | N40: Privado | O40: Convenio | P40: Insolvencia | Q40: TOTAL
A41: LDLc | B41: 75 | C41: 48 | D41: 191 | E41: 5 | F41: 7 | G41: 0 | H41: =SUM(B41:G41) -> 326 | J41: TOTAL DE UNIDADES ENTREGADAS | K41: =SUM(K42:K49) -> 769 | L41: =SUM(L42:L49) -> 261 | M41: =SUM(M42:M49) -> 0 | N41: =SUM(N42:N49) -> 3 | O41: =SUM(O42:O49) -> 0 | P41: =SUM(P42:P49) -> 0 | Q41: =SUM(K41:P41) -> 1033
A42: ASO | B42: 2 | C42: 1 | D42: 3 | E42: 1 | F42: 0 | G42: 0 | H42: =SUM(B42:G42) -> 7 | J42: SANGRE TOTAL | K42: 0 | L42: 0 | M42: 0 | N42: 0 | O42: 0 | P42: 0 | Q42: =SUM(K42:P42) -> 0
A43: FACTOR REUMATOIDEO | B43: 0 | C43: 0 | D43: 0 | E43: 0 | F43: 0 | G43: 0 | H43: =SUM(B43:G43) -> 0 | J43: GLOBULOS ROJOS | K43: 186 | L43: 76 | M43: 0 | N43: 1 | O43: 0 | P43: 0 | Q43: =SUM(K43:P43) -> 263
A44: HIERRO | B44: 16 | C44: 0 | D44: 6 | E44: 0 | F44: 0 | G44: 0 | H44: =SUM(B44:G44) -> 22 | J44: PLASMA FRESCO CONGELADO | K44: 42 | L44: 1 | M44: 0 | N44: 0 | O44: 0 | P44: 0 | Q44: =SUM(K44:P44) -> 43
A45: LIPASA | B45: 0 | C45: 56 | D45: 0 | E45: 0 | F45: 0 | G45: 0 | H45: =SUM(B45:G45) -> 56 | J45: CRIOPRECIPITADO | K45: 32 | L45: 0 | M45: 0 | N45: 0 | O45: 0 | P45: 0 | Q45: =SUM(K45:P45) -> 32
A46: TRANSFERRINA | B46: 15 | C46: 0 | D46: 4 | E46: 0 | F46: 0 | G46: 0 | H46: =SUM(B46:G46) -> 19 | J46: PLAQUETAS | K46: 13 | L46: 9 | M46: 0 | N46: 0 | O46: 0 | P46: 0 | Q46: =SUM(K46:P46) -> 22
A47: COMPLEMENTO C3 | B47: 22 | C47: 1 | D47: 16 | E47: 0 | F47: 0 | G47: 0 | H47: =SUM(B47:G47) -> 39 | J47: GRUPO SANGUINEO ABO EN GEL | K47: 174 | L47: 85 | M47: 0 | N47: 1 | O47: 0 | P47: 0 | Q47: =SUM(K47:P47) -> 260
A48: COMPLEMENTO C4 | B48: 22 | C48: 1 | D48: 16 | E48: 0 | F48: 0 | G48: 0 | H48: =SUM(B48:G48) -> 39 | J48: PRUEBA CRUZADA MAYOR | K48: 76 | L48: 84 | M48: 0 | N48: 1 | O48: 0 | P48: 0 | Q48: =SUM(K48:P48) -> 161
A49: GASES ARTERIALES | B49: 0 | C49: 351 | D49: 0 | E49: 0 | F49: 0 | G49: 0 | H49: =SUM(B49:G49) -> 351 | J49: PRUEBA CRUZADA MENOR | K49: 246 | L49: 6 | M49: 0 | N49: 0 | O49: 0 | P49: 0 | Q49: =SUM(K49:P49) -> 252
A50: ELECTROLITOS | B50: 624 | C50: 760 | D50: 39 | E50: 19 | F50: 2 | G50: 0 | H50: =SUM(B50:G50) -> 1444
A51: TOTAL EXAMENES HEMATOLÓGICOS -HEMOSTASICOS | B51: =SUM(B52:B68) -> 2171 | C51: =SUM(C52:C68) -> 5200 | D51: =SUM(D52:D68) -> 2005 | E51: =SUM(E52:E68) -> 80 | F51: =SUM(F52:F68) -> 52 | G51: =SUM(G52:G68) -> 4 | H51: =SUM(B51:G51) -> 9512
A52: HEMATOCRITO | B52: 327 | C52: 123 | D52: 22 | E52: 0 | F52: 2 | G52: 0 | H52: =SUM(B52:G52) -> 474 | J52: TOTAL DE ATENCIONES EN EL DEPARTAMENTO DE PATOLOGIA CLÍNICA Y ANATOMIA PATOLOGICA
A53: HEMOGLOBINA | B53: 0 | C53: 0 | D53: 2 | E53: 0 | F53: 4 | G53: 0 | H53: =SUM(B53:G53) -> 6 | J53: PROGRAMAS DE SALUD OPORTUNOS PARA LA POBLACION | Q53: TOTAL
A54: HEMOGRAMA AUTOMATIZADO | B54: 687 | C54: 2280 | D54: 881 | E54: 22 | F54: 18 | G54: 2 | H54: =SUM(B54:G54) -> 3890 | J54: PROGRAMACION, SEGUIMIENTO Y EVALUACION DE ACTIVIDADES | Q54: 4
A55: PLAQUETAS | B55: 2 | C55: 5 | D55: 1 | E55: 0 | F55: 0 | G55: 0 | H55: =SUM(B55:G55) -> 8 | J55: EXAMEN DE PROCEDIMIENTO BIOQUÍMICO | Q55: =(H12) -> 23578
A56: T COAGULACIÓN & T SANGRÍA | B56: 72 | C56: 794 | D56: 271 | E56: 19 | F56: 10 | G56: 1 | H56: =SUM(B56:G56) -> 1167 | J56: EXAMEN DE PROCEDIMIENTO HEMATOLÓGICO - HEMOSTASICOS | Q56: =(H51) -> 9512
A57: VELOCIDAD DE SEDIMENTACIÓN GLOBULAR | B57: 86 | C57: 7 | D57: 27 | E57: 1 | F57: 0 | G57: 0 | H57: =SUM(B57:G57) -> 121 | J57: EXAMEN DE PROCEDIMIENTOS MICROBIOLÓGICOS | Q57: =(H69) -> 754
A58: TEST COOMBS DIRECTO | B58: 4 | C58: 1 | D58: 7 | E58: 0 | F58: 0 | G58: 0 | H58: =SUM(B58:G58) -> 12 | J58: EXAMEN DE PROCEDIMIENTOS UROPARASITOLÓGICOS | Q58: =H82 -> 1399
A59: TEST DE COOMBS INDIRECTO | B59: 0 | C59: 0 | D59: 0 | E59: 0 | F59: 0 | G59: 0 | H59: =SUM(B59:G59) -> 0 | J59: EXAMEN DE PROCEDIMIENTOS INMUNOLÓGICOS | Q59: =H95 -> 1994
A60: GRUPO SANGUINEO Y FACTOR RH | B60: 187 | C60: 760 | D60: 163 | E60: 13 | F60: 10 | G60: 1 | H60: =SUM(B60:G60) -> 1134 | J60: EXAMEN DE PROCEDIMIENTO ANATOMO PATOLÓGICO | Q60: =Q11 -> 2260
A61: LAMINA PERIFERICA | B61: 5 | C61: 0 | D61: 8 | E61: 0 | F61: 0 | G61: 0 | H61: =SUM(B61:G61) -> 13 | J61: EXAMEN DE PROGRAMAS | Q61: =Q28 -> 420
A62: CONSTANTES CORPUSCULARES | B62: 0 | C62: 0 | D62: 0 | E62: 0 | F62: 0 | G62: 0 | H62: =SUM(B62:G62) -> 0 | J62: UNIDADES DE BANCO DE SANGRE | Q62: =Q41 -> 1033
A63: RETICULOCITOS | B63: 0 | C63: 0 | D63: 0 | E63: 0 | F63: 0 | G63: 0 | H63: =SUM(B63:G63) -> 0 | P63: TOTAL | Q63: =SUM(Q54:Q62) -> 40954
A64: TIEMPO DE TROMBOPLASTINA | B64: 121 | C64: 161 | D64: 25 | E64: 0 | F64: 0 | G64: 0 | H64: =SUM(B64:G64) -> 307
A65: TIEMPO DE PROTROMBINA | B65: 328 | C65: 511 | D65: 296 | E65: 16 | F65: 4 | G65: 0 | H65: =SUM(B65:G65) -> 1155
A66: INR | B66: 328 | C66: 511 | D66: 296 | E66: 8 | F66: 4 | G66: 0 | H66: =SUM(B66:G66) -> 1147
A67: FIBRINOGENO | B67: 24 | C67: 47 | D67: 6 | E67: 1 | F67: 0 | G67: 0 | H67: =SUM(B67:G67) -> 78
A68: DIMERO D | B68: 0 | C68: 0 | D68: 0 | E68: 0 | F68: 0 | G68: 0 | H68: =SUM(B68:G68) -> 0
A69: TOTAL EXAMENES MICROBIOLOGIA | B69: =SUM(B70:B81) -> 570 | C69: =SUM(C70:C81) -> 45 | D69: =SUM(D70:D81) -> 131 | E69: =SUM(E70:E81) -> 8 | F69: =SUM(F70:F81) -> 0 | G69: =SUM(G70:G81) -> 0 | H69: =SUM(B69:G69) -> 754
A70: UROCULTIVO | B70: 96 | C70: 10 | D70: 98 | E70: 0 | F70: 0 | G70: 0 | H70: =SUM(B70:G70) -> 204
A71: HEMOCULTIVO | B71: 217 | C71: 25 | D71: 9 | E71: 0 | F71: 0 | G71: 0 | H71: =SUM(B71:G71) -> 251
A72: CULTIVO DE CATETER | B72: 10 | C72: 0 | D72: 0 | E72: 0 | F72: 0 | G72: 0 | H72: =SUM(B72:G72) -> 10
A73: CULTIVO DE SECRECION | B73: 74 | C73: 3 | D73: 7 | E73: 8 | F73: 0 | G73: 0 | H73: =SUM(B73:G73) -> 92
A74: CITOQUIMICO | B74: 24 | C74: 1 | D74: 0 | E74: 0 | F74: 0 | G74: 0 | H74: =SUM(B74:G74) -> 25
A75: COPROCULTIVO | B75: 9 | C75: 2 | D75: 2 | E75: 0 | F75: 0 | G75: 0 | H75: =SUM(B75:G75) -> 13
A76: COLORACIÓN GRAM (Secrec.Vaginal y Otros) | B76: 42 | C76: 2 | D76: 5 | E76: 0 | F76: 0 | G76: 0 | H76: =SUM(B76:G76) -> 49
A77: KOH -HONGOS | B77: 10 | C77: 0 | D77: 5 | E77: 0 | F77: 0 | G77: 0 | H77: =SUM(B77:G77) -> 15
A78: CULTIVO DE HONGOS | B78: 33 | C78: 0 | D78: 5 | E78: 0 | F78: 0 | G78: 0 | H78: =SUM(B78:G78) -> 38
A79: TINTA CHINA | B79: 8 | C79: 0 | D79: 0 | E79: 0 | F79: 0 | G79: 0 | H79: =SUM(B79:G79) -> 8
A80: PH LÍQUIDOS CORPORALES | B80: 23 | C80: 1 | D80: 0 | E80: 0 | F80: 0 | G80: 0 | H80: =SUM(B80:G80) -> 24
A81: BACILOSCOPIA DE LÍQUIDOS CORPORALES | B81: 24 | C81: 1 | D81: 0 | E81: 0 | F81: 0 | G81: 0 | H81: =SUM(B81:G81) -> 25
A82: TOTAL EXAMENES URO -PARASITOLÓGICOS | B82: =SUM(B83:B92) -> 215 | C82: =SUM(C83:C92) -> 663 | D82: =SUM(D83:D92) -> 492 | E82: =SUM(E83:E92) -> 29 | F82: =SUM(F83:F92) -> 0 | G82: =SUM(G83:G92) -> 0 | H82: =SUM(B82:G82) -> 1399
A83: HECES SERIADO | B83: 17 | C83: 0 | D83: 32 | E83: 0 | F83: 0 | G83: 0 | H83: =SUM(B83:G83) -> 49
A84: COPROPARASITOLOGICO FUNCIONAL | B84: 16 | C84: 0 | D84: 29 | E84: 0 | F84: 0 | G84: 0 | H84: =SUM(B84:G84) -> 45
A85: RX INFLAMATORIA | B85: 5 | C85: 40 | D85: 2 | E85: 0 | F85: 0 | G85: 0 | H85: =SUM(B85:G85) -> 47
A86: THEVENON HECES | B86: 20 | C86: 0 | D86: 83 | E86: 2 | F86: 0 | G86: 0 | H86: =SUM(B86:G86) -> 105
A87: SUDAN | B87: 0 | C87: 0 | D87: 1 | E87: 0 | F87: 0 | G87: 0 | H87: =SUM(B87:G87) -> 1
A88: BENEDICT | B88: 0 | C88: 0 | D88: 0 | E88: 0 | F88: 0 | G88: 0 | H88: =SUM(B88:G88) -> 0
A89: EXÁMEN COMPLETO DE ORINA | B89: 145 | C89: 619 | D89: 289 | E89: 23 | F89: 0 | G89: 0 | H89: =SUM(B89:G89) -> 1076
A90: TEST GRAHAM | B90: 0 | C90: 0 | D90: 0 | E90: 0 | F90: 0 | G90: 0 | H90: =SUM(B90:G90) -> 0
A91: METODO DE CONCENTRACIÓN (BAERMANN) | B91: 1 | C91: 0 | D91: 1 | E91: 0 | F91: 0 | G91: 0 | H91: =SUM(B91:G91) -> 2
A92: EXAMEN DIRECTO DE HECES | B92: 11 | C92: 4 | D92: 55 | E92: 4 | F92: 0 | G92: 0 | H92: =SUM(B92:G92) -> 74
A93: ANTIGENO H. PYLORI EN HECES | B93: 0 | C93: 0 | D93: 0 | E93: 0 | F93: 0 | G93: 0 | H93: =SUM(B93:G93) -> 0
A94: ADENOVIRUS & ROTAVIRUS | B94: 4 | C94: 0 | D94: 1 | E94: 0 | F94: 0 | G94: 0 | H94: =SUM(B94:G94) -> 5
A95: TOTAL EXAMENES INMUNO SEROLÓGICOS | B95: =SUM(B96:B155) -> 543 | C95: =SUM(C96:C155) -> 451 | D95: =SUM(D96:D155) -> 960 | E95: =SUM(E96:E155) -> 12 | F95: =SUM(F96:F155) -> 28 | G95: =SUM(G96:G155) -> 0 | H95: =SUM(B95:G95) -> 1994
A96: RPR | B96: 0 | C96: 0 | D96: 0 | E96: 0 | F96: 0 | G96: 0 | H96: =SUM(B96:G96) -> 0
A97: VDRL | B97: 0 | C97: 0 | D97: 0 | E97: 0 | F97: 0 | G97: 0 | H97: =SUM(B97:G97) -> 0
A98: AGLUTINACIONES | B98: 2 | C98: 0 | D98: 1 | E98: 0 | F98: 0 | G98: 0 | H98: =SUM(B98:G98) -> 3
A99: ROSA DE BENGALA | B99: 0 | C99: 0 | D99: 0 | E99: 0 | F99: 0 | G99: 0 | H99: =SUM(B99:G99) -> 0
A100: ANTI MIELOPEROXIDASA (MPO) | B100: 0 | C100: 0 | D100: 0 | E100: 0 | F100: 0 | G100: 0 | H100: =SUM(B100:G100) -> 0
A101: ANTI PROTEINASA 3 (PR3) | B101: 0 | C101: 0 | D101: 0 | E101: 0 | F101: 0 | G101: 0 | H101: =SUM(B101:G101) -> 0
A102: ANTI CARDIOLIPINA | B102: 0 | C102: 0 | D102: 0 | E102: 0 | F102: 0 | G102: 0 | H102: =SUM(B102:G102) -> 0
A103: ANTI B2-GLICOPROTEINA | B103: 0 | C103: 0 | D103: 0 | E103: 0 | F103: 0 | G103: 0 | H103: =SUM(B103:G103) -> 0
A104: ANTI M2-3E (AMA) | B104: 0 | C104: 0 | D104: 0 | E104: 0 | F104: 0 | G104: 0 | H104: =SUM(B104:G104) -> 0
A105: ANA (ELISA) | B105: 0 | C105: 0 | D105: 0 | E105: 0 | F105: 0 | G105: 0 | H105: =SUM(B105:G105) -> 0
A106: HELICOBACTER PILORY IGM | B106: 0 | C106: 0 | D106: 0 | E106: 0 | F106: 0 | G106: 0 | H106: =SUM(B106:G106) -> 0
...

Sheet CONSOLIDADO
A4: Establecimiento de Salud informante: | B4: HOSPITAL REGIONAL DE LORETO | K4: Mes: | L4: ENERO A DICIEMBRE
A6: Código Renipress: | B6: 3 | K6: Año: | L6: 2025
A9: PATOLOGÍA CLÍNICA | B9: TOTAL | J9: ANATOMÍA PATOLÓGICA | K9: TOTAL
B10: Hospitaliz | C10: Emergenc | D10: C. Externa | E10: Privado | F10: Convenio | G10: Insolvencia | H10: TOTAL | K10: Hospitaliz | L10: Emergenc | M10: C. Externa | N10: Privado | O10: Convenio | P10: Insolvencia | Q10: TOTAL
A11: TOTAL DE EXAMENES LABORATORIO | B11: =B12+B51+B69+B82+B95 -> 159237 | C11: =C12+C51+C69+C82+C95 -> 218548 | D11: =D12+D51+D69+D82+D95 -> 169246 | E11: =E12+E51+E69+E82+E95 -> 9130 | F11: =F12+F51+F69+F82+F95 -> 5122 | G11: =G12+G51+G69+G82+G95 -> 514 | H11: =SUM(B11:G11) -> 561797 | J11: TOTAL EXAMENES ANATOMIA PATOLOGICA | K11: =SUM(K12:K23) -> 9849 | L11: =SUM(L12:L23) -> 1 | M11: =SUM(M12:M23) -> 12799 | N11: =SUM(N12:N23) -> 63 | O11: =SUM(O12:O23) -> 35 | P11: =SUM(P12:P23) -> 42 | Q11: =SUM(K11:P11) -> 22789
A12: TOTAL EXAMENES BIOQUÍMICOS | B12: =SUM(B13:B50) -> 101394 | C12: =SUM(C13:C50) -> 136971 | D12: =SUM(D13:D50) -> 99661 | E12: =SUM(E13:E50) -> 5702 | F12: =SUM(F13:F50) -> 3307 | G12: =SUM(G13:G50) -> 352 | H12: =SUM(B12:G12) -> 347387 | J12: TOTAL EXAMENES CITOLÓGICOS (PAP) | K12: =SUM(ENERO!K12+FEBRERO!K12+MARZO!K12+ABRIL!K12+MAYO!K12+JUN!K12+JUL!K12+AGO!K12+SET!K12+OCT!K12+NOV!K12+DIC!K12) -> 2 | L12: =SUM(ENERO!L12+FEBRERO!L12+MARZO!L12+ABRIL!L12+MAYO!L12+JUN!L12+JUL!L12+AGO!L12+SET!L12+OCT!L12+NOV!L12+DIC!L12) -> 0 | M12: =SUM(ENERO!M12+FEBRERO!M12+MARZO!M12+ABRIL!M12+MAYO!M12+JUN!M12+JUL!M12+AGO!M12+SET!M12+OCT!M12+NOV!M12+DIC!M12) -> 437 | N12: =SUM(ENERO!N12+FEBRERO!N12+MARZO!N12+ABRIL!N12+MAYO!N12+JUN!N12+JUL!N12+AGO!N12+SET!N12+OCT!N12+NOV!N12+DIC!N12) -> 40 | O12: =SUM(ENERO!O12+FEBRERO!O12+MARZO!O12+ABRIL!O12+MAYO!O12+JUN!O12+JUL!O12+AGO!O12+SET!O12+OCT!O12+NOV!O12+DIC!O12) -> 0 | P12: =SUM(ENERO!P12+FEBRERO!P12+MARZO!P12+ABRIL!P12+MAYO!P12+JUN!P12+JUL!P12+AGO!P12+SET!P12+OCT!P12+NOV!P12+DIC!P12) -> 42 | Q12: =SUM(K12:P12) -> 521
A13: ACIDO URICO | B13: =SUM(ENERO!B13+FEBRERO!B13+MARZO!B13+ABRIL!B13+MAYO!B13+JUN!B13+JUL!B13+AGO!B13+SET!B13+OCT!B13+NOV!B13+DIC!B13) -> 334 | C13: =SUM(ENERO!C13+FEBRERO!C13+MARZO!C13+ABRIL!C13+MAYO!C13+JUN!C13+JUL!C13+AGO!C13+SET!C13+OCT!C13+NOV!C13+DIC!C13) -> 38 | D13: =SUM(ENERO!D13+FEBRERO!D13+MARZO!D13+ABRIL!D13+MAYO!D13+JUN!D13+JUL!D13+AGO!D13+SET!D13+OCT!D13+NOV!D13+DIC!D13) -> 822 | E13: =SUM(ENERO!E13+FEBRERO!E13+MARZO!E13+ABRIL!E13+MAYO!E13+JUN!E13+JUL!E13+AGO!E13+SET!E13+OCT!E13+NOV!E13+DIC!E13) -> 33 | F13: =SUM(ENERO!F13+FEBRERO!F13+MARZO!F13+ABRIL!F13+MAYO!F13+JUN!F13+JUL!F13+AGO!F13+SET!F13+OCT!F13+NOV!F13+DIC!F13) -> 45 | G13: =SUM(ENERO!G13+FEBRERO!G13+MARZO!G13+ABRIL!G13+MAYO!G13+JUN!G13+JUL!G13+AGO!G13+SET!G13+OCT!G13+NOV!G13+DIC!G13) -> 9 | H13: =SUM(B13:G13) -> 1281 | J13: TOTAL BAAF | K13: =SUM(ENERO!K13+FEBRERO!K13+MARZO!K13+ABRIL!K13+MAYO!K13+JUN!K13+JUL!K13+AGO!K13+SET!K13+OCT!K13+NOV!K13+DIC!K13) -> 4 | L13: =SUM(ENERO!L13+FEBRERO!L13+MARZO!L13+ABRIL!L13+MAYO!L13+JUN!L13+JUL!L13+AGO!L13+SET!L13+OCT!L13+NOV!L13+DIC!L13) -> 0 | M13: =SUM(ENERO!M13+FEBRERO!M13+MARZO!M13+ABRIL!M13+MAYO!M13+JUN!M13+JUL!M13+AGO!M13+SET!M13+OCT!M13+NOV!M13+DIC!M13) -> 64 | N13: =SUM(ENERO!N13+FEBRERO!N13+MARZO!N13+ABRIL!N13+MAYO!N13+JUN!N13+JUL!N13+AGO!N13+SET!N13+OCT!N13+NOV!N13+DIC!N13) -> 0 | O13: =SUM(ENERO!O13+FEBRERO!O13+MARZO!O13+ABRIL!O13+MAYO!O13+JUN!O13+JUL!O13+AGO!O13+SET!O13+OCT!O13+NOV!O13+DIC!O13) -> 0 | P13: =SUM(ENERO!P13+FEBRERO!P13+MARZO!P13+ABRIL!P13+MAYO!P13+JUN!P13+JUL!P13+AGO!P13+SET!P13+OCT!P13+NOV!P13+DIC!P13) -> 0 | Q13: =SUM(K13:P13) -> 68
